token,network,pool_address,dex_id,pool_name,reserve_usd,volume_h24,tx_buys,tx_sells,tx_buyers,tx_sellers,price_change_h24,rank
BSB,eth,0x2e0822dddc839e6b5c2d4e4a80d73f68931b306795a13d8452681c5e317018d0,uniswap-v4-ethereum,BSB / USDT 5%,2125.947,6015.2721666618,33,93,7,92,30.77,1
BSB,eth,0x3674f9697a6a404e4a1e71bbfe08276cf820227df25fa8d4616ed87a629c8672,uniswap-v4-ethereum,BSB / USDT 5.5%,1987.9291,3378.4144818541,35,29,9,29,40.51,2
BSB,eth,0x1d4a15e721a3e255642eefb964eddedd457c28f5818dfaef0512d43df0306a68,uniswap-v4-ethereum,BSB / USDT 5%,9148.193,208.0369592906,0,5,0,5,-1.36,3
BSB,eth,0x6c171aec164d9ae1c365b99e62eac15c2e067c618fc1c073f090d16b5ce840e8,uniswap-v4-ethereum,BSB / USDT 2.889%,1020.302,1677.188694202,12,79,5,77,-11.78,4
BSB,eth,0xc20d498307342ad451b7feb3f3045426f95ccaee4f898a15c4503506d7c314be,uniswap-v4-ethereum,BSB / USDT 5.254%,2387.2376,216.8222958355,0,11,0,11,-10.22,5
BSB,eth,0x87cce02bf31aba171a38abb39ad60b066c470a52c31cdef63efbd4e4bfe081b2,uniswap-v4-ethereum,BSB / USDT 48.999%,5228.1639,57.9444501292,6,2,6,2,4.62,6
BSB,eth,0xdd026ad1519c3c0ee20f77ee760d952e3a7ddc547ef9e8a230d794e17a47563a,uniswap-v4-ethereum,BSB / USDT 2.889%,174.9696,491.7695810852,0,28,0,28,-8,7
BSB,eth,0x3178deb9f8e8fdbff3eb52b91a5670d9d15fac86a27a9d3044fcb48fbfc7ec22,uniswap-v4-ethereum,BSB / USDT 3.001%,20.3069,1136.0029222929,13,42,5,40,-5.48,8
BSB,eth,0x676861f64373adbac513ae9d10b7375e9d884c3627d958b5d25c3d73b43625b7,uniswap-v4-ethereum,BSB / USDT 7.9%,21.4694,246.2902281417,1,4,1,4,0.91,9
BSB,eth,0x37041e7df420455142a471d1bb9d6cca9da0cf987919facf234139105382f0cc,uniswap-v4-ethereum,BSB / USDT 8%,11.3245,135.5654926197,0,12,0,12,-1.32,10
BSB,eth,0x7f6af929e289be6dca7fed0e98a568e9ba05a1184c6b82364d2c75c90187cfe1,uniswap-v4-ethereum,USDT / BSB 4.99%,8330.054,0,0,0,0,0,0,11
BSB,eth,0xc9a17ce71b9250f11a1c8d4cbca38dd7a1949aff9ef9058c1570a8bb6bd46a32,uniswap-v4-ethereum,USDC / BSB 88%,6681.5797,0,0,0,0,0,0,12
BSB,eth,0xb7e66f38bcfde5a26a98466ed0ab46121dfcb7963b96601d5832d101edfec328,uniswap-v4-ethereum,USDT / BSB 4%,5932.1825,0,0,0,0,0,0,13
BSB,eth,0xfa41755c7057a4176fe702afb5e19f330aabfe7a8e6a8411912c9e6aa268ace8,uniswap-v4-ethereum,USDC / BSB 85%,2031.6656,0,0,0,0,0,0,14
BSB,eth,0x625ed6f90712a6f5a3dfe409337dbaecdfe36cc6147a49c824303fd9e931e181,uniswap-v4-ethereum,BSB / USDC 99.01%,1814.8465,0,0,0,0,0,0,15
BSB,eth,0xb82cf4f8ef2d20e55a60ab01e3ceed2ab6a5a496021c1e6b20ce0e98327c0494,uniswap-v4-ethereum,BSB / USDT 9%,1785.9247,0,0,0,0,0,0,16
BSB,eth,0x6c2c70b7f8a20ed544dcea1400f8d11526aa667c2ffbeec79f2c331a66b22558,uniswap-v4-ethereum,BSB / USDC 99.98%,568.8076,0,0,0,0,0,0,17
BSB,eth,0xc7c385760d0306386e3ea24552096e4592ae8d1550bf50093b39299da165379c,uniswap-v4-ethereum,BSB / USDC 99.821%,467.2511,0,0,0,0,0,0,18
BSB,eth,0x2a0a6b45c7f87255f590ffaf3485252e98eacf0b72144ad8f52b1e4dabab8c8d,uniswap-v4-ethereum,BSB / USDC 88.8%,450.8128,0,0,0,0,0,0,19
BSB,eth,0x358eaf2d98fec433e1b5ddae23ab61a40250339df19d2c31adb0df337afab583,uniswap-v4-ethereum,BSB / USDT 1.35%,418.8293,0,0,0,0,0,0,20
LAB,bsc,0xd9434e63fe78a6e77dafe2abc504121bf8500822f6d3a59eccba577cf0a070f2,pancakeswap-infinity-clmm,LAB / USDT 0.007%,3259298.1082,62899368.7428802,41403,42919,1858,1883,22.85,1
LAB,bsc,0x085f29091ee8a818ede960a89bd578fe4ac8e824,uniswap-bsc,LAB / USDT 0.3%,108967.6869,10397135.3687132,37631,39362,2124,2350,20.43,2
LAB,bsc,0xc7e3ca54c37f9fc884b588f395e6b60666308f28,uniswap-bsc,LAB / USDT 1%,62782.0728,2029130.71797275,9177,8788,789,848,20.15,3
LAB,bsc,0xb0656562dc43e4120c75f388d4559776f1ef18b21ff724c083fb0c0239f62041,uniswap-v4-bsc,LAB / USDT 0.95%,137246.4235,480811.605436023,8020,7901,700,656,20.68,4
LAB,bsc,0xc71f19d66de86b7c853cc955a5daf8641b1166799ab4714c6cde66f28cdbc07f,uniswap-v4-bsc,LAB / USDT 2.5%,152662.2403,41255.6841197196,1206,1124,320,331,15.31,5
LAB,bsc,0x7d7106e0bd3ee6d85e88dabf8721175731cd37f2,pancakeswap-v3-bsc,LAB / USDT 0.25%,3809.515,1037072.48433028,21758,21807,1402,1520,15.74,6
LAB,bsc,0x1f4698b6829647d933798204a578d7f459e20375dbdee4c76ee5f1e493caa0ca,uniswap-v4-bsc,LAB / USDT 0.922%,106443.1231,1462.0294297479,467,443,185,172,17.56,7
LAB,bsc,0x351ebc466921d30182e7a6d5a350fa1c60bf3ef7532c16817d7989a06ef77d2d,uniswap-v4-bsc,LAB / USDT 0.48%,1471.022,64545.9365790135,2824,2544,546,594,-3,8
LAB,bsc,0x3b16587b91b165e1baa546f1451b126c7b795c6428f1253968653497c4566e28,uniswap-v4-bsc,LAB / USDT 0.255%,380.2172,147696.982092845,835,1124,231,244,2.04,9
LAB,bsc,0x2a07eeb47234e0a96f427264c61433b7af21b08a,uniswap-bsc,BSB / LAB 1%,1941.5755,7861.6242195678,1421,1401,488,482,27.82,10
LAB,bsc,0xfa5972e7aaddf06de3361e35ebd73ecf338a73d6457871c97d1812f9ce0ed99b,uniswap-v4-bsc,LAB / USDT 0.387%,205.8593,51789.4798869606,565,532,143,128,2.42,11
LAB,bsc,0x2f62969a74159bfc9365d8cd29ae8f6d15582204,pancakeswap-v3-bsc,LAB / USDT 0.01%,298573.8919,30.5683310419,173,157,98,78,16.81,12
LAB,bsc,0x3679fcb44596729a9bd52f4f3e6f735020a7a346,pancakeswap-v3-bsc,LAB / WBNB 1%,778.0771,5284.2208560429,1174,1079,414,397,22.2,13
LAB,bsc,0xd67e5e77c7dfecb7b1af3235e8f01499a362f87ff27b432e5f7c31a91fa4ca83,uniswap-v4-bsc,LAB / USDT 2.498%,519.9299,7490.7817284471,590,467,212,176,98.56,14
LAB,bsc,0x8973fa37951292753fcaae87dab8112642c46bb33a39090dcb48808cde7c5fcc,pancakeswap-infinity-clmm,LAB / BNB 0.336%,156.6266,16498.5054833208,1001,878,224,204,49.81,15
LAB,bsc,0x745a2ba5dd0a8fac2965e64bcdcaa05433e028df8dbead87b37cd3ba1d680a0b,uniswap-v4-bsc,LAB / USDT 0.452%,101.5464,22313.5174820494,114,174,54,64,-4.76,16
LAB,bsc,0x063e7bae87584bbd4b5e8de3f36c15073e792793bc19591d78c61413725f3255,uniswap-v4-bsc,LAB / USDT 0.325%,72.8116,20973.8583116552,125,98,44,57,0.8,17
LAB,bsc,0x0946ad99b5a5353494d758c31643175bfc895c4322a37c75c470efb341fc1708,uniswap-v4-bsc,LAB / USDT 0.223%,53.8856,23884.7729310335,65,66,37,49,1.52,18
LAB,bsc,0xe47e91366a8d02945118130d7644873870480214d5a695b8a47c6a24744351da,uniswap-v4-bsc,LAB / USDT 0.28%,74.8865,16642.1705254099,310,400,86,98,-1.04,19
LAB,bsc,0x3933e15857351374f86c413be2d6426b484f481a95da6da333f2572fea95b147,uniswap-v4-bsc,LAB / USDT 0.291%,2195.8115,254.4183220313,285,272,134,129,61,20
PEPE,eth,0xa43fe16908251ee70ef74718545e4fe6c5ccec9f,uniswap_v2,PEPE / WETH,28176791.7542,550638.992317841,122,125,83,96,2.39,1
PEPE,eth,0x11950d141ecb863f01007add7d1a342041227b58,uniswap_v3,PEPE / WETH 0.3%,2299703.7,28645.4063839495,80,56,33,43,2.8,2
PEPE,eth,0xa7bc6c09907fa2ded89f1c8d05374621cb1f88c5,uniswap_v3,PEPE / USDT 0.3%,51963.3668,177045.439560647,27,28,17,19,1.37,3
PEPE,eth,0xe42df52d7938631f6c6cb56aac2fafc1e00ea77b7517a02ee244bd7d86c061cd,uniswap-v4-ethereum,PEPE / ETH 1%,252468.8835,3957.0736591471,7,6,7,5,4.16,4
PEPE,eth,0xdb8c570ba8bedd80e7f6b34edffac10ceedee4a9,uniswap_v2,PEPE0.5 / PEPE,79367.499,189.7451577838,1,0,1,0,0,5
PEPE,eth,0x4d2985ed0e6f89fdfea66264f88241db024c75ec656d9b7314ccb759e27d11ca,uniswap-v4-ethereum,PEPE / ETH 0.3%,58681.6469,95.4164175463,9,6,7,6,1.73,6
PEPE,eth,0x3202acfd55232f3706aa81a4f18a98686b5e1d1b,pancakeswap-v3-ethereum,PEPE / WETH 1%,8790.2102,299.845269566,3,3,3,3,2.76,7
PEPE,eth,0x992c59d45dd67706d7aaa118beb331c203858417,uniswap_v3,PEPE / WBTC 0.3%,11463.8982,120.8025256571,4,4,4,4,1.96,8
PEPE,eth,0x248823df26180700e56f632dd7fa64a4d63f9db1,uniswap_v3,PEPE / SHIB 1%,7586.4832,176.3674913396,4,0,3,0,4.32,9
PEPE,eth,0xdb90e2723e998cf3072d1efbbcdaab4e24d8c640,cypher,PEPE / WETH 0.05%,1087.6235,215.5344631662,7,9,6,9,2.21,10
PEPE,eth,0x05b5dba037afa4bbafaca15bf9f6bfaaad183fe6,uniswap_v3,PEPE / USDS 0.01%,1726.9735,42.3259760623,3,2,3,2,2.98,11
PEPE,eth,0x8021917809cf9abf0789dfa88bc271ad58da5cc8,uniswap_v2,ARRKY / PEPE,65671.4925,1.0650315331,0,1,0,1,0,12
PEPE,eth,0x5577a7fa9f9e5a4d8188ec55dc48f593a95bff943fea1bda46e3b3aff8396ff6,uniswap-v4-ethereum,PEPE / USDC 0.3%,697.9813,84.7843469199,7,3,7,3,0.51,13
PEPE,eth,0x950fbb8b935402b78aa8e0020aaaa364c7c2eabf,uniswap_v3,PEPE / PROS 1%,3235.4745,9.6038296068,1,0,1,0,0,14
PEPE,eth,0x7d69a413a3f59753903d4729f8207d67f0f9f5ad6126a0a97fda32604e533d83,uniswap-v4-ethereum,PEPE / USDC 1%,1380.4146,18.4554910315,1,1,1,1,-1.1,15
PEPE,eth,0xcee31c846cbf003f4ceb5bbd234cba03c6e940c7,uniswap_v3,PEPE / USDC 1%,8104.0551,1.9294453856,1,0,1,0,0,16
PEPE,eth,0xf239009a101b6b930a527deaab6961b6e7dec8a6,uniswap_v3,PEPE / WETH 1%,42354.5938,0.2354490417,1,0,1,0,0,17
PEPE,eth,0xa7ce7a625fa08eeb06b10af41953fcf284b42554,uniswap_v2,PEPE / RONI,2119.4117,3.7283001771,0,2,0,1,0.97,18
PEPE,eth,0x694736a70d63241884e891fd0416b1ada7ff2bdb,supernova-cl,PEPE / WETH 0.3%,401.8493,9.5254662282,2,4,2,4,2.83,19
PEPE,eth,0x0cac93cfdaa3005ac781f00c1565b8df5f4dcedd,sushiswap-v3-ethereum,PEPE / PNKSTR 1%,876.964,3.6686975105,1,0,1,0,0,20
WIF,solana,EP2ib6dYdEeqD8MfE2ezHCxX3kP3K2eLKkirfPm5eyMx,raydium,$WIF / SOL,4934062.546,185121.424499629,2174,1975,1465,1478,3.37,1
WIF,solana,D6NdKrKNQPmRZCCnG1GqXtF7MMoHB7qR6GU5TkG59Qz1,orca,$WIF / SOL,228021.3909,448274.408239468,3422,4430,610,1025,3.7,2
WIF,solana,8Ve9KtGNtLRxCQNAVfkHEP5GRZHjdj6BjB1RQFZewG6V,meteora,$WIF / SOL,103349.329,12212.7801252953,58,26,31,15,4.35,3
WIF,solana,72bP2Smt5arjGpia7qjMcQ87DT3C5S3P13yqZQxZddZ5,orca,ZEC / $WIF,12178.5027,1814.1311886382,407,421,45,41,4.08,4
WIF,solana,AishPhdJXUHpo3zg2gt5AVfdUg3MPmf8DV8FButvbRJ6,orca,POPCAT / $WIF,5950.6859,2263.9687444079,299,221,117,100,3.52,5
WIF,solana,Dxsg2Aq9GSQEHHFJFgZrgwD614uxJn4wusq1dDmUUvXS,orca,Fartcoin / $WIF,12495.7554,735.3190332957,131,135,60,62,4.55,6
WIF,solana,6qgyDW4fHvpTAmfNZvPAuETEbVwRKFVAuuHfNzvEmPkY,orca,$WIF / SOL,17131.0302,165.5901825449,42,9,23,6,4.07,7
WIF,solana,CN8M75cH57DuZNzW5wSUpTXtMrSfXBFScJoQxVCgAXes,orca,$WIF / USDC,9178.9269,298.1616348902,265,207,159,122,4.21,8
WIF,solana,D5MzuR2BVKhhLe5S2LiWHeLUv4QVr1mc2MC2PWdHZWtU,raydium,$WIF / SOL,799.4629,2494.6117383258,63,83,27,33,-9.75,9
WIF,solana,A6cVoMU1Z7oRi9R774QarVxHUmHPQkxQfYVFGNQuAx2b,orca,$WIF / SOL,4224.9855,437.6943601033,124,54,52,36,4.01,10
WIF,solana,56Ekyu6uBpTna3LR2qkjHjNbDNkCLWK2Lt3uWh7J2R8Z,orca,Bonk / $WIF,3455.52,297.4767219503,414,219,256,160,4.53,11
WIF,solana,6SaMkkU1keE64sGWERDsJ84TZLqVCw2J22rzc7n21yzB,orca,DFN / $WIF,1429.3303,489.0292633388,57,29,12,16,4.24,12
WIF,solana,4mMDQ5kG9fFrBSQeedErsUoTBhY5KKnsKWGvenXRTwSy,raydium-clmm,$WIF / SOL 1%,5583.9057,105.4917869108,28,8,22,8,3.94,13
WIF,solana,FiPv5JSMvzYHWVtShPcUj9C9oAN4BFrBy1yFzHo2f1M,orca,Coinomi / $WIF,4422.3332,51.0479470544,7,20,6,11,3.7,14
WIF,solana,FSYNx6cdFajxDJswDg38bJ2tU3AMZ4eo64LRhSouuCj3,raydium,$WIF / SOL,139.2601,1535.2865796506,30,60,11,24,-4.71,15
WIF,solana,8WBdqT2pE3P6yDVCFTxknQL3wLRj8g8ZWoNZiXHBUHBL,meteora,$WIF / SOL,2029.6284,98.6587090225,34,42,23,28,1.92,16
WIF,solana,49RnewoSCJUHnQXfWTh1AjBdgR76mPZy6aCSg6hTM7BQ,raydium,$WIF / SOL,99.3845,1423.9951216292,27,46,13,24,-41.62,17
WIF,solana,58oVxJHmvQoxL2GTCP9JrAYQt3PLJ8ApQwkZcjgmmSco,meteora,$WIF / USDC,3543.4079,32.4528352133,60,25,41,21,3.4,18
WIF,solana,3gpyRVcdbH6Jy1AR5Xz5hypNGyGWECLXM5eaA79z4GdQ,orca,Bonk / $WIF,2082.2169,49.6025247195,357,183,200,125,3.61,19
WIF,solana,BWB9XA6Gic4iAsaQjX8ssszHLBX8CGurVm4sGWZa2nwb,orca,SC / $WIF,3145.2286,16.4214979113,1,14,1,8,3.54,20
BONK,solana,6oFWm7KPLfxnwMb3z5xwBoXNSPP3JJyirAPqPSiVcnsp,meteora,Bonk / SOL,439146.2749,837806.621091445,3705,3671,912,1306,1.49,1
BONK,solana,31p1hptjhFo6ZD8oBqkfutNXQKGGPyi7YcEAfsyKW777,meteora,Bonk / USDC,290410.193,440109.489142415,568,634,80,98,1.18,2
BONK,solana,5zpyutJu9ee6jFymDGoK7F6S5Kczqtc9FomP3ueKuyA9,orca,Bonk / SOL,171703.703,73786.4133909156,3063,3360,829,1186,1.65,3
BONK,solana,3UwfrdLTpAjxTRni1boc5HUWe6hzc4HgE5yLdvEp2Noc,raydium-clmm,Bonk / USDC,180654.3826,47050.8202778982,847,621,129,172,2.09,4
BONK,solana,3ne4mWqdYuNiYrYZC9TrA3FcfuFdErghH97vNPbjicr1,orca,Bonk / SOL,893022.2457,2212.8797963768,78,147,47,91,1.69,5
BONK,solana,HmQL6eECoaGLWvTxz6cWT3jEsPfjdin2vNVJ1xKiwjXz,saros-amm,Bonk / SAROS,35615.3955,9740.8448703358,377,424,55,85,7.26,6
BONK,solana,GtKKKs3yaPdHbQd2aZS4SfWhy8zQ988BJGnKNndLxYsN,raydium-clmm,Bonk / SOL 0.25%,37225.2298,7671.7951327419,172,169,134,112,0.96,7
BONK,solana,4UcZrPsyYVaY4Rt4ebCPwEyxn1VAhw5nXhF3e3PGCB4v,meteora,Bonk / JUP,87294.5401,1888.2595004532,37,11,25,9,1.54,8
BONK,solana,G7mw1d83ismcQJKkzt62Ug4noXCjVhu3eV7U5EMgge6Z,raydium,Bonk / USDC,32229.9737,1207.569805302,784,403,116,175,2.26,9
BONK,solana,8QaXeHBrShJTdtN1rWCccBxpSVvKksQ2PCu5nufb2zbk,orca,Bonk / USDC,56804.7941,634.8044912967,125,150,60,98,1.28,10
BONK,solana,sx7pZ2sFmZpwCZaatYojNKUfTdpb5EjwEAgNEH8KGz3,meteora,Bonk / SOL,8002.1499,2915.5710297184,371,323,243,226,1.32,11
BONK,solana,278P6iwdEeX5tUFMGxmi2tii3EAho4iHzfiroKLKCQKj,meteora,Bonk / SOL,33596.7181,606.4649902483,189,213,154,161,0.97,12
BONK,solana,7eexH14UjhNxJe6zTT3f1Vb1E8iACsBMVaWheDEmxdT2,meteora,Bonk / SOL,18144.9392,802.0483027347,140,138,103,94,1.43,13
BONK,solana,HVNwzt7Pxfu76KHCMQPTLuTCLTm6WnQ1esLv4eizseSv,raydium,Bonk / SOL,22602.3797,355.9736489164,194,408,146,232,1.32,14
BONK,solana,BqnpCdDLPV2pFdAaLnVidmn3G93RP2p5oRdGEY2sJGez,orca,Bonk / SOL,157491.3314,37.9186567291,2,3,2,3,0.93,15
BONK,solana,N4xy6PT672fPyA969nQy7jTQ17AsMZ1jrbgm8ZvRKYK,meteora,Bonk / USDC,12192.1211,476.5628097944,242,195,132,112,1.63,16
BONK,solana,AtcGozT6i1GR3wJAjVwRwmt7qbHqZrBUqKs2DcMAKoVe,meteora,Bonk / SOL,7758.9198,664.5993604101,58,50,46,39,2.16,17
BONK,solana,DTPk5qoWmAsDnoRtRejaj7p5ZHUf7JP4JdvXNwTbdP2B,raydium,Bonk / SOL,1509.0458,1461.7349319545,49,149,28,52,2.14,18
BONK,solana,2wYurg8utK9qqUGJQmCRjtmYxMZYgibHf7pi7XhpH7HM,meteora,Bonk / DITH,6463.618,161.0561619608,9,5,5,4,3.46,19
BONK,solana,56Ekyu6uBpTna3LR2qkjHjNbDNkCLWK2Lt3uWh7J2R8Z,orca,Bonk / $WIF,3455.52,297.4767219503,219,414,160,256,1.42,20
FLOKI,eth,0xca7c2771d248dcbe09eabe0ce57a62e18da178c0,uniswap_v2,FLOKI / WETH,8247696.8273,49483.3327247665,21,64,15,21,1.71,1
FLOKI,eth,0x4e5cbb6e2aca942252e8cda2ba911ced2bd99b07,uniswap_v2,SKOL / FLOKI,10053.0122,174.3969567996,3,7,3,4,1.61,2
FLOKI,eth,0xe41552e6212cb6f7faa381c7bc9434c58bf28ce1,uniswap_v3,FLOKI / WETH 1%,532.9406,1.3993923953,0,1,0,1,0,3
FLOKI,eth,0xdb88a83edddb228a854f502d85a79f94dad0bbf6,uniswap_v2,FLOKI0.5 / FLOKI,8352.719401647271,0,0,0,0,0,0,4
FLOKI,eth,0x7df2449f29a221533e403ccc652b253ba7d191de,radioshack_ethereum,BUILD / FLOKI,7993.0779,0,0,0,0,0,0,5
FLOKI,eth,0xe2a90f337fa4403c6efcba3c3ca30a32a2c2158f,uniswap_v2,TEO / FLOKI,4403.5801965288,0,0,0,0,0,0,6
FLOKI,eth,0x619944b922ddf2562ccd8ee4b00bc0f3ddbf565c,uniswap_v3,FLOKI / ZIK 1%,1265.8948,0,0,0,0,0,0,7
FLOKI,eth,0xeebd7c7c45db2b3c4f006de072578922a743c503,uniswap_v2,FLOKI0.5 / FLOKI,260.7398,0,0,0,0,0,0,8
FLOKI,eth,0xe070d94dc761f595a7501671cc984d6275d00d39,uniswap_v2,DFI / FLOKI,153.07970247032534,0,0,0,0,0,0,9
FLOKI,eth,0x9827d04891257a1bd5100e30b6e393f6fe77b6c9,uniswap_v2,FLOKI / FENRIR,114.18,0,0,0,0,0,0,10
FLOKI,eth,0x92ee15a76c0ee3c414930c30eabdcc24b4f7210d,uniswap_v2,FLOKIFI / FLOKI,74.9401,0,0,0,0,0,0,11
FLOKI,eth,0x429d54c8b7d0624ccde712b985c766b1fdda555d,uniswap_v2,Floki 0.5 / FLOKI,57.2191,0,0,0,0,0,0,12
FLOKI,eth,0xb0e321e1d7fee5d0d1d0106d223709e27e916cfc,uniswap_v2,BabyDoge / FLOKI,30.7094257762,0,0,0,0,0,0,13
FLOKI,eth,0x2f01dfb9a4d758d0edea7599ae384eb06adb76dc,pancakeswap-v3-ethereum,FLOKI / WETH 1%,29.0024703957,0,0,0,0,0,0,14
FLOKI,eth,0x9c7c1f0d7ba90817f9e8b18caa83bbbb0dda0c51,9inch-ethereum,BBC / FLOKI,15.2316859348,0,0,0,0,0,0,15
FLOKI,eth,0xb190aa44623fbc739a923dc8a8d0f372d6521044,uniswap_v2,PEPE / FLOKI,11.2427541336,0,0,0,0,0,0,16
FLOKI,eth,0x653890cc3388ea94e6b3bc693bb03ec810249c32,uniswap_v2,SIMP / FLOKI,6.8457844283,0,0,0,0,0,0,17
FLOKI,eth,0x3cd87a1cc1f057df995f65e88ee921ae49b564ba,radioshack_ethereum,RADIO / FLOKI,3.8407652046,0,0,0,0,0,0,18
FLOKI,eth,0x972549d634455966496c98d0cdc203911bc082f3,uniswap_v3,FLOKI / USDC 0.05%,4.8374,0,0,0,0,0,0,19
FLOKI,eth,0xf06b2b0e86745c1b1f00c80b7919468faae004a1,uniswap_v3,FLOKI / USDT 0.3%,1.2260741888,0,0,0,0,0,0,20