token,chain,holder_address,holder_entity_id,holder_entity_name,holder_entity_type,holder_label,balance,balance_usd,pct_of_cap,source_channel,source_confidence,limitations
BSB,ethereum,0xa2c7bB99D87845843a92B1b33e03B98f1f8d0247,,,,Vesting (Proxy),784800000,672801192,0.7848,ARKHAM_CHANNEL,HIGH,Label-based identification
BSB,ethereum,0x3ee18B2214AFF97000D974cf647E7C347E8fa585,wormhole,Wormhole,bridge,Token Bridge,40978836.81595778,35130747.01395245,0.04097883681595778,ARKHAM_CHANNEL,HIGH,
BSB,ethereum,0x05F76dFB6339c8C1F327c13387fc61F4c9Dc25e0,,,,,36600000,31376813.999999996,0.0366,ARKHAM_CHANNEL,UNKNOWN,No entity or label attribution available
BSB,ethereum,0x7968D8Efc434D125051426344CF33B29F2Cf1258,,,,,29000000,24861410,0.029,ARKHAM_CHANNEL,UNKNOWN,No entity or label attribution available
BSB,ethereum,0xa085A7e526d5498B5A2BC95e55E60362388F62db,,,,Gnosis Safe Proxy,20000000,17145800,0.02,ARKHAM_CHANNEL,HIGH,Label-based identification
BSB,ethereum,0xCbd3C6302F542Ad72b29fb7BC660e94AC2849f45,,,,,14750000,12645027.5,0.01475,ARKHAM_CHANNEL,UNKNOWN,No entity or label attribution available
BSB,ethereum,0xf440139a62b2B939699C5b3e09F88E40464Ab9bc,bybit,Bybit,cex,Hot Wallet,11997620.020018896,10285439.666962,0.011997620020018897,ARKHAM_CHANNEL,HIGH,
BSB,ethereum,0x351CAd24ad9Fcbc0c1CCbC99abb1138D8f81c716,,,,,10000000,8572900,0.01,ARKHAM_CHANNEL,UNKNOWN,No entity or label attribution available
BSB,ethereum,0x7c17Cb443ba89550d3b5D08726cc042Ba549e9B2,,,,,10000000,8572900,0.01,ARKHAM_CHANNEL,UNKNOWN,No entity or label attribution available
BSB,ethereum,0x1AB4973a48dc892Cd9971ECE8e01DcC7688f8F23,bitget,Bitget,cex,Hot Wallet,9284023.47481594,7959100.484724957,0.00928402347481594,ARKHAM_CHANNEL,HIGH,
BSB,ethereum,0x468b08f3cb200412F44cAc7Ec0ae5A2109264435,,,,BSBOFTAdapter,6412920.934866,5497732.9882512735,0.006412920934866,ARKHAM_CHANNEL,HIGH,Label-based identification
BSB,ethereum,0xd3F0B81CccB3294284cD84BA9CC4b08f38Fa4fE2,,,,Proxy (EIP-1967 Transparent),5001685.126841875,4287894.642390271,0.005001685126841875,ARKHAM_CHANNEL,HIGH,Label-based identification
BSB,ethereum,0x2548F1582C4592358F6fD95c3D90f3A48E1f860F,,,,Gnosis Safe Proxy,5000000,4286450,0.005,ARKHAM_CHANNEL,HIGH,Label-based identification
BSB,ethereum,0x8B3503Cd8Db88CF6bd4B2d9a8Ca27b4d4cAee7fa,,,,,5000000,4286450,0.005,ARKHAM_CHANNEL,UNKNOWN,No entity or label attribution available
BSB,ethereum,0x9D6EfaB3f2AEB6a46350CB571Ba17f08dA46Dbb8,,,,,5000000,4286450,0.005,ARKHAM_CHANNEL,UNKNOWN,No entity or label attribution available
BSB,ethereum,0xBdEFeDf62d401ec15672dB9058d9FF9bAfa548ad,,,,Gnosis Safe Proxy,5000000,4286450,0.005,ARKHAM_CHANNEL,HIGH,Label-based identification
BSB,ethereum,0x974b08E3CA65406451cB5867C032eB276fCf90b4,,,,,225488.83512809838,193309.3234669675,0.00022548883512809838,ARKHAM_CHANNEL,UNKNOWN,No entity or label attribution available
BSB,ethereum,0xf89d7b9c864f589bbF53a82105107622B35EaA40,bybit,Bybit,cex,Hot Wallet,156300.0275580445,133994.45062523597,0.0001563000275580445,ARKHAM_CHANNEL,HIGH,
BSB,ethereum,0xf26A42d11d7cb39585A2a765EB6946F5526F0F6C,,,,GOPAX Deposit,61600,52809.064,0.0000616,ARKHAM_CHANNEL,HIGH,Label-based identification
BSB,ethereum,0x9642b23Ed1E01Df1092B92641051881a322F5D4E,mexc,MEXC,cex,Hot Wallet,28945.382196459188,24814.586703202498,0.00002894538219645919,ARKHAM_CHANNEL,HIGH,
LAB,bsc,0xffa8DB7B38579e6A2D14f9B347a9acE4d044cD54,bitget,Bitget,cex,Cold Wallet,262819645.39147502,433652414.8959338,0.262819645391475,ARKHAM_CHANNEL,HIGH,
LAB,bsc,0xB4b74D63F30076870d54aB9E8E6a7D18293273c3,,,,Gnosis Safe Proxy,200000000,330000000,0.2,ARKHAM_CHANNEL,HIGH,Label-based identification
LAB,bsc,0xB471837F03d01b628BFF32A515baF679CCdfAbb8,,,,Gnosis Safe Proxy,150000000,247499999.99999997,0.15,ARKHAM_CHANNEL,HIGH,Label-based identification
LAB,bsc,0x7Cfd8d2d8626B287bEA569b5e65AB5CBb75E9265,,,,Gnosis Safe Proxy,138000010,227700016.49999997,0.13800001,ARKHAM_CHANNEL,HIGH,Label-based identification
LAB,bsc,0x78a79D0fa0Eaf58741f5Bde7E05b5CC8F33D24d3,,,,Gnosis Safe Proxy,108000000,178200000,0.108,ARKHAM_CHANNEL,HIGH,Label-based identification
LAB,bsc,0xf79ff8a5052E969a6d13E18c4E439fE5202B02Fa,,,,Gnosis Safe Proxy,93600000,154439999.99999997,0.0936,ARKHAM_CHANNEL,HIGH,Label-based identification
LAB,bsc,0x4F867fcb9d55e5Fb8C6457e240Da173B4c890F98,,,,,11133324,18369984.599999998,0.011133324,ARKHAM_CHANNEL,UNKNOWN,No entity or label attribution available
LAB,bsc,0xC882b111A75C0c657fC507C04FbFcD2cC984F071,gate-io,Gate,cex,Cold Wallet,8620759.233348982,14224252.73502582,0.008620759233348983,ARKHAM_CHANNEL,HIGH,
LAB,bsc,0x0D0707963952f2fBA59dD06f2b425ace40b492Fe,gate-io,Gate,cex,Hot Wallet,4905446.258667332,8093986.326801096,0.004905446258667332,ARKHAM_CHANNEL,HIGH,
LAB,bsc,0x36FC85Ec486C254c9564d66de8c4210a1A20C291,,,,Gnosis Safe Proxy,4112000,6784799.999999999,0.004112,ARKHAM_CHANNEL,HIGH,Label-based identification
LAB,bsc,0x73D8bD54F7Cf5FAb43fE4Ef40A62D390644946Db,binance-wallet,Binance Wallet,misc,Proxy (EIP-1967 Transparent),2714710.5637124456,4479272.4301255355,0.0027147105637124456,ARKHAM_CHANNEL,HIGH,
LAB,bsc,0x4982085C9e2F89F2eCb8131Eca71aFAD896e89CB,mexc,MEXC,cex,Hot Wallet,1713079.2938153194,2826580.8347952766,0.0017130792938153195,ARKHAM_CHANNEL,HIGH,
LAB,bsc,0x69be413D648ae00f0Fbd9856F1355E22B36Ee5e0,kucoin,KuCoin,cex,Cold Wallet,932085.648940598,1537941.3207519865,0.000932085648940598,ARKHAM_CHANNEL,HIGH,
LAB,bsc,0x53f78A071d04224B8e254E243fFfc6D9f2f3Fa23,kucoin,KuCoin,cex,Hot Wallet,916376.0304533144,1512020.4502479688,0.0009163760304533145,ARKHAM_CHANNEL,HIGH,
LAB,bsc,0x8dac80CE96F69F9762Bc450faa4d7FBd5891Ae18,kucoin,KuCoin,cex,Cold Wallet,735074.8373957142,1212873.4817029287,0.0007350748373957142,ARKHAM_CHANNEL,HIGH,
LAB,bsc,0xD5dA17A84314194E348649C89a65143A061f7190,,,,Gate Deposit,605696.7034540916,999399.560699251,0.0006056967034540916,ARKHAM_CHANNEL,HIGH,Label-based identification
LAB,bsc,0x6455327F820eDD69c4Cd665b995E0fEC679d7F9E,wintermute,Wintermute,fund,Gate Deposit,581612.6821,959660.9254649999,0.0005816126821,ARKHAM_CHANNEL,HIGH,
LAB,bsc,0x17c0aE0aC1F0C00a771364AF8f4eaD290B4c02aE,,,,StakingWithUnbonding,459581.73880033585,758309.8690205541,0.0004595817388003358,ARKHAM_CHANNEL,HIGH,Label-based identification
LAB,bsc,0x035AE7d933dCBFE617fFbA194A88Af0c2867B90c,,,,Gate Deposit,431406.82939302,711821.268498483,0.00043140682939302004,ARKHAM_CHANNEL,HIGH,Label-based identification
LAB,bsc,0x17A30350771d02409046A683b18Fe1C13cCFC4A8,kucoin,KuCoin,cex,ERC1967Proxy,425543.98,702147.5669999999,0.00042554398,ARKHAM_CHANNEL,HIGH,
UB,bsc,0xbB37e9c98B68a0DaFA802E71A47d737b7864FAad,,,,Gnosis Safe Proxy,571006138.6167432,76892828.63840787,0.057100613861674324,ARKHAM_CHANNEL,HIGH,Label-based identification
UB,bsc,0xc82C31b242d49dB07F9282295b6E8e391771A588,,,,Gnosis Safe Proxy,275414386,37087852.04753201,0.0275414386,ARKHAM_CHANNEL,HIGH,Label-based identification
UB,bsc,0x0D0707963952f2fBA59dD06f2b425ace40b492Fe,gate-io,Gate,cex,Hot Wallet,166260138.82791606,22388922.81484483,0.016626013882791606,ARKHAM_CHANNEL,HIGH,
UB,bsc,0xdA2B59Fe9bDF259B2d22b49A39444ab07162ceA7,,,,,156304000,21048209.248000003,0.0156304,ARKHAM_CHANNEL,UNKNOWN,No entity or label attribution available
UB,bsc,0xa5849fE818f0ee0675347F6018DA9A49C93814eE,,,,Gnosis Safe Proxy,100000000,13466200.000000002,0.01,ARKHAM_CHANNEL,HIGH,Label-based identification
UB,bsc,0x8dac80CE96F69F9762Bc450faa4d7FBd5891Ae18,kucoin,KuCoin,cex,Cold Wallet,90478708.94,12184043.90327828,0.009047870894,ARKHAM_CHANNEL,HIGH,
UB,bsc,0x69be413D648ae00f0Fbd9856F1355E22B36Ee5e0,kucoin,KuCoin,cex,Cold Wallet,70357462.3324069,9474476.592606578,0.00703574623324069,ARKHAM_CHANNEL,HIGH,
UB,bsc,0x73D8bD54F7Cf5FAb43fE4Ef40A62D390644946Db,binance-wallet,Binance Wallet,misc,Proxy (EIP-1967 Transparent),38701379.56040305,5211605.174362996,0.0038701379560403047,ARKHAM_CHANNEL,HIGH,
UB,bsc,0xb8e6D31e7B212b2b7250EE9c26C56cEBBFBe6B23,kucoin,KuCoin,cex,Hot Wallet Vault (Proxy),36657762.05,4936407.5531771,0.0036657762049999995,ARKHAM_CHANNEL,HIGH,
UB,bsc,0xd8EEd92287646aE1172587F36633F3A4aCAc2f83,,,,,32258815.250083,4344036.579206677,0.0032258815250082997,ARKHAM_CHANNEL,UNKNOWN,No entity or label attribution available
UB,bsc,0x17A30350771d02409046A683b18Fe1C13cCFC4A8,kucoin,KuCoin,cex,ERC1967Proxy,27088553.72,3647798.8210426406,0.002708855372,ARKHAM_CHANNEL,HIGH,
UB,bsc,0xafB9e9B25639CE244cDA8a7884890DbaF61E0121,,,,,21228717.89729802,2858701.609485946,0.002122871789729802,ARKHAM_CHANNEL,UNKNOWN,No entity or label attribution available
UB,bsc,0x916F992Df86795F24de6C268CFB9031fBB1155da,pancakeswap,PancakeSwap,dex,V3 Pool,13788723.445260549,1856817.0765856758,0.001378872344526055,ARKHAM_CHANNEL,HIGH,
UB,bsc,0xfCc6f65a71DfDfC6d21738C40700C42C5920F1B6,,,,,9715443.848815493,1308301.099569192,0.0009715443848815493,ARKHAM_CHANNEL,UNKNOWN,No entity or label attribution available
UB,bsc,0xFa86d9E2879419E7F4e6b30b00803CEfC5ae4CD5,,,,,7714894.64,1038903.1420116799,0.000771489464,ARKHAM_CHANNEL,UNKNOWN,No entity or label attribution available
UB,bsc,0xe5848a9df1C1f96B4B186b14C366850a096f3441,,,,,7385468.392,994541.944603504,0.0007385468392,ARKHAM_CHANNEL,UNKNOWN,No entity or label attribution available
UB,bsc,0xfC89C020774524c9d03BD5DE48FEC149B10BDec3,,,,,5951616.69,801456.60670878,0.000595161669,ARKHAM_CHANNEL,UNKNOWN,No entity or label attribution available
UB,bsc,0x2D098D4CA7F5bE5fF854a2940cA7F295F87A0256,,,,,4892037.429397884,658771.544317578,0.0004892037429397884,ARKHAM_CHANNEL,UNKNOWN,No entity or label attribution available
UB,bsc,0x2cA5c61c578E9a5EF0b11b60aD075C8bcAF68F95,,,,,4677935.613052804,629940.1655249167,0.0004677935613052804,ARKHAM_CHANNEL,UNKNOWN,No entity or label attribution available
UB,bsc,0xcfFeADf091A265EC8022E8Bc67Ed64B16240F9b0,,,,,4518712.069333592,608498.8046806002,0.00045187120693335924,ARKHAM_CHANNEL,UNKNOWN,No entity or label attribution available
AI,ethereum,0x8c84E3E575eA1383FFc855C21671F70577D39007,,,,,126323345,4563224.9310726505,0.0126323345,ARKHAM_CHANNEL,UNKNOWN,No entity or label attribution available
AI,ethereum,0x10F3BC8579F7c8dd7Efb7197144177f499c795D7,,,,Coinbase Prime Custody,54898735.18121968,1983127.3234832156,0.005489873518121968,ARKHAM_CHANNEL,HIGH,Label-based identification
AI,ethereum,0x73D8bD54F7Cf5FAb43fE4Ef40A62D390644946Db,binance-wallet,Binance Wallet,misc,Proxy (EIP-1967 Transparent),53390610.552181594,1928648.77950236,0.005339061055218159,ARKHAM_CHANNEL,HIGH,
AI,ethereum,0x58edF78281334335EfFa23101bBe3371b6a36A51,kucoin,KuCoin,cex,Hot Wallet,14770218.799095193,533550.0786606714,0.0014770218799095194,ARKHAM_CHANNEL,HIGH,
AI,ethereum,0x9642b23Ed1E01Df1092B92641051881a322F5D4E,mexc,MEXC,cex,Hot Wallet,14737800.436559338,532379.0181559945,0.0014737800436559337,ARKHAM_CHANNEL,HIGH,
AI,ethereum,0xA9D1e08C7793af67e9d92fe308d5697FB81d3E43,coinbase,Coinbase,cex,Hot Wallet,14372460.147246003,519181.6957092219,0.0014372460147246003,ARKHAM_CHANNEL,HIGH,
AI,ethereum,0xf8191D98ae98d2f7aBDFB63A9b0b812b93C873AA,wintermute,Wintermute,fund,Hot Wallet,12060922.58355213,435681.1690270095,0.001206092258355213,ARKHAM_CHANNEL,HIGH,
AI,ethereum,0x3198CA64EBfF6d008860f2c450CfCBf1fAaC7677,uniswap,Uniswap,dex,V3 Pool,12001185.075632188,433523.2489255396,0.001200118507563219,ARKHAM_CHANNEL,HIGH,
AI,ethereum,0xc61be01b0106388c372cD21C0f44b5f8B82A529D,,,,,10465073.644235266,378033.72732795886,0.0010465073644235266,ARKHAM_CHANNEL,UNKNOWN,No entity or label attribution available
AI,ethereum,0xe52D3Ba60C4F140C2632A8F34B44d03efaA75620,,,,,9928165,358638.77771605,0.0009928165,ARKHAM_CHANNEL,UNKNOWN,No entity or label attribution available
AI,ethereum,0x9b0c45d46D386cEdD98873168C36efd0DcBa8d46,revolut,Revolut,cex,,2750667.357,99363.37468383308,0.00027506673569999997,ARKHAM_CHANNEL,HIGH,
AI,ethereum,0x16bc66C571993339f4c03b94E46C681dECE77645,,,,,2404160.572401,86846.38189625311,0.00024041605724010003,ARKHAM_CHANNEL,UNKNOWN,No entity or label attribution available
AI,ethereum,0xe92e65049b3c2ca12806E9567B08895118c5a03f,gsr-markets,GSR Markets,fund,,1886493.29471375,68146.49528746384,0.000188649329471375,ARKHAM_CHANNEL,HIGH,
AI,ethereum,0x6aa065A9b4408c054b8DcC24bAD1049C8E318722,,,,,1438982.2143050996,51980.886950762404,0.00014389822143050997,ARKHAM_CHANNEL,UNKNOWN,No entity or label attribution available
AI,ethereum,0x000000000004444c5dc75cB358380D2e3dE08A90,uniswap,Uniswap,dex,PoolManager,1260295.8365334314,45526.132812556665,0.00012602958365334315,ARKHAM_CHANNEL,HIGH,
AI,ethereum,0x95618717d88A1010FB3552D35957f9362fB871FD,,,,,1243805.0927424727,44930.431573020665,0.00012438050927424726,ARKHAM_CHANNEL,UNKNOWN,No entity or label attribution available
AI,ethereum,0xe24AeB9662f3dB4884142F0463fD9069eD88691C,,,,,1164103.1141777185,42051.32751159397,0.00011641031141777185,ARKHAM_CHANNEL,UNKNOWN,No entity or label attribution available
AI,ethereum,0xCD7f6b72049C3b54416f9F26392cB271e74ca3FD,ilnur94551132,@Ilnur94551132,individual,ilnur.eth,1076176.1273,38875.108431625005,0.00010761761273000001,ARKHAM_CHANNEL,HIGH,
AI,ethereum,0xba08d979C7f0021e360d0298B6Ff995BdEfb23df,,,,bfox.eth,1067094.9140447455,38547.06440515655,0.00010670949140447455,ARKHAM_CHANNEL,HIGH,Label-based identification
AI,ethereum,0xd763177e5FBaaF48a5d1bB6F41A402Ac25c54465,,,,TokenDistributor,1051379.72,37979.378636056405,0.000105137972,ARKHAM_CHANNEL,HIGH,Label-based identification
TROLL,ethereum,51ig4tkZD1kCcnXLRuFre1nxyJg83aFTfQb5UGLPwMHy,,,,Coinbase Prime Custody,80734788.317843,3878861.729988725,0.08082519214367273,ARKHAM_CHANNEL,HIGH,Label-based identification
TROLL,ethereum,AgYNk2hnMnSjbt5KZdEoapmxT3Jbuw79yiwgG43WAaHU,,,,,35620552.606155,1711371.283480888,0.03566043918170516,ARKHAM_CHANNEL,UNKNOWN,No entity or label attribution available
TROLL,ethereum,4QXXp184iMKjL1ZTLrGtjMFvR2n2YhpUS1WypmzGaYB3,indodax,Indodax,cex,Hot Wallet,28543579.878828,1371361.7380525533,0.02857554192242392,ARKHAM_CHANNEL,HIGH,
TROLL,ethereum,4w2cysotX6czaUGmmWg13hDpY4QEMG2CzeKYEQyK9Ama,pump-fun,pump.fun,meme,PumpSwap Market,25850503.468037,1241974.255365069,0.025879449904410066,ARKHAM_CHANNEL,HIGH,
TROLL,ethereum,9ZPsRWGkukYeWg2Z7eZ8NaTBZ1DSuBUVzLcGQWZgE4Y4,,,,,25828455.990895,1240914.995569995,0.02585737773931972,ARKHAM_CHANNEL,UNKNOWN,No entity or label attribution available
TROLL,ethereum,4RxoAPLxeWyoW1KEiGCe14Pb1DxgKMVvm8PRFhgWeEdH,,,,,20000000.011298,960889.8005428066,0.02002239527058199,ARKHAM_CHANNEL,UNKNOWN,No entity or label attribution available
TROLL,ethereum,9qpucJgTkTVSbMPksG4fequu9STgFxr9AQmLN25MwiBV,,,,frostx.sol,16855962.942599,809836.1430360682,0.016874837625617374,ARKHAM_CHANNEL,HIGH,Label-based identification
TROLL,ethereum,dM7Gffpk78enWQww81c93rCUPn4zziqyvV5NcFJbJa6,,,,,15110572.877093,725979.7674877659,0.015127493136959047,ARKHAM_CHANNEL,UNKNOWN,No entity or label attribution available
TROLL,ethereum,DE5qJfYPjtUbJaes8iK8TjCx3j4V68GGV6P3hHb7DkkE,,,,,11000000.811156,528489.4289715764,0.011012318204663536,ARKHAM_CHANNEL,UNKNOWN,No entity or label attribution available
TROLL,ethereum,9HLb8fGKGMkBQdU41tjKnpa5ZRFscS4ZMoqFxzC4i4KE,,,,,10043223.379377,482521.5452182445,0.010054469408952054,ARKHAM_CHANNEL,UNKNOWN,No entity or label attribution available
TROLL,ethereum,4hwPamSooBr5JhxHdcEC21HoxN5HUwYR2hGucLPyZAi8,jotagezin,@jotagezin,individual,"jotagezin" on Fomo,10000000,480444.9,0.010011197629635668,ARKHAM_CHANNEL,HIGH,
TROLL,ethereum,2wGvJFgAXYghGT1ZySYZHxEppJX8jY9RpH4qGD6dvj4f,,,,"adiosdavid" on Pump.fun,9516799.623899,457229.78436241933,0.009527456183649528,ARKHAM_CHANNEL,HIGH,Label-based identification
TROLL,ethereum,u6PJ8DtQuPFnfmwHbGFULQ4u4EgjDiyYKjVEsynXq2w,gate-io,Gate,cex,Hot Wallet,8568439.217527,411666.2923020838,0.008578033838418361,ARKHAM_CHANNEL,HIGH,
TROLL,ethereum,5KqV2amZ4Agt9U7wCwbgZV1uwdC4QFh3sf6ZAw2Rcyey,,,,,8360004.974,401652.1753732933,0.00836936619794512,ARKHAM_CHANNEL,UNKNOWN,No entity or label attribution available
TROLL,ethereum,G23RB28wwx86rwZsTjdGesfbz8tPgwgwQF67k6UPXsjD,,,,,8074670.167798,387943.41013006936,0.008083711884394919,ARKHAM_CHANNEL,UNKNOWN,No entity or label attribution available
TROLL,ethereum,ASTyfSima4LLAdDgoFGkgqoKowG1LZFDr9fAQrg7iaJZ,mexc,MEXC,cex,Hot Wallet,7885730.382106,378865.8944857879,0.007894560530928555,ARKHAM_CHANNEL,HIGH,
TROLL,ethereum,BWg7T2hD4FB4yQ9B3V2KfCxQHsuZc2byjMBrUUnSMB1A,,,,,7337790.20069,352540.3879191487,0.007346006786391157,ARKHAM_CHANNEL,UNKNOWN,No entity or label attribution available
TROLL,ethereum,3brgkW2snQLFKsn22RjmuJVL98g71UwAwGKD6Uiky9yP,,,,,7054328.555827,338921.6177571448,0.007062227731676647,ARKHAM_CHANNEL,UNKNOWN,No entity or label attribution available
TROLL,ethereum,5xv4taLVd1e12QrPgi6L9f8nT83JKKj3EwumHWxeH12L,,,,,6103000,293215.52247,0.006109833913366648,ARKHAM_CHANNEL,UNKNOWN,No entity or label attribution available
TROLL,ethereum,E2WXkz29eYFqX6CRywimX2i38E3V7A7czsDncAYKCkjc,,,,,5756464.775138,276566.4143244699,0.005762910651194277,ARKHAM_CHANNEL,UNKNOWN,No entity or label attribution available
SIREN,ethereum,0xfe5BCc32063cED8384507D41C334ead5C70fbB56,,,,,71841274.0717,55748684.99709105,0.09884759530024048,ARKHAM_CHANNEL,UNKNOWN,No entity or label attribution available
SIREN,ethereum,0x5AC24C1e519CFCd4566c5e087047B5bA6001990a,,,,,37596180.98537993,29174561.25229285,0.05172920623830317,ARKHAM_CHANNEL,UNKNOWN,No entity or label attribution available
SIREN,ethereum,0x40e9fD32C40F314589B3c7f9A2e2a2616eE4DeA8,,,,,29619522.74693638,22984690.412577137,0.040753990450578224,ARKHAM_CHANNEL,UNKNOWN,No entity or label attribution available
SIREN,ethereum,0x73D8bD54F7Cf5FAb43fE4Ef40A62D390644946Db,binance-wallet,Binance Wallet,misc,Proxy (EIP-1967 Transparent),21956106.638090365,17037894.83894485,0.030209769681490327,ARKHAM_CHANNEL,HIGH,
SIREN,ethereum,0xf3689A9546C7e6FD466C8Cd4A36f71891d72b2a8,,,,,12996195.686242545,10085021.860132843,0.017881680249076843,ARKHAM_CHANNEL,UNKNOWN,No entity or label attribution available
SIREN,ethereum,0xEFB416664788C7c2B2482Eaf6c135f8801B2A2fB,,,,,12585858.982679,9766601.398840938,0.017317091202810723,ARKHAM_CHANNEL,UNKNOWN,No entity or label attribution available
SIREN,ethereum,0x7fA9A2B64D6DdB3604E807689d9D5aEe287e10f9,,,,,12178172.819011452,9450237.751207247,0.0167561490781555,ARKHAM_CHANNEL,UNKNOWN,No entity or label attribution available
SIREN,ethereum,0xAC33574C95f8A9CCd80d829A89FeaaC4B370F85c,,,,,11543871.73351324,8958021.377462804,0.015883403740492717,ARKHAM_CHANNEL,UNKNOWN,No entity or label attribution available
SIREN,ethereum,0x54fE2301e202958F3890118815af1a9a0315990A,,,,,11239035.315381113,8721468.926665112,0.015463974279063257,ARKHAM_CHANNEL,UNKNOWN,No entity or label attribution available
SIREN,ethereum,0x94570dAFe99f6CcEb60318D56223cf997E3C688f,,,,,11076477.105038982,8595324.08055604,0.015240307753152351,ARKHAM_CHANNEL,UNKNOWN,No entity or label attribution available
SIREN,ethereum,0x1988ef25eCc0a40fe8399f0663487c086fe83c21,,,,,10919343.889655024,8473389.019684518,0.015024105567386585,ARKHAM_CHANNEL,UNKNOWN,No entity or label attribution available
SIREN,ethereum,0xd145CA892DA309287c9E980740ca9F08A5517942,,,,,10915703.438663576,8470564.036996055,0.01501909661075319,ARKHAM_CHANNEL,UNKNOWN,No entity or label attribution available
SIREN,ethereum,0xd1f174c48365AED60C4421ecF84f3eB18FFc991a,,,,,10899954.984731693,8458343.268241823,0.014997428052936279,ARKHAM_CHANNEL,UNKNOWN,No entity or label attribution available
SIREN,ethereum,0x71AF8008EFEE9E852e1f52cC077D9D62783bA699,,,,,10867832.412188752,8433416.216193646,0.014953230074938864,ARKHAM_CHANNEL,UNKNOWN,No entity or label attribution available
SIREN,ethereum,0x277b0097bb23390E99B100E2E9a200034c7Cff96,,,,,10844919.353333674,8415635.728348223,0.014921703618900002,ARKHAM_CHANNEL,UNKNOWN,No entity or label attribution available
SIREN,ethereum,0x7467a1ff2F66933057776EbF8a985613904EcE0b,,,,,10842187.112832308,8413515.515183644,0.014917944284077063,ARKHAM_CHANNEL,UNKNOWN,No entity or label attribution available
SIREN,ethereum,0xb33ff7fA378FAf966eF3Aec8D4e5a548d7871f24,,,,,10826163.657798847,8401081.34612459,0.014895897347703435,ARKHAM_CHANNEL,UNKNOWN,No entity or label attribution available
SIREN,ethereum,0xE33C7cF9502c92637dCeb995D6aB406EeBa175e0,,,,,10815586.493986687,8392873.48816068,0.014881344053355046,ARKHAM_CHANNEL,UNKNOWN,No entity or label attribution available
SIREN,ethereum,0x4F79ffD217ea2a03259A0DC7135406Bf24D04300,,,,,10805372.343523351,8384947.327829433,0.014867290235067693,ARKHAM_CHANNEL,UNKNOWN,No entity or label attribution available
SIREN,ethereum,0xbEf0AE16E1CcF80149b7995BBc942827Cf1F2e59,,,,,10791337.87891601,8374056.611363065,0.014847979983465286,ARKHAM_CHANNEL,UNKNOWN,No entity or label attribution available
PENDLE,ethereum,0x4f30A9D41B80ecC5B94306AB4364951AE3170210,pendle-finance,Pendle Finance,yield,Voting Escrow Pendle,65034145.638226956,120313169.43071988,0.23100463558460588,ARKHAM_CHANNEL,HIGH,
PENDLE,ethereum,0x999999999991E178D52Cd95AFd4b00d066664144,,,,StakedPendle (SPENDLE),32971761.352462694,60997758.50205599,0.11711739488634407,ARKHAM_CHANNEL,HIGH,Label-based identification
PENDLE,ethereum,0xa3A7B6F88361F48403514059F1F16C8E78d60EeC,arbitrum,Arbitrum,smart-contract-platform,L1 ERC20 Gateway,27952050.609224685,51711293.627065666,0.09928712373259756,ARKHAM_CHANNEL,HIGH,
PENDLE,ethereum,0x8119EC16F0573B7dAc7C0CB94EB504FB32456ee1,pendle-finance,Pendle Finance,yield,Gnosis Safe Proxy,22051622.06691061,40795500.82378463,0.07832849758576484,ARKHAM_CHANNEL,HIGH,
PENDLE,ethereum,0xF977814e90dA44bFA03b6295A0616a897441aceC,binance,Binance,cex,Cold Wallet,19566500.779,36198026.44115001,0.06950121874841671,ARKHAM_CHANNEL,HIGH,
PENDLE,ethereum,0x399Be606db281a054E359Eb709df9F21E922eC9a,pendle-finance,Pendle Finance,yield,Gnosis Safe Proxy,16120440,29822814,0.05726063333527679,ARKHAM_CHANNEL,HIGH,
PENDLE,ethereum,0x918cF6b16D1426B5aA0Edf0492ced1Aa89f9659A,,,,Gnosis Safe Proxy,7958190.01,14722651.518500002,0.02826790088701504,ARKHAM_CHANNEL,HIGH,Label-based identification
PENDLE,ethereum,0x2081411eD407F2364E5162E641a2Db7575eF6f7B,,,,,4266200,7892470,0.015153762176153867,ARKHAM_CHANNEL,UNKNOWN,No entity or label attribution available
PENDLE,ethereum,0x131b2070814623CeE8DE6054240c9158c007c0a5,upbit,Upbit,cex,Cold Wallet,4159294.736482528,7694695.262492678,0.014774029172843466,ARKHAM_CHANNEL,HIGH,
PENDLE,ethereum,0xCFFAd3200574698b78f32232aa9D63eABD290703,crypto-com,Crypto.com,cex,Hot Wallet,3589388.997723794,6640369.645789019,0.01274969462969614,ARKHAM_CHANNEL,HIGH,
PENDLE,ethereum,0x187c9fBF5bd0f266883c03f320260C407c7B4100,bybit,Bybit,cex,Hot Wallet,3550895.2355351523,6569156.185740032,0.01261296280337011,ARKHAM_CHANNEL,HIGH,
PENDLE,ethereum,0x3ee18B2214AFF97000D974cf647E7C347E8fa585,wormhole,Wormhole,bridge,Token Bridge,3225661.24371049,5967473.300864407,0.011457714909761723,ARKHAM_CHANNEL,HIGH,
PENDLE,ethereum,0x363CE4a82beA0BbC635bd9A1D9021A142fE8C1Cd,,,,,2980298.8093897724,5513552.797371079,0.010586174903044192,ARKHAM_CHANNEL,UNKNOWN,No entity or label attribution available
PENDLE,ethereum,0xA023f08c70A23aBc7EdFc5B6b5E171d78dFc947e,crypto-com,Crypto.com,cex,Hot Wallet,2488977.0097929793,4604607.468117012,0.008840974560104402,ARKHAM_CHANNEL,HIGH,
PENDLE,ethereum,0x0DC874Fb5260Bd8749e6e98fd95d161b7605774D,spartan-group,Spartan Group,fund,,2045135.41727791,3783500.5219641337,0.007264426358693603,ARKHAM_CHANNEL,HIGH,
PENDLE,ethereum,0x7701b66513A52949224049E5bd634E3fFFD8930A,,,,,1802728.78109999,3335048.245034981,0.006403385499249213,ARKHAM_CHANNEL,UNKNOWN,No entity or label attribution available
PENDLE,ethereum,0x88a1493366D48225fc3cEFbdae9eBb23E323Ade3,bybit,Bybit,cex,Cold Wallet,1800002,3330003.7,0.006393699832310092,ARKHAM_CHANNEL,HIGH,
PENDLE,ethereum,0xAeA6291CB48d9675B120F74E2F0b0De01dB47a00,flow-traders,Flow Traders,fund,,1721747.68786511,3185233.2225504536,0.006115736484283597,ARKHAM_CHANNEL,HIGH,
PENDLE,ethereum,0x5C7f51696C37BaC235ADa85ae3e441B0188Cc71d,coinbase,Coinbase,cex,Coinbase Prime Custody,1501328.8207203993,2777458.3183327387,0.0053327973131598325,ARKHAM_CHANNEL,HIGH,
PENDLE,ethereum,0x0f7Efb2e96B9681950f96D3D18ce0BF68d60fD7e,multichain,Multichain,bridge,Pendle (anyPENDLE),1240816.1464594556,2295509.8709499924,0.004407442873699849,ARKHAM_CHANNEL,HIGH,
ONDO,ethereum,0x677FD4Ed8aE623f2f625DEB2D64F2070E46cA1A1,ondo-finance,Ondo Finance,misc,Gnosis Safe Proxy,5779207574.155644,1831401984.2120528,0.5779207574155645,ARKHAM_CHANNEL,HIGH,
ONDO,ethereum,0x460aE5a6666fcB9635BA99b541b31279e5966537,upbit,Upbit,cex,Cold Wallet,635350851.5756373,201339508.1100616,0.06353508515756373,ARKHAM_CHANNEL,HIGH,
ONDO,ethereum,0xa63eaCe47618B9677261B09B32E3ca2B5C0A0182,bithumb,Bithumb,cex,Hot Wallet,185299710.72959983,58720551.831656545,0.018529971072959985,ARKHAM_CHANNEL,HIGH,
ONDO,ethereum,0xF977814e90dA44bFA03b6295A0616a897441aceC,binance,Binance,cex,Cold Wallet,178700221.506,56629206.69414387,0.0178700221506,ARKHAM_CHANNEL,HIGH,
ONDO,ethereum,0xD2e6E930E25456fFcD4Df0124563cC334F3284f4,flux-finance,Flux Finance,lending-decentralized,Gnosis Safe Proxy,100182196.36279295,31747237.11638727,0.010018219636279295,ARKHAM_CHANNEL,HIGH,
ONDO,ethereum,0xAc7dc31D7EAB8a15267a386151d851C992F14690,pantera-capital,Pantera Capital,fund,,95738091.001,30338922.34776189,0.0095738091001,ARKHAM_CHANNEL,HIGH,
ONDO,ethereum,0xB829e684Df8e31B402a4D4AEDF3bbC18A52e7589,bybit,Bybit,cex,,80400000.001,25478358.00031689,0.0080400000001,ARKHAM_CHANNEL,HIGH,
ONDO,ethereum,0xC18d0c0E4c608FD5443fb450BEEaC449670c9b8D,coinbase,Coinbase,cex,Cold Wallet,64017164.808286816,20286719.44192205,0.0064017164808286816,ARKHAM_CHANNEL,HIGH,
ONDO,ethereum,0xF197c6F2aC14d25eE2789A73e4847732C7F16bC9,bitpanda,Bitpanda,cex,Cold Wallet,56249817.43246203,17825285.895260055,0.005624981743246203,ARKHAM_CHANNEL,HIGH,
ONDO,ethereum,0x05ce068348944e572c53485Ce74ba858eb217654,coinbase,Coinbase,cex,Cold Wallet,53573955.64343614,16977318.673626695,0.005357395564343614,ARKHAM_CHANNEL,HIGH,
ONDO,ethereum,0xF3FA84849895326677013aC328F7C57837F28F06,coinbase,Coinbase,cex,Cold Wallet,53564631.043751046,16974363.754609488,0.005356463104375105,ARKHAM_CHANNEL,HIGH,
ONDO,ethereum,0xa4f68419632aeeDb1c4F7452d95B7b80d500b4e5,coinbase,Coinbase,cex,Cold Wallet,53549093.81049064,16969440.08307543,0.0053549093810490635,ARKHAM_CHANNEL,HIGH,
ONDO,ethereum,0x02bFD8F779B2A22B9Cfb179f7B8436507Fc0108d,coinbase,Coinbase,cex,Cold Wallet,53535567.09878889,16965153.535770707,0.005353556709878889,ARKHAM_CHANNEL,HIGH,
ONDO,ethereum,0xE002402CCf13371b6F6Cb1Eb4B78686030de62b1,coinbase,Coinbase,cex,Cold Wallet,53535567.09878889,16965153.535770707,0.005353556709878889,ARKHAM_CHANNEL,HIGH,
ONDO,ethereum,0xf02Bb1617B3252FF5CeC9a9D1f7bd1A12977833b,coinbase,Coinbase,cex,Cold Wallet,53535567.09878889,16965153.535770707,0.005353556709878889,ARKHAM_CHANNEL,HIGH,
ONDO,ethereum,0x50CAD633ac6D5A558D7F0676505EaDcA97E1cCf2,coinbase,Coinbase,cex,Cold Wallet,53421156.51751039,16928897.394616455,0.005342115651751039,ARKHAM_CHANNEL,HIGH,
ONDO,ethereum,0xbF68b40cAfDc6D6643E434AE1ABc73fEe6A765FC,,,,Coinbase Prime Custody,52362910.26071786,16593544.447070185,0.005236291026071786,ARKHAM_CHANNEL,HIGH,Label-based identification
ONDO,ethereum,0xdbc83973753e604D11967374198d8FdA9E7Ce0f0,pantera-capital,Pantera Capital,fund,,48577907.001,15394095.839081895,0.0048577907001,ARKHAM_CHANNEL,HIGH,
ONDO,ethereum,0x0D37Bf9ef9254F73e75dcfE2da5837E22d9f3553,,,,,48443679.801,15351559.910537893,0.0048443679801,ARKHAM_CHANNEL,UNKNOWN,No entity or label attribution available
ONDO,ethereum,0xffa8DB7B38579e6A2D14f9B347a9acE4d044cD54,bitget,Bitget,cex,Cold Wallet,45210313.70404053,14326922.36124192,0.004521031370404053,ARKHAM_CHANNEL,HIGH,
PEPE,ethereum,0xF977814e90dA44bFA03b6295A0616a897441aceC,binance,Binance,cex,Cold Wallet,56116400381119.055,226710257.53972098,0.13339133419173038,ARKHAM_CHANNEL,HIGH,
PEPE,ethereum,0x1d48963DD8FAdA6aB5C2C7b92Eba81ECC5030270,robinhood,Robinhood,cex,Cold Wallet,27479916737379.863,111018863.61901465,0.06532106001421442,ARKHAM_CHANNEL,HIGH,
PEPE,ethereum,0x5a52E96BAcdaBb82fd05763E25335261B270Efcb,binance,Binance,cex,Cold Wallet,17083069153019.795,69015599.37819996,0.040607262243028824,ARKHAM_CHANNEL,HIGH,
PEPE,ethereum,0x3f9a8345729eA842708E080e238C92731e5699b8,upbit,Upbit,cex,Cold Wallet,15374045291476.209,62111142.977563895,0.036544831803646885,ARKHAM_CHANNEL,HIGH,
PEPE,ethereum,0x611f7bF868a6212f871e89F7e44684045DdFB09d,okx,OKX,cex,Cold Wallet,13369330765525.395,54012096.2927226,0.03177953068892865,ARKHAM_CHANNEL,HIGH,
PEPE,ethereum,0x15Da7556D5ED888306839bed06f868AeaeDCb0d7,,,,,8529173314395.8,34457860.19015903,0.02027424781762295,ARKHAM_CHANNEL,UNKNOWN,No entity or label attribution available
PEPE,ethereum,0xc671b05671A7cD3080C6ceAe79d284Bdde0ef271,bithumb,Bithumb,cex,Hot Wallet,7946504136464.614,32103876.71131704,0.018889215661091575,ARKHAM_CHANNEL,HIGH,
PEPE,ethereum,0x76eC5A0D3632b2133d9f1980903305B62678Fbd3,btcturk,BtcTurk,cex,Hot Wallet,7229158160300.993,29205798.967616014,0.01718405039411679,ARKHAM_CHANNEL,HIGH,
PEPE,ethereum,0xA023f08c70A23aBc7EdFc5B6b5E171d78dFc947e,crypto-com,Crypto.com,cex,Hot Wallet,6231940936919.212,25177041.38515362,0.014813617953645705,ARKHAM_CHANNEL,HIGH,
PEPE,ethereum,0xc93e48d89F2d6DBc1672908aA68Ce7c24d0413B4,bybit,Bybit,cex,,5800000000100.02,23432000.000404082,0.013786873945423042,ARKHAM_CHANNEL,HIGH,
PEPE,ethereum,0x262190CCE7b2515FC32Aba9569E8c1cBee031CCC,coinbase,Coinbase,cex,Cold Wallet,5621514660910.235,22710919.230077352,0.013362605863962146,ARKHAM_CHANNEL,HIGH,
PEPE,ethereum,0x59779b3aa3540F45b3e7255b4B5b25a8764bE686,coinbase,Coinbase,cex,Cold Wallet,5601738779717.225,22631024.670057584,0.013315597660313353,ARKHAM_CHANNEL,HIGH,
PEPE,ethereum,0x43684D03D81d3a4C70da68feBDd61029d426F042,binance,Binance,cex,Cold Wallet,5479390931863.77,22136739.364729635,0.01302477104724089,ARKHAM_CHANNEL,HIGH,
PEPE,ethereum,0x40B38765696e3d5d8d9d834D8AaD4bB6e418E489,robinhood,Robinhood,cex,Cold Wallet,5056978137620.335,20430191.675986156,0.01202067588395335,ARKHAM_CHANNEL,HIGH,
PEPE,ethereum,0xd4Bb423838a66347f5D6860437Cef53e540B5f13,coinbase,Coinbase,cex,Cold Wallet,4385644553022.4917,17718003.99421087,0.01042488424498441,ARKHAM_CHANNEL,HIGH,
PEPE,ethereum,0x28C6c06298d514Db089934071355E5743bf21d60,binance,Binance,cex,Hot Wallet,4330330289506.788,17494534.369607426,0.010293399628008244,ARKHAM_CHANNEL,HIGH,
PEPE,ethereum,0xEFEF30bD1ccA520619306C95091aB18473fEBC5c,bybit,Bybit,cex,Hot Wallet,4136758706403.423,16712505.17386983,0.009833270832212372,ARKHAM_CHANNEL,HIGH,
PEPE,ethereum,0xc3681709ee476308b45812EAbE0EB22F3b816880,paribu,Paribu,cex,Cold Wallet,3662091085355.055,14794847.984834421,0.008704963477513265,ARKHAM_CHANNEL,HIGH,
PEPE,ethereum,0xd2DD7b597Fd2435b6dB61ddf48544fd931e6869F,kraken,Kraken,cex,Cold Wallet,3570657854545.0522,14425457.73236201,0.008487622369310067,ARKHAM_CHANNEL,HIGH,
PEPE,ethereum,0x9b0c45d46D386cEdD98873168C36efd0DcBa8d46,revolut,Revolut,cex,,3529441953717.8403,14258945.493020074,0.008389650226337303,ARKHAM_CHANNEL,HIGH,
WIF,solana,51yZyDSnec4xnUv7XLRVYcDyV4x3wUtzrDcRaYbmQU5j,,,,Robinhood Deposit,115931436.365964,22317381.157629903,0.11605603505364587,ARKHAM_CHANNEL,HIGH,Label-based identification
WIF,solana,9WzDXwBbmkg8ZTbNMqUxvQRAyrZzDsGYdLVL9zYtAWWM,binance,Binance,cex,Cold Wallet,103553319.01557,19934531.677092306,0.10366461417466484,ARKHAM_CHANNEL,HIGH,
WIF,solana,4xLpwxgYuPwPvtQjE94RLS4WZ4aD8NJYYKr2AJk99Qdg,robinhood,Robinhood,cex,Hot Wallet,68563227.225946,13198764.057130737,0.0686369163684545,ARKHAM_CHANNEL,HIGH,
WIF,solana,3gd3dqgtJ4jWfBfLYTX67DALFetjc5iS72sCgRhCkW2u,binance,Binance,cex,Cold Wallet,41084012.876031,7908877.898700348,0.04112816840665773,ARKHAM_CHANNEL,HIGH,
WIF,solana,5z7gxL5u4jCW9D6acu28LEw4RKTiBSG1EmXbtCX7efg2,revolut,Revolut,cex,Hot Wallet,25234547.080305,4857776.485694114,0.025261668209387942,ARKHAM_CHANNEL,HIGH,
WIF,solana,CBEADkb8TZAXHjVE3zwad4L995GZE7rJcacJ7asebkVG,okx,OKX,cex,Cold Wallet,21112012.49005,4064167.9643970756,0.02113470287613544,ARKHAM_CHANNEL,HIGH,
WIF,solana,5NUdHyuSFHPaHh1Ut2FAotfXmH6qQJu5XPvAxz1z1VMe,coinbase,Coinbase,cex,Cold Wallet,20913896.171453,4026029.58248556,0.020936373629672805,ARKHAM_CHANNEL,HIGH,
WIF,solana,u6PJ8DtQuPFnfmwHbGFULQ4u4EgjDiyYKjVEsynXq2w,gate-io,Gate,cex,Hot Wallet,14189250.720794,2731501.7100064494,0.014204500786474365,ARKHAM_CHANNEL,HIGH,
WIF,solana,3B7XAQrLoEMDEGvX8569F9GRb9PcXXocJmj5wvhhei9z,btcturk,BtcTurk,cex,Cold Wallet,13996271.647096,2694352.2734242156,0.014011314306225679,ARKHAM_CHANNEL,HIGH,
WIF,solana,6LY1JzAFVZsP2a2xKrtU6znQMQ5h4i7tocWdgrkZzkzF,kraken,Kraken,cex,Hot Wallet,13700253.817756,2637367.361187119,0.013714978328208992,ARKHAM_CHANNEL,HIGH,
WIF,solana,E2RvJg2myWpKcbkhBuF81gfhYr6KvmNcDbSmr5qnatYy,kraken,Kraken,cex,Cold Wallet,13382909.35615,2576276.9656056557,0.013397292796875068,ARKHAM_CHANNEL,HIGH,
WIF,solana,ADaENsRth44fqKE9vwXwQjjiNr6ZLd2jVTEkCp8hfRcL,,,,,13191700.354649,2539468.276771706,0.013205878291229491,ARKHAM_CHANNEL,UNKNOWN,No entity or label attribution available
WIF,solana,5Q544fKrFoe6tsEbD7S8EmxGTJYAKtTVhAW5Q5pge4j1,raydium,Raydium,dex,Authority V4,12755989.382198,2455591.736020026,0.012769699033237677,ARKHAM_CHANNEL,HIGH,
WIF,solana,CK8i4zFXkDE2KWfyg7g9S748r6mwxajbcKcyGhQMR3qQ,bybit,Bybit,cex,Hot Wallet,12242432.18577,2356729.4079216537,0.012255589885115378,ARKHAM_CHANNEL,HIGH,
WIF,solana,42brAgAVNzMBP7aaktPvAmBSPEkehnFQejiZc53EpJFd,bybit,Bybit,cex,Cold Wallet,11000002.007132,2117555.386382946,0.011011824389891582,ARKHAM_CHANNEL,HIGH,
WIF,solana,GBrURzmtWujJRTA3Bkvo7ZgWuZYLMMwPCwre7BejJXnK,binance,Binance,cex,Cold Wallet,10410235.535876,2004022.3918338097,0.010421424060118336,ARKHAM_CHANNEL,HIGH,
WIF,solana,EFE3j1pcSP1paUzA86zW7989ZjsFP2J7ginyUqo4ewqR,kraken,Kraken,cex,Cold Wallet,10296272.80636,1982083.9965883319,0.010307338847805715,ARKHAM_CHANNEL,HIGH,
WIF,solana,CMivUnnbDHxLq9ChV1bSuiQE5ycZf6JVvFFDePMHhHYK,bybit,Bybit,cex,Cold Wallet,10000009,1925051.732545,0.010010756628402305,ARKHAM_CHANNEL,HIGH,
WIF,solana,7TWnq4WeYcwQWBCwKeEX2Q9xqVtthPGkB7adNvueuVuh,bitget,Bitget,cex,Cold Wallet,9640981.189266,1855937.0838396514,0.009651342948266002,ARKHAM_CHANNEL,HIGH,
WIF,solana,5dSArCafNYy3AhWYMAY7VT7greBYzsJ4TDfU7jyESBB8,bitvavo,Bitvavo,cex,Cold Wallet,9554252.844568,1839241.443843563,0.009564521391249817,ARKHAM_CHANNEL,HIGH,
BONK,solana,9WzDXwBbmkg8ZTbNMqUxvQRAyrZzDsGYdLVL9zYtAWWM,binance,Binance,cex,Cold Wallet,6996666051223.322,43869096.141170226,0.07951232372514112,ARKHAM_CHANNEL,HIGH,
BONK,solana,51yZyDSnec4xnUv7XLRVYcDyV4x3wUtzrDcRaYbmQU5j,,,,Robinhood Deposit,4712047669409.044,29544538.887194708,0.05354919856905858,ARKHAM_CHANNEL,HIGH,Label-based identification
BONK,solana,AGkGWK1R669KDT4FCqgDgK7PgahGJPjD4J9xmVjuL9kn,bonk-inu,Bonk,meme,BonkDAO,4426104450305.966,27751674.903418407,0.0502996494784088,ARKHAM_CHANNEL,HIGH,
BONK,solana,7Lp4JBapgNhXoxpJtR2twufh7oaQyqngqJpy7HFJcn7h,upbit,Upbit,cex,Hot Wallet,3430821730516.8403,21511252.25034059,0.03898894217373828,ARKHAM_CHANNEL,HIGH,
BONK,solana,9AdEE8AAm1XgJrPEs4zkTPozr3o4U5iGbgvPwkNdLDJ3,bonk-inu,Bonk,meme,Stake Pool,3200376272559.6587,20066359.22894906,0.03637008717623899,ARKHAM_CHANNEL,HIGH,
BONK,solana,9RpzaFh4J8F6Qg1gjnhrhSp9eXdVDjsesZXe53qp7ubB,coinbase,Coinbase,cex,Cold Wallet,2688258761035.3022,16855382.431691345,0.030550221962789403,ARKHAM_CHANNEL,HIGH,
BONK,solana,1tjoQzWg21ceMAhyLVs4s2Zc1Pm27mLTcJ9EfEFu7km,,,,,2683756830161.133,16827155.3251103,0.030499060597871525,ARKHAM_CHANNEL,UNKNOWN,No entity or label attribution available
BONK,solana,GJ8HjXMqQ79WRvxeAMRMng4ZTaohPcF1MZmBf9tVPpXA,,,,,2683756830161.133,16827155.3251103,0.030499060597871525,ARKHAM_CHANNEL,UNKNOWN,No entity or label attribution available
BONK,solana,EbLm4ZtRqDftrQnZaMMvnwcKjK5ef5vm1Hg3sAPv3tKi,coinbase,Coinbase,cex,Cold Wallet,2677126193536.918,16785581.233476475,0.030423707948208308,ARKHAM_CHANNEL,HIGH,
BONK,solana,EfEgUV2uQAzTooo6L4oYiEm15F6JBTnGiWMejqxPaqL3,,,,,2468728678820.59,15478928.816205097,0.028055412744131453,ARKHAM_CHANNEL,UNKNOWN,No entity or label attribution available
BONK,solana,4xLpwxgYuPwPvtQjE94RLS4WZ4aD8NJYYKr2AJk99Qdg,robinhood,Robinhood,cex,Hot Wallet,2156579430166.628,13521753.027144756,0.024508050053411945,ARKHAM_CHANNEL,HIGH,
BONK,solana,8Mm46CsqxiyAputDUp2cXHg41HE3BfynTeMBDwzrMZQH,bithumb,Bithumb,cex,Hot Wallet,2059871998416.4788,12915397.43007132,0.02340903624259838,ARKHAM_CHANNEL,HIGH,
BONK,solana,CJjCPXBnSt6wRoyi7wzcMj5NbWvmPtzxE2JpWDMTRxj4,,,,,1690120280002.203,10597054.155613812,0.01920706088501464,ARKHAM_CHANNEL,UNKNOWN,No entity or label attribution available
BONK,solana,3B7XAQrLoEMDEGvX8569F9GRb9PcXXocJmj5wvhhei9z,btcturk,BtcTurk,cex,Cold Wallet,1539924594524.049,9655327.207665788,0.017500189658286536,ARKHAM_CHANNEL,HIGH,
BONK,solana,5oNhn2ESFHgg52xiEKBt93cEEnbsoUoekcxXsWpLbHUJ,,,,,1000000000000,6270000,0.011364315967494104,ARKHAM_CHANNEL,UNKNOWN,No entity or label attribution available
BONK,solana,F18jTyiQivKmuy3zYsJRjMBPgHab4is16betYFEY67WF,,,,Coinbase Prime Custody,897588802087.6913,5627881.789089825,0.010200482755809055,ARKHAM_CHANNEL,HIGH,Label-based identification
BONK,solana,Am8MAEorCMAKxphqjAz3Ff59NEwPm4W2eS3DQLi2B4hg,,,,,837866124920.75,5253420.603253103,0.009521775382059288,ARKHAM_CHANNEL,UNKNOWN,No entity or label attribution available
BONK,solana,634QWfYYzXuqdDWoVtNgQisVYkTdBmfBbBPYZoNZyHwE,,,,,835001000062.146,5235456.270389656,0.009489215197879791,ARKHAM_CHANNEL,UNKNOWN,No entity or label attribution available
BONK,solana,CK8i4zFXkDE2KWfyg7g9S748r6mwxajbcKcyGhQMR3qQ,bybit,Bybit,cex,Hot Wallet,705164253421.2328,4421379.86895113,0.008013709384860974,ARKHAM_CHANNEL,HIGH,
BONK,solana,GugU1tP7doLeTw9hQP51xRJyS8Da1fWxuiy2rVrnMD2m,wormhole,Wormhole,bridge,Custody Authority,624656961127.0854,3916599.146266826,0.007098799077542881,ARKHAM_CHANNEL,HIGH,
FLOKI,ethereum,0xb8D2471E35eE033Db509e0456c8eFc4135f4EE43,floki,Floki,meme,FlokiStakingPool,1018492244460.474,32713970.89207042,0.1018492244460474,ARKHAM_CHANNEL,HIGH,
FLOKI,ethereum,0x76eC5A0D3632b2133d9f1980903305B62678Fbd3,btcturk,BtcTurk,cex,Hot Wallet,425525683497.1154,13667884.953927347,0.04255256834971154,ARKHAM_CHANNEL,HIGH,
FLOKI,ethereum,0xC882b111A75C0c657fC507C04FbFcD2cC984F071,gate-io,Gate,cex,Cold Wallet,200508739930.07877,6440340.726554129,0.020050873993007878,ARKHAM_CHANNEL,HIGH,
FLOKI,ethereum,0x43684D03D81d3a4C70da68feBDd61029d426F042,binance,Binance,cex,Cold Wallet,188841664736.07,6065594.271322568,0.018884166473607,ARKHAM_CHANNEL,HIGH,
FLOKI,ethereum,0xc3681709ee476308b45812EAbE0EB22F3b816880,paribu,Paribu,cex,Cold Wallet,187430084771.16885,6020254.322849943,0.018743008477116886,ARKHAM_CHANNEL,HIGH,
FLOKI,ethereum,0x04b604712A92D8E206b7c9D1A74d2Aa78e8CDDa5,floki,Floki,meme,Gnosis Safe Proxy,164649094794.0946,5288528.924786318,0.01646490947940946,ARKHAM_CHANNEL,HIGH,
FLOKI,ethereum,0xA023f08c70A23aBc7EdFc5B6b5E171d78dFc947e,crypto-com,Crypto.com,cex,Hot Wallet,129496011332.06316,4159411.883985868,0.012949601133206316,ARKHAM_CHANNEL,HIGH,
FLOKI,ethereum,0xca7c2771D248dCBe09EABE0CE57A62e18dA178c0,uniswap,Uniswap,dex,V2 Pool,127200319517.7297,4085674.2629094776,0.012720031951772971,ARKHAM_CHANNEL,HIGH,
FLOKI,ethereum,0xa6e2839e73e623ef3853a6bd28d6F02A127a4307,,,,,104502969604.74345,3356635.383704359,0.010450296960474345,ARKHAM_CHANNEL,UNKNOWN,No entity or label attribution available
FLOKI,ethereum,0x2b9d5c7f2EAD1A221d771Fb6bb5E35Df04D60AB0,floki,Floki,meme,Gnosis Safe Proxy,93401704682.89111,3000062.7544144625,0.00934017046828911,ARKHAM_CHANNEL,HIGH,
FLOKI,ethereum,0x15Da7556D5ED888306839bed06f868AeaeDCb0d7,,,,,85503683802,2746378.3237202396,0.0085503683802,ARKHAM_CHANNEL,UNKNOWN,No entity or label attribution available
FLOKI,ethereum,0xCFFAd3200574698b78f32232aa9D63eABD290703,crypto-com,Crypto.com,cex,Hot Wallet,80147848943.65991,2574348.908070356,0.008014784894365991,ARKHAM_CHANNEL,HIGH,
FLOKI,ethereum,0x1d48963DD8FAdA6aB5C2C7b92Eba81ECC5030270,robinhood,Robinhood,cex,Cold Wallet,77687505557.18036,2495322.6784966327,0.007768750555718036,ARKHAM_CHANNEL,HIGH,
FLOKI,ethereum,0x841ed663F2636863D40be4EE76243377dff13a34,robinhood,Robinhood,cex,Hot Wallet,72809797735.68753,2338650.7032702835,0.007280979773568753,ARKHAM_CHANNEL,HIGH,
FLOKI,ethereum,0x0529ea5885702715e83923c59746ae8734c553B7,bitpanda,Bitpanda,cex,Cold Wallet,69576047642.70096,2234782.6502835546,0.006957604764270096,ARKHAM_CHANNEL,HIGH,
FLOKI,ethereum,0xEda2a65102351BCc259194b89086896Dcd82d991,coinbase,Coinbase,cex,Cold Wallet,67574317434.49264,2170487.0759959035,0.0067574317434492635,ARKHAM_CHANNEL,HIGH,
FLOKI,ethereum,0xc80Afd311c9626528De66D86814770361Fe92416,paribu,Paribu,cex,Hot Wallet,67521338096.61864,2168785.3796633906,0.006752133809661864,ARKHAM_CHANNEL,HIGH,
FLOKI,ethereum,0xF047D1071Ce4359A3140D864c74F230DDD11df03,coinbase,Coinbase,cex,Cold Wallet,62088917298.22829,1994296.0236190925,0.006208891729822828,ARKHAM_CHANNEL,HIGH,
FLOKI,ethereum,0x88a1493366D48225fc3cEFbdae9eBb23E323Ade3,bybit,Bybit,cex,Cold Wallet,60000000002,1927200.00006424,0.0060000000002,ARKHAM_CHANNEL,HIGH,
FLOKI,ethereum,0xda1CFA96dEb19C561FA48222F0A0d38Fc16fa54D,coinbase,Coinbase,cex,Cold Wallet,58466709619.64852,1877950.7129831102,0.005846670961964852,ARKHAM_CHANNEL,HIGH,