chain,address,moralis_entity,moralis_label,moralis_confidence,arkham_entity,arkham_label,arkham_entity_type,arkham_confidence,label_match_status,merged_entity,merged_label,merged_confidence,conflict_reason,action
ethereum,0x1ab4973a48dc892cd9971ece8e01dcc7688f8f23,,,MEDIUM,Bitget,Hot Wallet,cex,HIGH,ARKHAM_ONLY,Bitget,Hot Wallet,HIGH,,USE_ARKHAM
ethereum,125,,,MEDIUM,,,,UNKNOWN,UNKNOWN_BOTH,,,REVIEW_REQUIRED,No labels from either channel,REVIEW
ethereum,0x000000000004444c5dc75cb358380d2e3de08a90,,,MEDIUM,Uniswap,PoolManager,dex,HIGH,ARKHAM_ONLY,Uniswap,PoolManager,HIGH,,USE_ARKHAM
ethereum,7.352907246350817,,,MEDIUM,,,,UNKNOWN,UNKNOWN_BOTH,,,REVIEW_REQUIRED,No labels from either channel,REVIEW
ethereum,0x912ea703f42926096214f278ea689efe63e9febc,,,MEDIUM,,,,UNKNOWN,UNKNOWN_BOTH,,,REVIEW_REQUIRED,No labels from either channel,REVIEW
ethereum,1,,,MEDIUM,,,,UNKNOWN,UNKNOWN_BOTH,,,REVIEW_REQUIRED,No labels from either channel,REVIEW
ethereum,0x992c0c1433f321f568953127b5524bcc83ad7d74,,,MEDIUM,,,,UNKNOWN,UNKNOWN_BOTH,,,REVIEW_REQUIRED,No labels from either channel,REVIEW
ethereum,0xbda2754bba59b2f364db013947c3c5546843e94b,,,MEDIUM,,,,UNKNOWN,UNKNOWN_BOTH,,,REVIEW_REQUIRED,No labels from either channel,REVIEW
ethereum,0xaf2c9332398118a024bf56df286e5825dc929bcb,,,MEDIUM,,,,UNKNOWN,UNKNOWN_BOTH,,,REVIEW_REQUIRED,No labels from either channel,REVIEW
ethereum,24.86325356408305,,,MEDIUM,,,,UNKNOWN,UNKNOWN_BOTH,,,REVIEW_REQUIRED,No labels from either channel,REVIEW
ethereum,0x2fbc5155c08ee39607965bd47f18320c95dc4d80,,,MEDIUM,,,,UNKNOWN,UNKNOWN_BOTH,,,REVIEW_REQUIRED,No labels from either channel,REVIEW
ethereum,0x65256908fad62707b78e978efa29b1b7ada7054b,,,MEDIUM,,,,UNKNOWN,UNKNOWN_BOTH,,,REVIEW_REQUIRED,No labels from either channel,REVIEW
ethereum,0xdcf9cb5496684c73f9623cfe69a5169c3bf1dbaf,,,MEDIUM,,,,UNKNOWN,UNKNOWN_BOTH,,,REVIEW_REQUIRED,No labels from either channel,REVIEW
ethereum,6.96293084230582,,,MEDIUM,,,,UNKNOWN,UNKNOWN_BOTH,,,REVIEW_REQUIRED,No labels from either channel,REVIEW
ethereum,0x4f3879110135f1f4f85541be3cbbfc6081d7712c,,,MEDIUM,,,,UNKNOWN,UNKNOWN_BOTH,,,REVIEW_REQUIRED,No labels from either channel,REVIEW
ethereum,0x8e1068373f3ea504961ba65105a3dfaa4cecaf0a,,,MEDIUM,,,,UNKNOWN,UNKNOWN_BOTH,,,REVIEW_REQUIRED,No labels from either channel,REVIEW
ethereum,12.710263547203702,,,MEDIUM,,,,UNKNOWN,UNKNOWN_BOTH,,,REVIEW_REQUIRED,No labels from either channel,REVIEW
ethereum,0xff335b2f93e9b50f025f1672b5751c87651bfb89,,,MEDIUM,,,,UNKNOWN,UNKNOWN_BOTH,,,REVIEW_REQUIRED,No labels from either channel,REVIEW
ethereum,0x25a2f97c066a716974297399647d27bc0ec2c94a,,,MEDIUM,,,,UNKNOWN,UNKNOWN_BOTH,,,REVIEW_REQUIRED,No labels from either channel,REVIEW
ethereum,0xf89d7b9c864f589bbf53a82105107622b35eaa40,,,MEDIUM,Bybit,Hot Wallet,cex,HIGH,ARKHAM_ONLY,Bybit,Hot Wallet,HIGH,,USE_ARKHAM
ethereum,1428.4812106935822,,,MEDIUM,,,,UNKNOWN,UNKNOWN_BOTH,,,REVIEW_REQUIRED,No labels from either channel,REVIEW
ethereum,0xe9fb2a6665b1cefc35fcae291e08fe23799828f8,,,MEDIUM,,,,UNKNOWN,UNKNOWN_BOTH,,,REVIEW_REQUIRED,No labels from either channel,REVIEW
ethereum,0xa89718f32d705ccd04179171d40c0cf7d8d27128,,,MEDIUM,,,,UNKNOWN,UNKNOWN_BOTH,,,REVIEW_REQUIRED,No labels from either channel,REVIEW
ethereum,0xbecb96c1b2ef344109431edc27134bb2b463443d,,,MEDIUM,,,,UNKNOWN,UNKNOWN_BOTH,,,REVIEW_REQUIRED,No labels from either channel,REVIEW
ethereum,0x63331460c36da1494d0b2ef4bf9f0d8d5f065545,,,MEDIUM,,,,UNKNOWN,UNKNOWN_BOTH,,,REVIEW_REQUIRED,No labels from either channel,REVIEW
ethereum,0x44282ce11c9b20c17436f39ddcc8d986ae8ea552,,,MEDIUM,,,,UNKNOWN,UNKNOWN_BOTH,,,REVIEW_REQUIRED,No labels from either channel,REVIEW
ethereum,6667,,,MEDIUM,,,,UNKNOWN,UNKNOWN_BOTH,,,REVIEW_REQUIRED,No labels from either channel,REVIEW
ethereum,18.194728313705934,,,MEDIUM,,,,UNKNOWN,UNKNOWN_BOTH,,,REVIEW_REQUIRED,No labels from either channel,REVIEW
ethereum,0x74de5d4fcbf63e00296fd95d33236b9794016631,,,MEDIUM,,,,UNKNOWN,UNKNOWN_BOTH,,,REVIEW_REQUIRED,No labels from either channel,REVIEW
ethereum,0xeadab66c14a183fa8850cfcd185df987f242ef1c,,,MEDIUM,,,,UNKNOWN,UNKNOWN_BOTH,,,REVIEW_REQUIRED,No labels from either channel,REVIEW
ethereum,0xfb60ef241afbae68e0605cabc5369c893b2eb61f,,,MEDIUM,,,,UNKNOWN,UNKNOWN_BOTH,,,REVIEW_REQUIRED,No labels from either channel,REVIEW
ethereum,0x01e4e86db5f15b914c27ce808774b3a07f27a899,,,MEDIUM,,,,UNKNOWN,UNKNOWN_BOTH,,,REVIEW_REQUIRED,No labels from either channel,REVIEW
ethereum,0x516e2690ac865561b7e79136ce9d3231121b2b38,,,MEDIUM,,,,UNKNOWN,UNKNOWN_BOTH,,,REVIEW_REQUIRED,No labels from either channel,REVIEW
ethereum,0x4a532fbaa8e31fab0362281cc6a1ca1328b5b1ff,,,MEDIUM,,,,UNKNOWN,UNKNOWN_BOTH,,,REVIEW_REQUIRED,No labels from either channel,REVIEW
ethereum,2818.7477640000006,,,MEDIUM,,,,UNKNOWN,UNKNOWN_BOTH,,,REVIEW_REQUIRED,No labels from either channel,REVIEW
ethereum,0x8c80a47ed0ca3e41df78db2c29e8c89f2f04dee2,,,MEDIUM,,,,UNKNOWN,UNKNOWN_BOTH,,,REVIEW_REQUIRED,No labels from either channel,REVIEW
ethereum,165.83182030723194,,,MEDIUM,,,,UNKNOWN,UNKNOWN_BOTH,,,REVIEW_REQUIRED,No labels from either channel,REVIEW
ethereum,0x2fdb53366b19b97d3ebdb294457790044555ee0f,,,MEDIUM,,,,UNKNOWN,UNKNOWN_BOTH,,,REVIEW_REQUIRED,No labels from either channel,REVIEW
ethereum,0x4f31093c224c5133e53875d4963873b1476147de,,,MEDIUM,,,,UNKNOWN,UNKNOWN_BOTH,,,REVIEW_REQUIRED,No labels from either channel,REVIEW
ethereum,0x43078158881ec9bbc63b1126d1213f7162512436,,,MEDIUM,,,,UNKNOWN,UNKNOWN_BOTH,,,REVIEW_REQUIRED,No labels from either channel,REVIEW
ethereum,0x02591b4fb2cdbac1a95f488c4fd74612335d37db,,,MEDIUM,,,,UNKNOWN,UNKNOWN_BOTH,,,REVIEW_REQUIRED,No labels from either channel,REVIEW
ethereum,2818.747764,,,MEDIUM,,,,UNKNOWN,UNKNOWN_BOTH,,,REVIEW_REQUIRED,No labels from either channel,REVIEW
ethereum,1900.228206,,,MEDIUM,,,,UNKNOWN,UNKNOWN_BOTH,,,REVIEW_REQUIRED,No labels from either channel,REVIEW
ethereum,0xcaccd906389c10a78a6d582c2c39f354c9baf3f9,,,MEDIUM,,,,UNKNOWN,UNKNOWN_BOTH,,,REVIEW_REQUIRED,No labels from either channel,REVIEW
ethereum,2818.7477639999997,,,MEDIUM,,,,UNKNOWN,UNKNOWN_BOTH,,,REVIEW_REQUIRED,No labels from either channel,REVIEW
ethereum,0xf69e08177be68d6a347220d647f05c0b3113c1a7,,,MEDIUM,,,,UNKNOWN,UNKNOWN_BOTH,,,REVIEW_REQUIRED,No labels from either channel,REVIEW
ethereum,3.8194678118267227,,,MEDIUM,,,,UNKNOWN,UNKNOWN_BOTH,,,REVIEW_REQUIRED,No labels from either channel,REVIEW
ethereum,0x66a9893cc07d91d95644aedd05d03f95e1dba8af,,,MEDIUM,,,,UNKNOWN,UNKNOWN_BOTH,,,REVIEW_REQUIRED,No labels from either channel,REVIEW
ethereum,0x5642198745a7552f44474639943d1c00fd2a1a41,,,MEDIUM,,,,UNKNOWN,UNKNOWN_BOTH,,,REVIEW_REQUIRED,No labels from either channel,REVIEW
ethereum,0xf5a72cee4320d1c30fcefbf6ba476a3cfa627004,,,MEDIUM,,,,UNKNOWN,UNKNOWN_BOTH,,,REVIEW_REQUIRED,No labels from either channel,REVIEW
ethereum,8.349380056959124,,,MEDIUM,,,,UNKNOWN,UNKNOWN_BOTH,,,REVIEW_REQUIRED,No labels from either channel,REVIEW
ethereum,0xe2a1b8fab756ab4f8f2246cca35fa0835df6f20f,,,MEDIUM,,,,UNKNOWN,UNKNOWN_BOTH,,,REVIEW_REQUIRED,No labels from either channel,REVIEW
ethereum,3.4409620290777148,,,MEDIUM,,,,UNKNOWN,UNKNOWN_BOTH,,,REVIEW_REQUIRED,No labels from either channel,REVIEW
ethereum,0xa8a86390f65dc99a2459b6c835f2e36212c509ce,,,MEDIUM,,,,UNKNOWN,UNKNOWN_BOTH,,,REVIEW_REQUIRED,No labels from either channel,REVIEW
ethereum,102.093471248933,,,MEDIUM,,,,UNKNOWN,UNKNOWN_BOTH,,,REVIEW_REQUIRED,No labels from either channel,REVIEW
ethereum,117.14876908421277,,,MEDIUM,,,,UNKNOWN,UNKNOWN_BOTH,,,REVIEW_REQUIRED,No labels from either channel,REVIEW
ethereum,0x6a93ef5f666eebe84ba130f8404ad56ee197006c,,,MEDIUM,,,,UNKNOWN,UNKNOWN_BOTH,,,REVIEW_REQUIRED,No labels from either channel,REVIEW
ethereum,0xb300000b72deaeb607a12d5f54773d1c19c7028d,,,MEDIUM,,,,UNKNOWN,UNKNOWN_BOTH,,,REVIEW_REQUIRED,No labels from either channel,REVIEW
ethereum,149.12774514195598,,,MEDIUM,,,,UNKNOWN,UNKNOWN_BOTH,,,REVIEW_REQUIRED,No labels from either channel,REVIEW
ethereum,69.64068770734801,,,MEDIUM,,,,UNKNOWN,UNKNOWN_BOTH,,,REVIEW_REQUIRED,No labels from either channel,REVIEW
ethereum,228.793827480696,,,MEDIUM,,,,UNKNOWN,UNKNOWN_BOTH,,,REVIEW_REQUIRED,No labels from either channel,REVIEW
ethereum,0x04ce218ead72401702dd5f3e56cedb7d2d477777,,,MEDIUM,,,,UNKNOWN,UNKNOWN_BOTH,,,REVIEW_REQUIRED,No labels from either channel,REVIEW
ethereum,447.56226033,,,MEDIUM,,,,UNKNOWN,UNKNOWN_BOTH,,,REVIEW_REQUIRED,No labels from either channel,REVIEW
ethereum,0x5d98f54d829708eeb2aa555badb96bcb5400def1,,,MEDIUM,,,,UNKNOWN,UNKNOWN_BOTH,,,REVIEW_REQUIRED,No labels from either channel,REVIEW
ethereum,0x27a60f6af1fb49ba4d8dfcfce880a6581655c64b,,,MEDIUM,,,,UNKNOWN,UNKNOWN_BOTH,,,REVIEW_REQUIRED,No labels from either channel,REVIEW
ethereum,0x25b948c7a5f095d6c0d8247104fa7e5a89fa7e3f,,,MEDIUM,,,,UNKNOWN,UNKNOWN_BOTH,,,REVIEW_REQUIRED,No labels from either channel,REVIEW
ethereum,102.09347124893357,,,MEDIUM,,,,UNKNOWN,UNKNOWN_BOTH,,,REVIEW_REQUIRED,No labels from either channel,REVIEW
ethereum,62.06435477,,,MEDIUM,,,,UNKNOWN,UNKNOWN_BOTH,,,REVIEW_REQUIRED,No labels from either channel,REVIEW
ethereum,0xcc917188a23883cbfa8bdca3d1705289d363d26d,,,MEDIUM,,,,UNKNOWN,UNKNOWN_BOTH,,,REVIEW_REQUIRED,No labels from either channel,REVIEW
ethereum,0x43a46b6886dccf0c2c9dc464fd6a95dc05abe05d,,,MEDIUM,,,,UNKNOWN,UNKNOWN_BOTH,,,REVIEW_REQUIRED,No labels from either channel,REVIEW
ethereum,28.905928937299112,,,MEDIUM,,,,UNKNOWN,UNKNOWN_BOTH,,,REVIEW_REQUIRED,No labels from either channel,REVIEW
ethereum,28.118344207125,,,MEDIUM,,,,UNKNOWN,UNKNOWN_BOTH,,,REVIEW_REQUIRED,No labels from either channel,REVIEW
ethereum,29.147917540905063,,,MEDIUM,,,,UNKNOWN,UNKNOWN_BOTH,,,REVIEW_REQUIRED,No labels from either channel,REVIEW
ethereum,16.528708685773,,,MEDIUM,,,,UNKNOWN,UNKNOWN_BOTH,,,REVIEW_REQUIRED,No labels from either channel,REVIEW
ethereum,18.203939681631,,,MEDIUM,,,,UNKNOWN,UNKNOWN_BOTH,,,REVIEW_REQUIRED,No labels from either channel,REVIEW
ethereum,0x50be8f30f3c7a522eef5def8cc646af1b4a7c538,,,MEDIUM,,,,UNKNOWN,UNKNOWN_BOTH,,,REVIEW_REQUIRED,No labels from either channel,REVIEW
ethereum,16.820500832477073,,,MEDIUM,,,,UNKNOWN,UNKNOWN_BOTH,,,REVIEW_REQUIRED,No labels from either channel,REVIEW
ethereum,0x9008d19f58aabd9ed0d60971565aa8510560ab41,,,MEDIUM,,,,UNKNOWN,UNKNOWN_BOTH,,,REVIEW_REQUIRED,No labels from either channel,REVIEW
ethereum,21.360863200361457,,,MEDIUM,,,,UNKNOWN,UNKNOWN_BOTH,,,REVIEW_REQUIRED,No labels from either channel,REVIEW
ethereum,15.818658726779,,,MEDIUM,,,,UNKNOWN,UNKNOWN_BOTH,,,REVIEW_REQUIRED,No labels from either channel,REVIEW
ethereum,19.38085054528,,,MEDIUM,,,,UNKNOWN,UNKNOWN_BOTH,,,REVIEW_REQUIRED,No labels from either channel,REVIEW
ethereum,0xb9e10ea437ab83417d05fcb83d7fae61e27ba066,,,MEDIUM,,,,UNKNOWN,UNKNOWN_BOTH,,,REVIEW_REQUIRED,No labels from either channel,REVIEW
ethereum,28.118344207125716,,,MEDIUM,,,,UNKNOWN,UNKNOWN_BOTH,,,REVIEW_REQUIRED,No labels from either channel,REVIEW
ethereum,16.561136955632,,,MEDIUM,,,,UNKNOWN,UNKNOWN_BOTH,,,REVIEW_REQUIRED,No labels from either channel,REVIEW
ethereum,19.58393011138,,,MEDIUM,,,,UNKNOWN,UNKNOWN_BOTH,,,REVIEW_REQUIRED,No labels from either channel,REVIEW
ethereum,19.877886191038,,,MEDIUM,,,,UNKNOWN,UNKNOWN_BOTH,,,REVIEW_REQUIRED,No labels from either channel,REVIEW
ethereum,15.572386967267999,,,MEDIUM,,,,UNKNOWN,UNKNOWN_BOTH,,,REVIEW_REQUIRED,No labels from either channel,REVIEW
ethereum,19.104685143325998,,,MEDIUM,,,,UNKNOWN,UNKNOWN_BOTH,,,REVIEW_REQUIRED,No labels from either channel,REVIEW
ethereum,19.405039021613998,,,MEDIUM,,,,UNKNOWN,UNKNOWN_BOTH,,,REVIEW_REQUIRED,No labels from either channel,REVIEW
ethereum,31.894451407601807,,,MEDIUM,,,,UNKNOWN,UNKNOWN_BOTH,,,REVIEW_REQUIRED,No labels from either channel,REVIEW
ethereum,0x02f28b41221b95660f87783efdbb26ad054af484,,,MEDIUM,,,,UNKNOWN,UNKNOWN_BOTH,,,REVIEW_REQUIRED,No labels from either channel,REVIEW
ethereum,0x71a8563d011dd2df7973d79eaa226d61692ec85f,,,MEDIUM,,,,UNKNOWN,UNKNOWN_BOTH,,,REVIEW_REQUIRED,No labels from either channel,REVIEW
ethereum,18.204062783581733,,,MEDIUM,,,,UNKNOWN,UNKNOWN_BOTH,,,REVIEW_REQUIRED,No labels from either channel,REVIEW
ethereum,22.442882468707488,,,MEDIUM,,,,UNKNOWN,UNKNOWN_BOTH,,,REVIEW_REQUIRED,No labels from either channel,REVIEW
ethereum,0x4f04195129a23ae3fa443e8253a553658c4d2413,,,MEDIUM,,,,UNKNOWN,UNKNOWN_BOTH,,,REVIEW_REQUIRED,No labels from either channel,REVIEW
ethereum,18.068784428106092,,,MEDIUM,,,,UNKNOWN,UNKNOWN_BOTH,,,REVIEW_REQUIRED,No labels from either channel,REVIEW
ethereum,21.55393,,,MEDIUM,,,,UNKNOWN,UNKNOWN_BOTH,,,REVIEW_REQUIRED,No labels from either channel,REVIEW
ethereum,0xeb6328f677b5dddebb4599eb6f32a9343a881704,,,MEDIUM,,,,UNKNOWN,UNKNOWN_BOTH,,,REVIEW_REQUIRED,No labels from either channel,REVIEW
ethereum,0x98133d04281f9c5f6290716d02361d17a18a0517,,,MEDIUM,,,,UNKNOWN,UNKNOWN_BOTH,,,REVIEW_REQUIRED,No labels from either channel,REVIEW
ethereum,5.746540647042086,,,MEDIUM,,,,UNKNOWN,UNKNOWN_BOTH,,,REVIEW_REQUIRED,No labels from either channel,REVIEW
ethereum,13.110071188266106,,,MEDIUM,,,,UNKNOWN,UNKNOWN_BOTH,,,REVIEW_REQUIRED,No labels from either channel,REVIEW
ethereum,0x7f54f05635d15cde17a49502fedb9d1803a3be8a,,,MEDIUM,,,,UNKNOWN,UNKNOWN_BOTH,,,REVIEW_REQUIRED,No labels from either channel,REVIEW
ethereum,0x097fd934ce9124fe6aec6dd325108b34986770d1,,,MEDIUM,,,,UNKNOWN,UNKNOWN_BOTH,,,REVIEW_REQUIRED,No labels from either channel,REVIEW
ethereum,387.5186086001061,,,MEDIUM,,,,UNKNOWN,UNKNOWN_BOTH,,,REVIEW_REQUIRED,No labels from either channel,REVIEW
ethereum,0x6993f32bec7edef817be6db869a226572cfb919e,,,MEDIUM,,,,UNKNOWN,UNKNOWN_BOTH,,,REVIEW_REQUIRED,No labels from either channel,REVIEW
ethereum,73.41257925061521,,,MEDIUM,,,,UNKNOWN,UNKNOWN_BOTH,,,REVIEW_REQUIRED,No labels from either channel,REVIEW
ethereum,0xe263d8702220ef358b3b6cd3af3960e296b8a25b,,,MEDIUM,,,,UNKNOWN,UNKNOWN_BOTH,,,REVIEW_REQUIRED,No labels from either channel,REVIEW
ethereum,79.93291643204307,,,MEDIUM,,,,UNKNOWN,UNKNOWN_BOTH,,,REVIEW_REQUIRED,No labels from either channel,REVIEW
ethereum,7.9932916511e-8,,,MEDIUM,,,,UNKNOWN,UNKNOWN_BOTH,,,REVIEW_REQUIRED,No labels from either channel,REVIEW
ethereum,0x62ccef0b4545166f721caa9fee13c1d3767e27dc,,,MEDIUM,,,,UNKNOWN,UNKNOWN_BOTH,,,REVIEW_REQUIRED,No labels from either channel,REVIEW
ethereum,79.93291651197598,,,MEDIUM,,,,UNKNOWN,UNKNOWN_BOTH,,,REVIEW_REQUIRED,No labels from either channel,REVIEW
ethereum,720.3716293402513,,,MEDIUM,,,,UNKNOWN,UNKNOWN_BOTH,,,REVIEW_REQUIRED,No labels from either channel,REVIEW
ethereum,0xfaa0a5c1a1aec3ee75a9963abc187fdc5455e5af,,,MEDIUM,,,,UNKNOWN,UNKNOWN_BOTH,,,REVIEW_REQUIRED,No labels from either channel,REVIEW
ethereum,75.00009087601543,,,MEDIUM,,,,UNKNOWN,UNKNOWN_BOTH,,,REVIEW_REQUIRED,No labels from either channel,REVIEW
ethereum,0x238a358808379702088667322f80ac48bad5e6c4,,,MEDIUM,,,,UNKNOWN,UNKNOWN_BOTH,,,REVIEW_REQUIRED,No labels from either channel,REVIEW
ethereum,525.2139277573025,,,MEDIUM,,,,UNKNOWN,UNKNOWN_BOTH,,,REVIEW_REQUIRED,No labels from either channel,REVIEW
ethereum,0xbd97306a087ed0c46b783cfbfdcdc6c12c7a2866,,,MEDIUM,,,,UNKNOWN,UNKNOWN_BOTH,,,REVIEW_REQUIRED,No labels from either channel,REVIEW
ethereum,1750.51944,,,MEDIUM,,,,UNKNOWN,UNKNOWN_BOTH,,,REVIEW_REQUIRED,No labels from either channel,REVIEW
ethereum,0xc5a1350019fabafe58cb2c3576672b6f7e1fd562,,,MEDIUM,,,,UNKNOWN,UNKNOWN_BOTH,,,REVIEW_REQUIRED,No labels from either channel,REVIEW
ethereum,694.5147897955127,,,MEDIUM,,,,UNKNOWN,UNKNOWN_BOTH,,,REVIEW_REQUIRED,No labels from either channel,REVIEW
ethereum,98.00016624223896,,,MEDIUM,,,,UNKNOWN,UNKNOWN_BOTH,,,REVIEW_REQUIRED,No labels from either channel,REVIEW
ethereum,526.7035045107268,,,MEDIUM,,,,UNKNOWN,UNKNOWN_BOTH,,,REVIEW_REQUIRED,No labels from either channel,REVIEW
ethereum,712.4320275179948,,,MEDIUM,,,,UNKNOWN,UNKNOWN_BOTH,,,REVIEW_REQUIRED,No labels from either channel,REVIEW
ethereum,0x93fc0e844cb6476aadc0186e6bdfb7c78aeb087b,,,MEDIUM,,,,UNKNOWN,UNKNOWN_BOTH,,,REVIEW_REQUIRED,No labels from either channel,REVIEW
ethereum,21.43327041031362,,,MEDIUM,,,,UNKNOWN,UNKNOWN_BOTH,,,REVIEW_REQUIRED,No labels from either channel,REVIEW
ethereum,134,,,MEDIUM,,,,UNKNOWN,UNKNOWN_BOTH,,,REVIEW_REQUIRED,No labels from either channel,REVIEW
ethereum,0x33d66fc0423eb4f69878f38fa2121a4a34a3907e,,,MEDIUM,,,,UNKNOWN,UNKNOWN_BOTH,,,REVIEW_REQUIRED,No labels from either channel,REVIEW
ethereum,921.5654261738397,,,MEDIUM,,,,UNKNOWN,UNKNOWN_BOTH,,,REVIEW_REQUIRED,No labels from either channel,REVIEW
ethereum,94.00012537121383,,,MEDIUM,,,,UNKNOWN,UNKNOWN_BOTH,,,REVIEW_REQUIRED,No labels from either channel,REVIEW
ethereum,671.5427700699444,,,MEDIUM,,,,UNKNOWN,UNKNOWN_BOTH,,,REVIEW_REQUIRED,No labels from either channel,REVIEW
ethereum,589.0024674264452,,,MEDIUM,,,,UNKNOWN,UNKNOWN_BOTH,,,REVIEW_REQUIRED,No labels from either channel,REVIEW
ethereum,2.9249931378394223,,,MEDIUM,,,,UNKNOWN,UNKNOWN_BOTH,,,REVIEW_REQUIRED,No labels from either channel,REVIEW
ethereum,329.04,,,MEDIUM,,,,UNKNOWN,UNKNOWN_BOTH,,,REVIEW_REQUIRED,No labels from either channel,REVIEW
ethereum,632.5388691708889,,,MEDIUM,,,,UNKNOWN,UNKNOWN_BOTH,,,REVIEW_REQUIRED,No labels from either channel,REVIEW
ethereum,834.6874314165003,,,MEDIUM,,,,UNKNOWN,UNKNOWN_BOTH,,,REVIEW_REQUIRED,No labels from either channel,REVIEW
ethereum,761.8915168297308,,,MEDIUM,,,,UNKNOWN,UNKNOWN_BOTH,,,REVIEW_REQUIRED,No labels from either channel,REVIEW
ethereum,82.95512859924303,,,MEDIUM,,,,UNKNOWN,UNKNOWN_BOTH,,,REVIEW_REQUIRED,No labels from either channel,REVIEW
ethereum,166.10242101992455,,,MEDIUM,,,,UNKNOWN,UNKNOWN_BOTH,,,REVIEW_REQUIRED,No labels from either channel,REVIEW
ethereum,573.9222082936107,,,MEDIUM,,,,UNKNOWN,UNKNOWN_BOTH,,,REVIEW_REQUIRED,No labels from either channel,REVIEW
ethereum,1081.3854654184718,,,MEDIUM,,,,UNKNOWN,UNKNOWN_BOTH,,,REVIEW_REQUIRED,No labels from either channel,REVIEW
ethereum,445.74808544006214,,,MEDIUM,,,,UNKNOWN,UNKNOWN_BOTH,,,REVIEW_REQUIRED,No labels from either channel,REVIEW
ethereum,126.00019710346,,,MEDIUM,,,,UNKNOWN,UNKNOWN_BOTH,,,REVIEW_REQUIRED,No labels from either channel,REVIEW
ethereum,577.7922115007442,,,MEDIUM,,,,UNKNOWN,UNKNOWN_BOTH,,,REVIEW_REQUIRED,No labels from either channel,REVIEW
ethereum,357.0755903379236,,,MEDIUM,,,,UNKNOWN,UNKNOWN_BOTH,,,REVIEW_REQUIRED,No labels from either channel,REVIEW
ethereum,264.34276129620235,,,MEDIUM,,,,UNKNOWN,UNKNOWN_BOTH,,,REVIEW_REQUIRED,No labels from either channel,REVIEW
ethereum,94.00012701456667,,,MEDIUM,,,,UNKNOWN,UNKNOWN_BOTH,,,REVIEW_REQUIRED,No labels from either channel,REVIEW
ethereum,785.2924858170417,,,MEDIUM,,,,UNKNOWN,UNKNOWN_BOTH,,,REVIEW_REQUIRED,No labels from either channel,REVIEW
ethereum,49,,,MEDIUM,,,,UNKNOWN,UNKNOWN_BOTH,,,REVIEW_REQUIRED,No labels from either channel,REVIEW
ethereum,226.23101374885957,,,MEDIUM,,,,UNKNOWN,UNKNOWN_BOTH,,,REVIEW_REQUIRED,No labels from either channel,REVIEW
ethereum,497.5487555335284,,,MEDIUM,,,,UNKNOWN,UNKNOWN_BOTH,,,REVIEW_REQUIRED,No labels from either channel,REVIEW
ethereum,77.00009524627427,,,MEDIUM,,,,UNKNOWN,UNKNOWN_BOTH,,,REVIEW_REQUIRED,No labels from either channel,REVIEW
ethereum,817.5622553161754,,,MEDIUM,,,,UNKNOWN,UNKNOWN_BOTH,,,REVIEW_REQUIRED,No labels from either channel,REVIEW
ethereum,176.30744351867185,,,MEDIUM,,,,UNKNOWN,UNKNOWN_BOTH,,,REVIEW_REQUIRED,No labels from either channel,REVIEW
ethereum,1043.7932690650348,,,MEDIUM,,,,UNKNOWN,UNKNOWN_BOTH,,,REVIEW_REQUIRED,No labels from either channel,REVIEW
ethereum,269,,,MEDIUM,,,,UNKNOWN,UNKNOWN_BOTH,,,REVIEW_REQUIRED,No labels from either channel,REVIEW
ethereum,0xc7e3ca54c37f9fc884b588f395e6b60666308f28,,,MEDIUM,,,,UNKNOWN,UNKNOWN_BOTH,,,REVIEW_REQUIRED,No labels from either channel,REVIEW
ethereum,62.17107128504708,,,MEDIUM,,,,UNKNOWN,UNKNOWN_BOTH,,,REVIEW_REQUIRED,No labels from either channel,REVIEW
ethereum,80,,,MEDIUM,,,,UNKNOWN,UNKNOWN_BOTH,,,REVIEW_REQUIRED,No labels from either channel,REVIEW
ethereum,0xaa86268030aae432ac471f220080ba3e46b52b43,,,MEDIUM,,,,UNKNOWN,UNKNOWN_BOTH,,,REVIEW_REQUIRED,No labels from either channel,REVIEW
ethereum,189,,,MEDIUM,,,,UNKNOWN,UNKNOWN_BOTH,,,REVIEW_REQUIRED,No labels from either channel,REVIEW
ethereum,76.58595743030112,,,MEDIUM,,,,UNKNOWN,UNKNOWN_BOTH,,,REVIEW_REQUIRED,No labels from either channel,REVIEW
ethereum,0x7d7106e0bd3ee6d85e88dabf8721175731cd37f2,,,MEDIUM,,,,UNKNOWN,UNKNOWN_BOTH,,,REVIEW_REQUIRED,No labels from either channel,REVIEW
ethereum,4.356549600091736,,,MEDIUM,,,,UNKNOWN,UNKNOWN_BOTH,,,REVIEW_REQUIRED,No labels from either channel,REVIEW
ethereum,0xb5cb0550811d3ded8203b64a51b8c6781644df4e,,,MEDIUM,,,,UNKNOWN,UNKNOWN_BOTH,,,REVIEW_REQUIRED,No labels from either channel,REVIEW
ethereum,109,,,MEDIUM,,,,UNKNOWN,UNKNOWN_BOTH,,,REVIEW_REQUIRED,No labels from either channel,REVIEW
ethereum,6.87,,,MEDIUM,,,,UNKNOWN,UNKNOWN_BOTH,,,REVIEW_REQUIRED,No labels from either channel,REVIEW
ethereum,0x085f29091ee8a818ede960a89bd578fe4ac8e824,,,MEDIUM,,,,UNKNOWN,UNKNOWN_BOTH,,,REVIEW_REQUIRED,No labels from either channel,REVIEW
ethereum,42.9,,,MEDIUM,,,,UNKNOWN,UNKNOWN_BOTH,,,REVIEW_REQUIRED,No labels from either channel,REVIEW
ethereum,148.18,,,MEDIUM,,,,UNKNOWN,UNKNOWN_BOTH,,,REVIEW_REQUIRED,No labels from either channel,REVIEW
ethereum,69.89416404908572,,,MEDIUM,,,,UNKNOWN,UNKNOWN_BOTH,,,REVIEW_REQUIRED,No labels from either channel,REVIEW
ethereum,0x9999b0cdd35d7f3b281ba02efc0d228486940515,,,MEDIUM,,,,UNKNOWN,UNKNOWN_BOTH,,,REVIEW_REQUIRED,No labels from either channel,REVIEW
ethereum,852.8565000469082,,,MEDIUM,,,,UNKNOWN,UNKNOWN_BOTH,,,REVIEW_REQUIRED,No labels from either channel,REVIEW
ethereum,67,,,MEDIUM,,,,UNKNOWN,UNKNOWN_BOTH,,,REVIEW_REQUIRED,No labels from either channel,REVIEW
ethereum,187.64,,,MEDIUM,,,,UNKNOWN,UNKNOWN_BOTH,,,REVIEW_REQUIRED,No labels from either channel,REVIEW
ethereum,38.91019979018087,,,MEDIUM,,,,UNKNOWN,UNKNOWN_BOTH,,,REVIEW_REQUIRED,No labels from either channel,REVIEW
ethereum,0x98cb8cc0048defc498e7c885619ce2e236664c46,,,MEDIUM,,,,UNKNOWN,UNKNOWN_BOTH,,,REVIEW_REQUIRED,No labels from either channel,REVIEW
ethereum,936.8486509965096,,,MEDIUM,,,,UNKNOWN,UNKNOWN_BOTH,,,REVIEW_REQUIRED,No labels from either channel,REVIEW
ethereum,26.69,,,MEDIUM,,,,UNKNOWN,UNKNOWN_BOTH,,,REVIEW_REQUIRED,No labels from either channel,REVIEW
ethereum,305.71,,,MEDIUM,,,,UNKNOWN,UNKNOWN_BOTH,,,REVIEW_REQUIRED,No labels from either channel,REVIEW
ethereum,68.84,,,MEDIUM,,,,UNKNOWN,UNKNOWN_BOTH,,,REVIEW_REQUIRED,No labels from either channel,REVIEW
ethereum,263.56,,,MEDIUM,,,,UNKNOWN,UNKNOWN_BOTH,,,REVIEW_REQUIRED,No labels from either channel,REVIEW
ethereum,1282.0413152482151,,,MEDIUM,,,,UNKNOWN,UNKNOWN_BOTH,,,REVIEW_REQUIRED,No labels from either channel,REVIEW
ethereum,120,,,MEDIUM,,,,UNKNOWN,UNKNOWN_BOTH,,,REVIEW_REQUIRED,No labels from either channel,REVIEW
ethereum,0xd04fe2fdb8ccce24364725d6cf6f917f982b4777,,,MEDIUM,,,,UNKNOWN,UNKNOWN_BOTH,,,REVIEW_REQUIRED,No labels from either channel,REVIEW
ethereum,292.3277776751026,,,MEDIUM,,,,UNKNOWN,UNKNOWN_BOTH,,,REVIEW_REQUIRED,No labels from either channel,REVIEW
ethereum,741.7189750101356,,,MEDIUM,,,,UNKNOWN,UNKNOWN_BOTH,,,REVIEW_REQUIRED,No labels from either channel,REVIEW
ethereum,6.395054381151463,,,MEDIUM,,,,UNKNOWN,UNKNOWN_BOTH,,,REVIEW_REQUIRED,No labels from either channel,REVIEW
ethereum,79.96182319158743,,,MEDIUM,,,,UNKNOWN,UNKNOWN_BOTH,,,REVIEW_REQUIRED,No labels from either channel,REVIEW
ethereum,7.9961823271e-8,,,MEDIUM,,,,UNKNOWN,UNKNOWN_BOTH,,,REVIEW_REQUIRED,No labels from either channel,REVIEW
ethereum,79.96182327154924,,,MEDIUM,,,,UNKNOWN,UNKNOWN_BOTH,,,REVIEW_REQUIRED,No labels from either channel,REVIEW
ethereum,420.5550004115051,,,MEDIUM,,,,UNKNOWN,UNKNOWN_BOTH,,,REVIEW_REQUIRED,No labels from either channel,REVIEW
ethereum,873.1963273339205,,,MEDIUM,,,,UNKNOWN,UNKNOWN_BOTH,,,REVIEW_REQUIRED,No labels from either channel,REVIEW
ethereum,610.1624466712342,,,MEDIUM,,,,UNKNOWN,UNKNOWN_BOTH,,,REVIEW_REQUIRED,No labels from either channel,REVIEW
ethereum,805.0707119301916,,,MEDIUM,,,,UNKNOWN,UNKNOWN_BOTH,,,REVIEW_REQUIRED,No labels from either channel,REVIEW
ethereum,0x73d8bd54f7cf5fab43fe4ef40a62d390644946db,,,MEDIUM,Binance Wallet,Proxy (EIP-1967 Transparent),misc,HIGH,ARKHAM_ONLY,Binance Wallet,Proxy (EIP-1967 Transparent),HIGH,,USE_ARKHAM
ethereum,13.343323956171552,,,MEDIUM,,,,UNKNOWN,UNKNOWN_BOTH,,,REVIEW_REQUIRED,No labels from either channel,REVIEW
ethereum,0x6aba0315493b7e6989041c91181337b662fb1b90,,,MEDIUM,,,,UNKNOWN,UNKNOWN_BOTH,,,REVIEW_REQUIRED,No labels from either channel,REVIEW
ethereum,84.67335105048913,,,MEDIUM,,,,UNKNOWN,UNKNOWN_BOTH,,,REVIEW_REQUIRED,No labels from either channel,REVIEW
ethereum,906.984913622328,,,MEDIUM,,,,UNKNOWN,UNKNOWN_BOTH,,,REVIEW_REQUIRED,No labels from either channel,REVIEW
ethereum,169.33170333066232,,,MEDIUM,,,,UNKNOWN,UNKNOWN_BOTH,,,REVIEW_REQUIRED,No labels from either channel,REVIEW
ethereum,350.71489397835046,,,MEDIUM,,,,UNKNOWN,UNKNOWN_BOTH,,,REVIEW_REQUIRED,No labels from either channel,REVIEW
ethereum,1712.0556255525196,,,MEDIUM,,,,UNKNOWN,UNKNOWN_BOTH,,,REVIEW_REQUIRED,No labels from either channel,REVIEW
ethereum,166.2,,,MEDIUM,,,,UNKNOWN,UNKNOWN_BOTH,,,REVIEW_REQUIRED,No labels from either channel,REVIEW
ethereum,465,,,MEDIUM,,,,UNKNOWN,UNKNOWN_BOTH,,,REVIEW_REQUIRED,No labels from either channel,REVIEW
ethereum,29.614499391635647,,,MEDIUM,,,,UNKNOWN,UNKNOWN_BOTH,,,REVIEW_REQUIRED,No labels from either channel,REVIEW
ethereum,0x25c3c965e99223bc450ca059ceab89ce9912a3f3,,,MEDIUM,,,,UNKNOWN,UNKNOWN_BOTH,,,REVIEW_REQUIRED,No labels from either channel,REVIEW
ethereum,304,,,MEDIUM,,,,UNKNOWN,UNKNOWN_BOTH,,,REVIEW_REQUIRED,No labels from either channel,REVIEW
ethereum,0x9ae65cd9531b9fc0999278d6b5c98c4c22e14f1b,,,MEDIUM,,,,UNKNOWN,UNKNOWN_BOTH,,,REVIEW_REQUIRED,No labels from either channel,REVIEW
ethereum,2575.8261881709864,,,MEDIUM,,,,UNKNOWN,UNKNOWN_BOTH,,,REVIEW_REQUIRED,No labels from either channel,REVIEW
ethereum,1494.0018972274625,,,MEDIUM,,,,UNKNOWN,UNKNOWN_BOTH,,,REVIEW_REQUIRED,No labels from either channel,REVIEW
ethereum,2401.771046652543,,,MEDIUM,,,,UNKNOWN,UNKNOWN_BOTH,,,REVIEW_REQUIRED,No labels from either channel,REVIEW
ethereum,1367.070920382733,,,MEDIUM,,,,UNKNOWN,UNKNOWN_BOTH,,,REVIEW_REQUIRED,No labels from either channel,REVIEW
ethereum,0x7eb8317c77de6fb2e6e3495cffaaa29fee0af69a,,,MEDIUM,,,,UNKNOWN,UNKNOWN_BOTH,,,REVIEW_REQUIRED,No labels from either channel,REVIEW
ethereum,265.9187215518895,,,MEDIUM,,,,UNKNOWN,UNKNOWN_BOTH,,,REVIEW_REQUIRED,No labels from either channel,REVIEW
ethereum,0x6fc616383bc959ae8b72037cf24f2f5ec87e4639,,,MEDIUM,,,,UNKNOWN,UNKNOWN_BOTH,,,REVIEW_REQUIRED,No labels from either channel,REVIEW
ethereum,3845.7642962217487,,,MEDIUM,,,,UNKNOWN,UNKNOWN_BOTH,,,REVIEW_REQUIRED,No labels from either channel,REVIEW
ethereum,0x28e2ea090877bf75740558f6bfb36a5ffee9e9df,,,MEDIUM,,,,UNKNOWN,UNKNOWN_BOTH,,,REVIEW_REQUIRED,No labels from either channel,REVIEW
ethereum,2.616649038897323,,,MEDIUM,,,,UNKNOWN,UNKNOWN_BOTH,,,REVIEW_REQUIRED,No labels from either channel,REVIEW
ethereum,0x72a815c51e0be4dfac8e089079fe8f36a9151c04,,,MEDIUM,,,,UNKNOWN,UNKNOWN_BOTH,,,REVIEW_REQUIRED,No labels from either channel,REVIEW
ethereum,0x916f992df86795f24de6c268cfb9031fbb1155da,,,MEDIUM,PancakeSwap,V3 Pool,dex,HIGH,ARKHAM_ONLY,PancakeSwap,V3 Pool,HIGH,,USE_ARKHAM
ethereum,120.02464626458247,,,MEDIUM,,,,UNKNOWN,UNKNOWN_BOTH,,,REVIEW_REQUIRED,No labels from either channel,REVIEW
ethereum,87.00015616064819,,,MEDIUM,,,,UNKNOWN,UNKNOWN_BOTH,,,REVIEW_REQUIRED,No labels from either channel,REVIEW
ethereum,0x17769823381ead7a85659a071723fb9e660a4216,,,MEDIUM,,,,UNKNOWN,UNKNOWN_BOTH,,,REVIEW_REQUIRED,No labels from either channel,REVIEW
ethereum,3245.621981400373,,,MEDIUM,,,,UNKNOWN,UNKNOWN_BOTH,,,REVIEW_REQUIRED,No labels from either channel,REVIEW
ethereum,5790.808309073146,,,MEDIUM,,,,UNKNOWN,UNKNOWN_BOTH,,,REVIEW_REQUIRED,No labels from either channel,REVIEW
ethereum,0x4923d960f84d89e72c78daf82015b519aaafe994,,,MEDIUM,,,,UNKNOWN,UNKNOWN_BOTH,,,REVIEW_REQUIRED,No labels from either channel,REVIEW
ethereum,1674.0553340873857,,,MEDIUM,,,,UNKNOWN,UNKNOWN_BOTH,,,REVIEW_REQUIRED,No labels from either channel,REVIEW
ethereum,1140,,,MEDIUM,,,,UNKNOWN,UNKNOWN_BOTH,,,REVIEW_REQUIRED,No labels from either channel,REVIEW
ethereum,0xdbb5fcdd9d0398e52aca3b3b52da8fc7ad245d49,,,MEDIUM,,,,UNKNOWN,UNKNOWN_BOTH,,,REVIEW_REQUIRED,No labels from either channel,REVIEW
ethereum,230.3,,,MEDIUM,,,,UNKNOWN,UNKNOWN_BOTH,,,REVIEW_REQUIRED,No labels from either channel,REVIEW
ethereum,2992.856790810818,,,MEDIUM,,,,UNKNOWN,UNKNOWN_BOTH,,,REVIEW_REQUIRED,No labels from either channel,REVIEW
ethereum,732.5361633176203,,,MEDIUM,,,,UNKNOWN,UNKNOWN_BOTH,,,REVIEW_REQUIRED,No labels from either channel,REVIEW
ethereum,13271.812113868289,,,MEDIUM,,,,UNKNOWN,UNKNOWN_BOTH,,,REVIEW_REQUIRED,No labels from either channel,REVIEW
ethereum,1191.6186680827066,,,MEDIUM,,,,UNKNOWN,UNKNOWN_BOTH,,,REVIEW_REQUIRED,No labels from either channel,REVIEW
ethereum,3835.3988682071167,,,MEDIUM,,,,UNKNOWN,UNKNOWN_BOTH,,,REVIEW_REQUIRED,No labels from either channel,REVIEW
ethereum,561.9441259568847,,,MEDIUM,,,,UNKNOWN,UNKNOWN_BOTH,,,REVIEW_REQUIRED,No labels from either channel,REVIEW
ethereum,0x31d6ea082acc3d4e377528a721ac5c4b891726fb,,,MEDIUM,,,,UNKNOWN,UNKNOWN_BOTH,,,REVIEW_REQUIRED,No labels from either channel,REVIEW
ethereum,7710.8685560117965,,,MEDIUM,,,,UNKNOWN,UNKNOWN_BOTH,,,REVIEW_REQUIRED,No labels from either channel,REVIEW
ethereum,951.8066020853328,,,MEDIUM,,,,UNKNOWN,UNKNOWN_BOTH,,,REVIEW_REQUIRED,No labels from either channel,REVIEW
ethereum,3239.9031942582155,,,MEDIUM,,,,UNKNOWN,UNKNOWN_BOTH,,,REVIEW_REQUIRED,No labels from either channel,REVIEW
ethereum,1661.4796028800936,,,MEDIUM,,,,UNKNOWN,UNKNOWN_BOTH,,,REVIEW_REQUIRED,No labels from either channel,REVIEW
ethereum,547.0387122018836,,,MEDIUM,,,,UNKNOWN,UNKNOWN_BOTH,,,REVIEW_REQUIRED,No labels from either channel,REVIEW
ethereum,3115.6153667186522,,,MEDIUM,,,,UNKNOWN,UNKNOWN_BOTH,,,REVIEW_REQUIRED,No labels from either channel,REVIEW
ethereum,2021.4363904164964,,,MEDIUM,,,,UNKNOWN,UNKNOWN_BOTH,,,REVIEW_REQUIRED,No labels from either channel,REVIEW
ethereum,2170.273405927052,,,MEDIUM,,,,UNKNOWN,UNKNOWN_BOTH,,,REVIEW_REQUIRED,No labels from either channel,REVIEW
ethereum,6870.380167761144,,,MEDIUM,,,,UNKNOWN,UNKNOWN_BOTH,,,REVIEW_REQUIRED,No labels from either channel,REVIEW
ethereum,388,,,MEDIUM,,,,UNKNOWN,UNKNOWN_BOTH,,,REVIEW_REQUIRED,No labels from either channel,REVIEW
ethereum,5027.017536289823,,,MEDIUM,,,,UNKNOWN,UNKNOWN_BOTH,,,REVIEW_REQUIRED,No labels from either channel,REVIEW
ethereum,776,,,MEDIUM,,,,UNKNOWN,UNKNOWN_BOTH,,,REVIEW_REQUIRED,No labels from either channel,REVIEW
ethereum,1111.068026090504,,,MEDIUM,,,,UNKNOWN,UNKNOWN_BOTH,,,REVIEW_REQUIRED,No labels from either channel,REVIEW
ethereum,209.98092036635435,,,MEDIUM,,,,UNKNOWN,UNKNOWN_BOTH,,,REVIEW_REQUIRED,No labels from either channel,REVIEW
ethereum,1333,,,MEDIUM,,,,UNKNOWN,UNKNOWN_BOTH,,,REVIEW_REQUIRED,No labels from either channel,REVIEW
ethereum,1006,,,MEDIUM,,,,UNKNOWN,UNKNOWN_BOTH,,,REVIEW_REQUIRED,No labels from either channel,REVIEW
ethereum,1003,,,MEDIUM,,,,UNKNOWN,UNKNOWN_BOTH,,,REVIEW_REQUIRED,No labels from either channel,REVIEW
ethereum,211.97458085878264,,,MEDIUM,,,,UNKNOWN,UNKNOWN_BOTH,,,REVIEW_REQUIRED,No labels from either channel,REVIEW
ethereum,266.18282353178904,,,MEDIUM,,,,UNKNOWN,UNKNOWN_BOTH,,,REVIEW_REQUIRED,No labels from either channel,REVIEW
ethereum,433.42942848453464,,,MEDIUM,,,,UNKNOWN,UNKNOWN_BOTH,,,REVIEW_REQUIRED,No labels from either channel,REVIEW
ethereum,0x031942f26a094be40414f442a2f1295e3a5c1680,,,MEDIUM,,,,UNKNOWN,UNKNOWN_BOTH,,,REVIEW_REQUIRED,No labels from either channel,REVIEW
ethereum,5969.6173173451725,,,MEDIUM,,,,UNKNOWN,UNKNOWN_BOTH,,,REVIEW_REQUIRED,No labels from either channel,REVIEW
ethereum,235.49118461498546,,,MEDIUM,,,,UNKNOWN,UNKNOWN_BOTH,,,REVIEW_REQUIRED,No labels from either channel,REVIEW
ethereum,1640,,,MEDIUM,,,,UNKNOWN,UNKNOWN_BOTH,,,REVIEW_REQUIRED,No labels from either channel,REVIEW
ethereum,2092.277927196239,,,MEDIUM,,,,UNKNOWN,UNKNOWN_BOTH,,,REVIEW_REQUIRED,No labels from either channel,REVIEW
ethereum,4628.941674985837,,,MEDIUM,,,,UNKNOWN,UNKNOWN_BOTH,,,REVIEW_REQUIRED,No labels from either channel,REVIEW
ethereum,343.5010145207118,,,MEDIUM,,,,UNKNOWN,UNKNOWN_BOTH,,,REVIEW_REQUIRED,No labels from either channel,REVIEW
ethereum,0x89010a4b5ad9bc320fa83f28deaa4a4e180ff5f1,,,MEDIUM,,,,UNKNOWN,UNKNOWN_BOTH,,,REVIEW_REQUIRED,No labels from either channel,REVIEW
ethereum,1878.2296669960474,,,MEDIUM,,,,UNKNOWN,UNKNOWN_BOTH,,,REVIEW_REQUIRED,No labels from either channel,REVIEW
ethereum,12874.727430139032,,,MEDIUM,,,,UNKNOWN,UNKNOWN_BOTH,,,REVIEW_REQUIRED,No labels from either channel,REVIEW
ethereum,3792.652583702566,,,MEDIUM,,,,UNKNOWN,UNKNOWN_BOTH,,,REVIEW_REQUIRED,No labels from either channel,REVIEW
ethereum,3098.09,,,MEDIUM,,,,UNKNOWN,UNKNOWN_BOTH,,,REVIEW_REQUIRED,No labels from either channel,REVIEW
ethereum,13041.35836924411,,,MEDIUM,,,,UNKNOWN,UNKNOWN_BOTH,,,REVIEW_REQUIRED,No labels from either channel,REVIEW
ethereum,1189.7575907862035,,,MEDIUM,,,,UNKNOWN,UNKNOWN_BOTH,,,REVIEW_REQUIRED,No labels from either channel,REVIEW
ethereum,1491.3303506185619,,,MEDIUM,,,,UNKNOWN,UNKNOWN_BOTH,,,REVIEW_REQUIRED,No labels from either channel,REVIEW
ethereum,3144.8038320640453,,,MEDIUM,,,,UNKNOWN,UNKNOWN_BOTH,,,REVIEW_REQUIRED,No labels from either channel,REVIEW
ethereum,2822.874743703584,,,MEDIUM,,,,UNKNOWN,UNKNOWN_BOTH,,,REVIEW_REQUIRED,No labels from either channel,REVIEW
ethereum,1998.4268475638505,,,MEDIUM,,,,UNKNOWN,UNKNOWN_BOTH,,,REVIEW_REQUIRED,No labels from either channel,REVIEW
ethereum,1162,,,MEDIUM,,,,UNKNOWN,UNKNOWN_BOTH,,,REVIEW_REQUIRED,No labels from either channel,REVIEW
ethereum,752,,,MEDIUM,,,,UNKNOWN,UNKNOWN_BOTH,,,REVIEW_REQUIRED,No labels from either channel,REVIEW
ethereum,1570.729281327533,,,MEDIUM,,,,UNKNOWN,UNKNOWN_BOTH,,,REVIEW_REQUIRED,No labels from either channel,REVIEW
ethereum,2715.6507732760865,,,MEDIUM,,,,UNKNOWN,UNKNOWN_BOTH,,,REVIEW_REQUIRED,No labels from either channel,REVIEW
ethereum,4874.293328291769,,,MEDIUM,,,,UNKNOWN,UNKNOWN_BOTH,,,REVIEW_REQUIRED,No labels from either channel,REVIEW
ethereum,1610.1010495250769,,,MEDIUM,,,,UNKNOWN,UNKNOWN_BOTH,,,REVIEW_REQUIRED,No labels from either channel,REVIEW
ethereum,1984.8085163021656,,,MEDIUM,,,,UNKNOWN,UNKNOWN_BOTH,,,REVIEW_REQUIRED,No labels from either channel,REVIEW
ethereum,2873.402702953528,,,MEDIUM,,,,UNKNOWN,UNKNOWN_BOTH,,,REVIEW_REQUIRED,No labels from either channel,REVIEW
ethereum,2815.9525322394366,,,MEDIUM,,,,UNKNOWN,UNKNOWN_BOTH,,,REVIEW_REQUIRED,No labels from either channel,REVIEW
ethereum,1274.35999750092,,,MEDIUM,,,,UNKNOWN,UNKNOWN_BOTH,,,REVIEW_REQUIRED,No labels from either channel,REVIEW
ethereum,1479.7047588906428,,,MEDIUM,,,,UNKNOWN,UNKNOWN_BOTH,,,REVIEW_REQUIRED,No labels from either channel,REVIEW
ethereum,6847.858548962415,,,MEDIUM,,,,UNKNOWN,UNKNOWN_BOTH,,,REVIEW_REQUIRED,No labels from either channel,REVIEW
ethereum,8089.387017747605,,,MEDIUM,,,,UNKNOWN,UNKNOWN_BOTH,,,REVIEW_REQUIRED,No labels from either channel,REVIEW
ethereum,156.4580447970338,,,MEDIUM,,,,UNKNOWN,UNKNOWN_BOTH,,,REVIEW_REQUIRED,No labels from either channel,REVIEW
ethereum,1350.7423097062174,,,MEDIUM,,,,UNKNOWN,UNKNOWN_BOTH,,,REVIEW_REQUIRED,No labels from either channel,REVIEW
ethereum,6241.139521125978,,,MEDIUM,,,,UNKNOWN,UNKNOWN_BOTH,,,REVIEW_REQUIRED,No labels from either channel,REVIEW
ethereum,310,,,MEDIUM,,,,UNKNOWN,UNKNOWN_BOTH,,,REVIEW_REQUIRED,No labels from either channel,REVIEW
ethereum,0x60b97709d633dd4e0f0f44f6102fd50341c0afa6,,,MEDIUM,,,,UNKNOWN,UNKNOWN_BOTH,,,REVIEW_REQUIRED,No labels from either channel,REVIEW
ethereum,180,,,MEDIUM,,,,UNKNOWN,UNKNOWN_BOTH,,,REVIEW_REQUIRED,No labels from either channel,REVIEW
ethereum,3960.53935922904,,,MEDIUM,,,,UNKNOWN,UNKNOWN_BOTH,,,REVIEW_REQUIRED,No labels from either channel,REVIEW
ethereum,2715.6507988341145,,,MEDIUM,,,,UNKNOWN,UNKNOWN_BOTH,,,REVIEW_REQUIRED,No labels from either channel,REVIEW
ethereum,156.45815024079124,,,MEDIUM,,,,UNKNOWN,UNKNOWN_BOTH,,,REVIEW_REQUIRED,No labels from either channel,REVIEW
ethereum,0xf64a11d803562d5f7c86e4c94c19accc1c96c5fe,,,MEDIUM,,,,UNKNOWN,UNKNOWN_BOTH,,,REVIEW_REQUIRED,No labels from either channel,REVIEW
ethereum,998.9830922158899,,,MEDIUM,,,,UNKNOWN,UNKNOWN_BOTH,,,REVIEW_REQUIRED,No labels from either channel,REVIEW
ethereum,6112.195221193783,,,MEDIUM,,,,UNKNOWN,UNKNOWN_BOTH,,,REVIEW_REQUIRED,No labels from either channel,REVIEW
ethereum,667,,,MEDIUM,,,,UNKNOWN,UNKNOWN_BOTH,,,REVIEW_REQUIRED,No labels from either channel,REVIEW
ethereum,1275.961245534929,,,MEDIUM,,,,UNKNOWN,UNKNOWN_BOTH,,,REVIEW_REQUIRED,No labels from either channel,REVIEW
ethereum,1161.3420936047194,,,MEDIUM,,,,UNKNOWN,UNKNOWN_BOTH,,,REVIEW_REQUIRED,No labels from either channel,REVIEW
ethereum,282.2444816139971,,,MEDIUM,,,,UNKNOWN,UNKNOWN_BOTH,,,REVIEW_REQUIRED,No labels from either channel,REVIEW
ethereum,4269.821944316037,,,MEDIUM,,,,UNKNOWN,UNKNOWN_BOTH,,,REVIEW_REQUIRED,No labels from either channel,REVIEW
ethereum,631.5077107220105,,,MEDIUM,,,,UNKNOWN,UNKNOWN_BOTH,,,REVIEW_REQUIRED,No labels from either channel,REVIEW
ethereum,1604.2639412584901,,,MEDIUM,,,,UNKNOWN,UNKNOWN_BOTH,,,REVIEW_REQUIRED,No labels from either channel,REVIEW
ethereum,1000,,,MEDIUM,,,,UNKNOWN,UNKNOWN_BOTH,,,REVIEW_REQUIRED,No labels from either channel,REVIEW
ethereum,2388.9022283688946,,,MEDIUM,,,,UNKNOWN,UNKNOWN_BOTH,,,REVIEW_REQUIRED,No labels from either channel,REVIEW
ethereum,1855.6245322125008,,,MEDIUM,,,,UNKNOWN,UNKNOWN_BOTH,,,REVIEW_REQUIRED,No labels from either channel,REVIEW
ethereum,0x234b79d99b91bfde0239507bd3b46ecfe1224edc,,,MEDIUM,,,,UNKNOWN,UNKNOWN_BOTH,,,REVIEW_REQUIRED,No labels from either channel,REVIEW
ethereum,5000000,,,MEDIUM,,,,UNKNOWN,UNKNOWN_BOTH,,,REVIEW_REQUIRED,No labels from either channel,REVIEW
ethereum,0x700e0841ce0892969d2f9cf523c6298b3ef056a6,,,MEDIUM,,,,UNKNOWN,UNKNOWN_BOTH,,,REVIEW_REQUIRED,No labels from either channel,REVIEW
ethereum,10204351150,,,MEDIUM,,,,UNKNOWN,UNKNOWN_BOTH,,,REVIEW_REQUIRED,No labels from either channel,REVIEW
ethereum,0xcc282e2004428939ee5149a9e7872f0b4d5d5ec7,,,MEDIUM,,,,UNKNOWN,UNKNOWN_BOTH,,,REVIEW_REQUIRED,No labels from either channel,REVIEW
ethereum,205422209.95,,,MEDIUM,,,,UNKNOWN,UNKNOWN_BOTH,,,REVIEW_REQUIRED,No labels from either channel,REVIEW
ethereum,0x40638e9fe6005d9c1f8b7a7b4dec086707fdc84d,,,MEDIUM,,,,UNKNOWN,UNKNOWN_BOTH,,,REVIEW_REQUIRED,No labels from either channel,REVIEW
ethereum,1288775849.79,,,MEDIUM,,,,UNKNOWN,UNKNOWN_BOTH,,,REVIEW_REQUIRED,No labels from either channel,REVIEW
ethereum,0xe40d7f9ca3d1cf3a4f6f64659c3a7341b5d59455,,,MEDIUM,,,,UNKNOWN,UNKNOWN_BOTH,,,REVIEW_REQUIRED,No labels from either channel,REVIEW
ethereum,802592407.135313,,,MEDIUM,,,,UNKNOWN,UNKNOWN_BOTH,,,REVIEW_REQUIRED,No labels from either channel,REVIEW
ethereum,0x673c222ba751cad3a304c9a688d6d171a03aec77,,,MEDIUM,,,,UNKNOWN,UNKNOWN_BOTH,,,REVIEW_REQUIRED,No labels from either channel,REVIEW
ethereum,2914339.960893188,,,MEDIUM,,,,UNKNOWN,UNKNOWN_BOTH,,,REVIEW_REQUIRED,No labels from either channel,REVIEW
ethereum,0x709650a2d55536c7b5db983a5fb59718158537af,,,MEDIUM,,,,UNKNOWN,UNKNOWN_BOTH,,,REVIEW_REQUIRED,No labels from either channel,REVIEW
ethereum,13426833.83806972,,,MEDIUM,,,,UNKNOWN,UNKNOWN_BOTH,,,REVIEW_REQUIRED,No labels from either channel,REVIEW
ethereum,0x187fe1a8b76c60b85c00a2819152ff00ff642386,,,MEDIUM,,,,UNKNOWN,UNKNOWN_BOTH,,,REVIEW_REQUIRED,No labels from either channel,REVIEW
ethereum,940179840.7810696,,,MEDIUM,,,,UNKNOWN,UNKNOWN_BOTH,,,REVIEW_REQUIRED,No labels from either channel,REVIEW
ethereum,0x5c3229833cb5368dc912142d0c0cc5349c75c2b8,,,MEDIUM,,,,UNKNOWN,UNKNOWN_BOTH,,,REVIEW_REQUIRED,No labels from either channel,REVIEW
ethereum,31202781.520000003,,,MEDIUM,,,,UNKNOWN,UNKNOWN_BOTH,,,REVIEW_REQUIRED,No labels from either channel,REVIEW
ethereum,0x88bbcaeeaf0dca4ad50e8aab9387cd78c60be758,,,MEDIUM,,,,UNKNOWN,UNKNOWN_BOTH,,,REVIEW_REQUIRED,No labels from either channel,REVIEW
ethereum,878891070.24,,,MEDIUM,,,,UNKNOWN,UNKNOWN_BOTH,,,REVIEW_REQUIRED,No labels from either channel,REVIEW
ethereum,0x3f9a8345729ea842708e080e238c92731e5699b8,,,MEDIUM,Upbit,Cold Wallet,cex,HIGH,ARKHAM_ONLY,Upbit,Cold Wallet,HIGH,,USE_ARKHAM
ethereum,1204683168.367285,,,MEDIUM,,,,UNKNOWN,UNKNOWN_BOTH,,,REVIEW_REQUIRED,No labels from either channel,REVIEW
ethereum,0xe189e3c9888374a72543831f99da325ec43ccd21,,,MEDIUM,,,,UNKNOWN,UNKNOWN_BOTH,,,REVIEW_REQUIRED,No labels from either channel,REVIEW
ethereum,88388625.61428139,,,MEDIUM,,,,UNKNOWN,UNKNOWN_BOTH,,,REVIEW_REQUIRED,No labels from either channel,REVIEW
ethereum,0x28c6c06298d514db089934071355e5743bf21d60,,,MEDIUM,Binance,Hot Wallet,cex,HIGH,ARKHAM_ONLY,Binance,Hot Wallet,HIGH,,USE_ARKHAM
ethereum,118922977.94,,,MEDIUM,,,,UNKNOWN,UNKNOWN_BOTH,,,REVIEW_REQUIRED,No labels from either channel,REVIEW
ethereum,89142620,,,MEDIUM,,,,UNKNOWN,UNKNOWN_BOTH,,,REVIEW_REQUIRED,No labels from either channel,REVIEW
ethereum,62173532639.77483,,,MEDIUM,,,,UNKNOWN,UNKNOWN_BOTH,,,REVIEW_REQUIRED,No labels from either channel,REVIEW
ethereum,0x6a95fc8dfc606c5585248a56830a14efa6245560,,,MEDIUM,,,,UNKNOWN,UNKNOWN_BOTH,,,REVIEW_REQUIRED,No labels from either channel,REVIEW
ethereum,30326967.020310026,,,MEDIUM,,,,UNKNOWN,UNKNOWN_BOTH,,,REVIEW_REQUIRED,No labels from either channel,REVIEW
ethereum,0xa046fdd5dd224ba5498f7821a757c4b67622db2b,,,MEDIUM,,,,UNKNOWN,UNKNOWN_BOTH,,,REVIEW_REQUIRED,No labels from either channel,REVIEW
ethereum,1539434994.3500001,,,MEDIUM,,,,UNKNOWN,UNKNOWN_BOTH,,,REVIEW_REQUIRED,No labels from either channel,REVIEW
ethereum,0xef89bf4936958bac4379d39d10761dcf3499115b,,,MEDIUM,,,,UNKNOWN,UNKNOWN_BOTH,,,REVIEW_REQUIRED,No labels from either channel,REVIEW
ethereum,18482802.5,,,MEDIUM,,,,UNKNOWN,UNKNOWN_BOTH,,,REVIEW_REQUIRED,No labels from either channel,REVIEW
ethereum,0x2cff890f0378a11913b6129b2e97417a2c302680,,,MEDIUM,,,,UNKNOWN,UNKNOWN_BOTH,,,REVIEW_REQUIRED,No labels from either channel,REVIEW
ethereum,581233994.405194,,,MEDIUM,,,,UNKNOWN,UNKNOWN_BOTH,,,REVIEW_REQUIRED,No labels from either channel,REVIEW
ethereum,0xa03400e098f4421b34a3a44a1b4e571419517687,,,MEDIUM,,,,UNKNOWN,UNKNOWN_BOTH,,,REVIEW_REQUIRED,No labels from either channel,REVIEW
ethereum,16204000000,,,MEDIUM,,,,UNKNOWN,UNKNOWN_BOTH,,,REVIEW_REQUIRED,No labels from either channel,REVIEW
ethereum,0x2188539ffe6c715d515cb08902cd7c4b21584728,,,MEDIUM,,,,UNKNOWN,UNKNOWN_BOTH,,,REVIEW_REQUIRED,No labels from either channel,REVIEW
ethereum,0x04564c0e34c0fb68a2dc27fbae7f42c24f6c8f52,,,MEDIUM,,,,UNKNOWN,UNKNOWN_BOTH,,,REVIEW_REQUIRED,No labels from either channel,REVIEW
ethereum,12143904.346277153,,,MEDIUM,,,,UNKNOWN,UNKNOWN_BOTH,,,REVIEW_REQUIRED,No labels from either channel,REVIEW
ethereum,0xc4d50263c1e89b65b63c830ff93fadc957064fa4,,,MEDIUM,,,,UNKNOWN,UNKNOWN_BOTH,,,REVIEW_REQUIRED,No labels from either channel,REVIEW
ethereum,13881000,,,MEDIUM,,,,UNKNOWN,UNKNOWN_BOTH,,,REVIEW_REQUIRED,No labels from either channel,REVIEW
ethereum,0x00000000009726632680fb29d3f7a9734e3010e2,,,MEDIUM,,,,UNKNOWN,UNKNOWN_BOTH,,,REVIEW_REQUIRED,No labels from either channel,REVIEW
ethereum,14000000,,,MEDIUM,,,,UNKNOWN,UNKNOWN_BOTH,,,REVIEW_REQUIRED,No labels from either channel,REVIEW
ethereum,0xf8191d98ae98d2f7abdfb63a9b0b812b93c873aa,,,MEDIUM,Wintermute,Hot Wallet,fund,HIGH,ARKHAM_ONLY,Wintermute,Hot Wallet,HIGH,,USE_ARKHAM
ethereum,49625188013,,,MEDIUM,,,,UNKNOWN,UNKNOWN_BOTH,,,REVIEW_REQUIRED,No labels from either channel,REVIEW
ethereum,0x76723cbf567a895df82c44576a86b2deda559114,,,MEDIUM,,,,UNKNOWN,UNKNOWN_BOTH,,,REVIEW_REQUIRED,No labels from either channel,REVIEW
ethereum,26244482.990000002,,,MEDIUM,,,,UNKNOWN,UNKNOWN_BOTH,,,REVIEW_REQUIRED,No labels from either channel,REVIEW
ethereum,0xd83cb8f46517bf6b0a45a0ed9ed8f7f490b755d9,,,MEDIUM,,,,UNKNOWN,UNKNOWN_BOTH,,,REVIEW_REQUIRED,No labels from either channel,REVIEW
ethereum,0x400610a57fcd11027f240e5cef4b67c3fcdddfa4,,,MEDIUM,,,,UNKNOWN,UNKNOWN_BOTH,,,REVIEW_REQUIRED,No labels from either channel,REVIEW
ethereum,0xeae7380dd4cef6fbd1144f49e4d1e6964258a4f4,,,MEDIUM,,,,UNKNOWN,UNKNOWN_BOTH,,,REVIEW_REQUIRED,No labels from either channel,REVIEW
ethereum,0xcfbbfd5deaa69ac632cfef80fcce21c6d3cf4539,,,MEDIUM,,,,UNKNOWN,UNKNOWN_BOTH,,,REVIEW_REQUIRED,No labels from either channel,REVIEW
ethereum,2949.852497,,,MEDIUM,,,,UNKNOWN,UNKNOWN_BOTH,,,REVIEW_REQUIRED,No labels from either channel,REVIEW
ethereum,0xb9ed8f6c64af1b070f880768900a6574fb699aa2,,,MEDIUM,,,,UNKNOWN,UNKNOWN_BOTH,,,REVIEW_REQUIRED,No labels from either channel,REVIEW
ethereum,7051962.626,,,MEDIUM,,,,UNKNOWN,UNKNOWN_BOTH,,,REVIEW_REQUIRED,No labels from either channel,REVIEW
ethereum,0xbb651928bb318e448738b09657026a84fe3f990b,,,MEDIUM,,,,UNKNOWN,UNKNOWN_BOTH,,,REVIEW_REQUIRED,No labels from either channel,REVIEW
ethereum,32208033,,,MEDIUM,,,,UNKNOWN,UNKNOWN_BOTH,,,REVIEW_REQUIRED,No labels from either channel,REVIEW
ethereum,0xb3a46df1b8ca4dc7edf5cde4f42aeca73e85621f,,,MEDIUM,,,,UNKNOWN,UNKNOWN_BOTH,,,REVIEW_REQUIRED,No labels from either channel,REVIEW
ethereum,28388,,,MEDIUM,,,,UNKNOWN,UNKNOWN_BOTH,,,REVIEW_REQUIRED,No labels from either channel,REVIEW
ethereum,0x773ff93b417cd02436f4fa0913b07c9d4d2fbb58,,,MEDIUM,,,,UNKNOWN,UNKNOWN_BOTH,,,REVIEW_REQUIRED,No labels from either channel,REVIEW
ethereum,55973014.790199995,,,MEDIUM,,,,UNKNOWN,UNKNOWN_BOTH,,,REVIEW_REQUIRED,No labels from either channel,REVIEW
ethereum,0x35270eb3f073745f2eb79ad71a8214911b3202d1,,,MEDIUM,,,,UNKNOWN,UNKNOWN_BOTH,,,REVIEW_REQUIRED,No labels from either channel,REVIEW
ethereum,2839574.453161511,,,MEDIUM,,,,UNKNOWN,UNKNOWN_BOTH,,,REVIEW_REQUIRED,No labels from either channel,REVIEW
ethereum,0x781d08fbeaa911cecaf5d2fa637c96353280a6c0,,,MEDIUM,,,,UNKNOWN,UNKNOWN_BOTH,,,REVIEW_REQUIRED,No labels from either channel,REVIEW
ethereum,13553738.309999999,,,MEDIUM,,,,UNKNOWN,UNKNOWN_BOTH,,,REVIEW_REQUIRED,No labels from either channel,REVIEW
ethereum,0x5ac1149b71527c884649daf3c73c6c08e7e272fe,,,MEDIUM,,,,UNKNOWN,UNKNOWN_BOTH,,,REVIEW_REQUIRED,No labels from either channel,REVIEW
ethereum,28550674.578870118,,,MEDIUM,,,,UNKNOWN,UNKNOWN_BOTH,,,REVIEW_REQUIRED,No labels from either channel,REVIEW
ethereum,0x709de0b97e369661c99ad54f2b858139897d3dba,,,MEDIUM,,,,UNKNOWN,UNKNOWN_BOTH,,,REVIEW_REQUIRED,No labels from either channel,REVIEW
ethereum,0x37e945ed26b17a631d7df3382c2808cc1c7f07ed,,,MEDIUM,,,,UNKNOWN,UNKNOWN_BOTH,,,REVIEW_REQUIRED,No labels from either channel,REVIEW
ethereum,85909.75299559715,,,MEDIUM,,,,UNKNOWN,UNKNOWN_BOTH,,,REVIEW_REQUIRED,No labels from either channel,REVIEW
ethereum,0x6487986a78b126538746937fbd25516971129b3a,,,MEDIUM,,,,UNKNOWN,UNKNOWN_BOTH,,,REVIEW_REQUIRED,No labels from either channel,REVIEW
ethereum,28636584.331865717,,,MEDIUM,,,,UNKNOWN,UNKNOWN_BOTH,,,REVIEW_REQUIRED,No labels from either channel,REVIEW
ethereum,608680045.9000001,,,MEDIUM,,,,UNKNOWN,UNKNOWN_BOTH,,,REVIEW_REQUIRED,No labels from either channel,REVIEW
ethereum,0xb824b5f459e7ea0f464b11837295af3314658ec5,,,MEDIUM,,,,UNKNOWN,UNKNOWN_BOTH,,,REVIEW_REQUIRED,No labels from either channel,REVIEW
ethereum,953883975.4104278,,,MEDIUM,,,,UNKNOWN,UNKNOWN_BOTH,,,REVIEW_REQUIRED,No labels from either channel,REVIEW
ethereum,0x7a40491b2cb2be4f713c22eb46d900d69c57fd94,,,MEDIUM,,,,UNKNOWN,UNKNOWN_BOTH,,,REVIEW_REQUIRED,No labels from either channel,REVIEW
ethereum,633595.29,,,MEDIUM,,,,UNKNOWN,UNKNOWN_BOTH,,,REVIEW_REQUIRED,No labels from either channel,REVIEW
ethereum,0x71956a1cd5a4233177f7bf9a2d5778851e201934,,,MEDIUM,,,,UNKNOWN,UNKNOWN_BOTH,,,REVIEW_REQUIRED,No labels from either channel,REVIEW
ethereum,6939722689.656172,,,MEDIUM,,,,UNKNOWN,UNKNOWN_BOTH,,,REVIEW_REQUIRED,No labels from either channel,REVIEW
ethereum,0x4a4aaa0155237881fbd5c34bfae16e985a7b068d,,,MEDIUM,,,,UNKNOWN,UNKNOWN_BOTH,,,REVIEW_REQUIRED,No labels from either channel,REVIEW
ethereum,10764561945,,,MEDIUM,,,,UNKNOWN,UNKNOWN_BOTH,,,REVIEW_REQUIRED,No labels from either channel,REVIEW
ethereum,0xefef30bd1cca520619306c95091ab18473febc5c,,,MEDIUM,Bybit,Hot Wallet,cex,HIGH,ARKHAM_ONLY,Bybit,Hot Wallet,HIGH,,USE_ARKHAM
ethereum,13000000,,,MEDIUM,,,,UNKNOWN,UNKNOWN_BOTH,,,REVIEW_REQUIRED,No labels from either channel,REVIEW
ethereum,0x0b0f7ebf967146566799229394171fc47f1a765a,,,MEDIUM,,,,UNKNOWN,UNKNOWN_BOTH,,,REVIEW_REQUIRED,No labels from either channel,REVIEW
ethereum,6638450385,,,MEDIUM,,,,UNKNOWN,UNKNOWN_BOTH,,,REVIEW_REQUIRED,No labels from either channel,REVIEW
ethereum,448172825.99,,,MEDIUM,,,,UNKNOWN,UNKNOWN_BOTH,,,REVIEW_REQUIRED,No labels from either channel,REVIEW
ethereum,15277069.4,,,MEDIUM,,,,UNKNOWN,UNKNOWN_BOTH,,,REVIEW_REQUIRED,No labels from either channel,REVIEW
ethereum,0xff2326584d2aa404a4d077e873585e448f6a62dc,,,MEDIUM,,,,UNKNOWN,UNKNOWN_BOTH,,,REVIEW_REQUIRED,No labels from either channel,REVIEW
ethereum,1109392.57,,,MEDIUM,,,,UNKNOWN,UNKNOWN_BOTH,,,REVIEW_REQUIRED,No labels from either channel,REVIEW
ethereum,0xbc8a0f5e41857292d12ef620e2a5895ce65a5ce0,,,MEDIUM,,,,UNKNOWN,UNKNOWN_BOTH,,,REVIEW_REQUIRED,No labels from either channel,REVIEW
ethereum,0x37e78fc12bce74d757747a0c8ebff207107546f2,,,MEDIUM,,,,UNKNOWN,UNKNOWN_BOTH,,,REVIEW_REQUIRED,No labels from either channel,REVIEW
ethereum,6074067333,,,MEDIUM,,,,UNKNOWN,UNKNOWN_BOTH,,,REVIEW_REQUIRED,No labels from either channel,REVIEW
ethereum,0x51c72848c68a965f66fa7a88855f9f7784502a7f,,,MEDIUM,,,,UNKNOWN,UNKNOWN_BOTH,,,REVIEW_REQUIRED,No labels from either channel,REVIEW
ethereum,48821139.163267516,,,MEDIUM,,,,UNKNOWN,UNKNOWN_BOTH,,,REVIEW_REQUIRED,No labels from either channel,REVIEW
ethereum,2061178361.7530024,,,MEDIUM,,,,UNKNOWN,UNKNOWN_BOTH,,,REVIEW_REQUIRED,No labels from either channel,REVIEW
ethereum,0x1d4cadf02a0dcacb8715b75105a8bb9a6c2e3261,,,MEDIUM,,,,UNKNOWN,UNKNOWN_BOTH,,,REVIEW_REQUIRED,No labels from either channel,REVIEW
ethereum,191242730.93399242,,,MEDIUM,,,,UNKNOWN,UNKNOWN_BOTH,,,REVIEW_REQUIRED,No labels from either channel,REVIEW
ethereum,555095428.5218095,,,MEDIUM,,,,UNKNOWN,UNKNOWN_BOTH,,,REVIEW_REQUIRED,No labels from either channel,REVIEW
ethereum,0x56c78aef15f05e7fa53a0ffd8591156f48027006,,,MEDIUM,,,,UNKNOWN,UNKNOWN_BOTH,,,REVIEW_REQUIRED,No labels from either channel,REVIEW
ethereum,597679887.58,,,MEDIUM,,,,UNKNOWN,UNKNOWN_BOTH,,,REVIEW_REQUIRED,No labels from either channel,REVIEW
ethereum,817964.7,,,MEDIUM,,,,UNKNOWN,UNKNOWN_BOTH,,,REVIEW_REQUIRED,No labels from either channel,REVIEW
ethereum,0x1ee0705738e3d0f8b498209cf333cfbe48c1aa0f,,,MEDIUM,,,,UNKNOWN,UNKNOWN_BOTH,,,REVIEW_REQUIRED,No labels from either channel,REVIEW
ethereum,37658174.35,,,MEDIUM,,,,UNKNOWN,UNKNOWN_BOTH,,,REVIEW_REQUIRED,No labels from either channel,REVIEW
ethereum,0xc4fd2126028d28cba53bd5ba65ff9186c9d44bca,,,MEDIUM,,,,UNKNOWN,UNKNOWN_BOTH,,,REVIEW_REQUIRED,No labels from either channel,REVIEW
ethereum,1557475.58,,,MEDIUM,,,,UNKNOWN,UNKNOWN_BOTH,,,REVIEW_REQUIRED,No labels from either channel,REVIEW
ethereum,0x91d40e4818f4d4c57b4578d9eca6afc92ac8debe,,,MEDIUM,,,,UNKNOWN,UNKNOWN_BOTH,,,REVIEW_REQUIRED,No labels from either channel,REVIEW
ethereum,398715970.15999997,,,MEDIUM,,,,UNKNOWN,UNKNOWN_BOTH,,,REVIEW_REQUIRED,No labels from either channel,REVIEW
ethereum,0xf1e6428ecfdd246b4ae11046e7e63730d4a05bce,,,MEDIUM,,,,UNKNOWN,UNKNOWN_BOTH,,,REVIEW_REQUIRED,No labels from either channel,REVIEW
ethereum,0x48a764da83e07bb8d5695775fb30934356b5ec7a,,,MEDIUM,,,,UNKNOWN,UNKNOWN_BOTH,,,REVIEW_REQUIRED,No labels from either channel,REVIEW
ethereum,23847699.643793333,,,MEDIUM,,,,UNKNOWN,UNKNOWN_BOTH,,,REVIEW_REQUIRED,No labels from either channel,REVIEW
ethereum,0xb2170202b050f0549b9d9733f8258bc917346f98,,,MEDIUM,,,,UNKNOWN,UNKNOWN_BOTH,,,REVIEW_REQUIRED,No labels from either channel,REVIEW
ethereum,8619237,,,MEDIUM,,,,UNKNOWN,UNKNOWN_BOTH,,,REVIEW_REQUIRED,No labels from either channel,REVIEW
ethereum,3140000000,,,MEDIUM,,,,UNKNOWN,UNKNOWN_BOTH,,,REVIEW_REQUIRED,No labels from either channel,REVIEW
ethereum,1000000,,,MEDIUM,,,,UNKNOWN,UNKNOWN_BOTH,,,REVIEW_REQUIRED,No labels from either channel,REVIEW
ethereum,0xa9d1e08c7793af67e9d92fe308d5697fb81d3e43,,,MEDIUM,Coinbase,Hot Wallet,cex,HIGH,ARKHAM_ONLY,Coinbase,Hot Wallet,HIGH,,USE_ARKHAM
ethereum,424440592,,,MEDIUM,,,,UNKNOWN,UNKNOWN_BOTH,,,REVIEW_REQUIRED,No labels from either channel,REVIEW
ethereum,0x1422ad723a29884de02904dadd67b0219d9daf66,,,MEDIUM,,,,UNKNOWN,UNKNOWN_BOTH,,,REVIEW_REQUIRED,No labels from either channel,REVIEW
ethereum,500716878.48112345,,,MEDIUM,,,,UNKNOWN,UNKNOWN_BOTH,,,REVIEW_REQUIRED,No labels from either channel,REVIEW
ethereum,0x922164bbbd36acf9e854acbbf32facc949fcaeef,,,MEDIUM,,,,UNKNOWN,UNKNOWN_BOTH,,,REVIEW_REQUIRED,No labels from either channel,REVIEW
ethereum,200366.89815171008,,,MEDIUM,,,,UNKNOWN,UNKNOWN_BOTH,,,REVIEW_REQUIRED,No labels from either channel,REVIEW
ethereum,0xa8f8296f4053fd65e89b245d6c7f983a70234c8b,,,MEDIUM,,,,UNKNOWN,UNKNOWN_BOTH,,,REVIEW_REQUIRED,No labels from either channel,REVIEW
ethereum,500917245.3792752,,,MEDIUM,,,,UNKNOWN,UNKNOWN_BOTH,,,REVIEW_REQUIRED,No labels from either channel,REVIEW
ethereum,0xf25622d22de40a989fb68315bd2984e008608377,,,MEDIUM,,,,UNKNOWN,UNKNOWN_BOTH,,,REVIEW_REQUIRED,No labels from either channel,REVIEW
ethereum,716549.43,,,MEDIUM,,,,UNKNOWN,UNKNOWN_BOTH,,,REVIEW_REQUIRED,No labels from either channel,REVIEW
ethereum,0x4201fb8d404d652e664b1976a3cb5ce1c4e00a8b,,,MEDIUM,,,,UNKNOWN,UNKNOWN_BOTH,,,REVIEW_REQUIRED,No labels from either channel,REVIEW
ethereum,117172.13501915606,,,MEDIUM,,,,UNKNOWN,UNKNOWN_BOTH,,,REVIEW_REQUIRED,No labels from either channel,REVIEW
ethereum,0x396e642e23ae91de88dae0fff5f089ce95e64996,,,MEDIUM,,,,UNKNOWN,UNKNOWN_BOTH,,,REVIEW_REQUIRED,No labels from either channel,REVIEW
ethereum,29292.721364731697,,,MEDIUM,,,,UNKNOWN,UNKNOWN_BOTH,,,REVIEW_REQUIRED,No labels from either channel,REVIEW
ethereum,0xbe99650984724e965a81818109e3ca3efec942d5,,,MEDIUM,,,,UNKNOWN,UNKNOWN_BOTH,,,REVIEW_REQUIRED,No labels from either channel,REVIEW
ethereum,3580870.784135174,,,MEDIUM,,,,UNKNOWN,UNKNOWN_BOTH,,,REVIEW_REQUIRED,No labels from either channel,REVIEW
ethereum,20290344.577365384,,,MEDIUM,,,,UNKNOWN,UNKNOWN_BOTH,,,REVIEW_REQUIRED,No labels from either channel,REVIEW
ethereum,0x8e3c36267ce41079d0aa0ea34dbe12f91c8bd99f,,,MEDIUM,,,,UNKNOWN,UNKNOWN_BOTH,,,REVIEW_REQUIRED,No labels from either channel,REVIEW
ethereum,0x1f68053cd925d467852cfecf78bd836f33f0e4a1,,,MEDIUM,,,,UNKNOWN,UNKNOWN_BOTH,,,REVIEW_REQUIRED,No labels from either channel,REVIEW
ethereum,0x45075cad8df860e5889be4f6b4a7696fce710076,,,MEDIUM,,,,UNKNOWN,UNKNOWN_BOTH,,,REVIEW_REQUIRED,No labels from either channel,REVIEW
ethereum,14789251.999999998,,,MEDIUM,,,,UNKNOWN,UNKNOWN_BOTH,,,REVIEW_REQUIRED,No labels from either channel,REVIEW
ethereum,0x70517d151f1d380a3dbc344b20e144388470c422,,,MEDIUM,,,,UNKNOWN,UNKNOWN_BOTH,,,REVIEW_REQUIRED,No labels from either channel,REVIEW
ethereum,42070000,,,MEDIUM,,,,UNKNOWN,UNKNOWN_BOTH,,,REVIEW_REQUIRED,No labels from either channel,REVIEW
ethereum,8599415602.82,,,MEDIUM,,,,UNKNOWN,UNKNOWN_BOTH,,,REVIEW_REQUIRED,No labels from either channel,REVIEW
ethereum,31526572.802932322,,,MEDIUM,,,,UNKNOWN,UNKNOWN_BOTH,,,REVIEW_REQUIRED,No labels from either channel,REVIEW
ethereum,1251181.5699999998,,,MEDIUM,,,,UNKNOWN,UNKNOWN_BOTH,,,REVIEW_REQUIRED,No labels from either channel,REVIEW
ethereum,0x179cf051d12704836c2dabdcdd8368bfc8728413,,,MEDIUM,,,,UNKNOWN,UNKNOWN_BOTH,,,REVIEW_REQUIRED,No labels from either channel,REVIEW
ethereum,0xcffad3200574698b78f32232aa9d63eabd290703,,,MEDIUM,Crypto.com,Hot Wallet,cex,HIGH,ARKHAM_ONLY,Crypto.com,Hot Wallet,HIGH,,USE_ARKHAM
ethereum,1853345000,,,MEDIUM,,,,UNKNOWN,UNKNOWN_BOTH,,,REVIEW_REQUIRED,No labels from either channel,REVIEW
ethereum,0xe3b13232b26c8504be27ff4076e2f6d87944adcd,,,MEDIUM,,,,UNKNOWN,UNKNOWN_BOTH,,,REVIEW_REQUIRED,No labels from either channel,REVIEW
ethereum,0xa43fe16908251ee70ef74718545e4fe6c5ccec9f,,,MEDIUM,,,,UNKNOWN,UNKNOWN_BOTH,,,REVIEW_REQUIRED,No labels from either channel,REVIEW
ethereum,1781286.5765361425,,,MEDIUM,,,,UNKNOWN,UNKNOWN_BOTH,,,REVIEW_REQUIRED,No labels from either channel,REVIEW
ethereum,1234866.7,,,MEDIUM,,,,UNKNOWN,UNKNOWN_BOTH,,,REVIEW_REQUIRED,No labels from either channel,REVIEW
ethereum,0xd2201a999ddc801ef663dae74b5042df247ee622,,,MEDIUM,,,,UNKNOWN,UNKNOWN_BOTH,,,REVIEW_REQUIRED,No labels from either channel,REVIEW
ethereum,29293.032524847535,,,MEDIUM,,,,UNKNOWN,UNKNOWN_BOTH,,,REVIEW_REQUIRED,No labels from either channel,REVIEW
ethereum,0x961204cac7f17aa4119675f986235342943a0cf8,,,MEDIUM,,,,UNKNOWN,UNKNOWN_BOTH,,,REVIEW_REQUIRED,No labels from either channel,REVIEW
ethereum,22170841.63555176,,,MEDIUM,,,,UNKNOWN,UNKNOWN_BOTH,,,REVIEW_REQUIRED,No labels from either channel,REVIEW
ethereum,0xb180647d5ad76abeb6be0d363f6e182bd8df46d1,,,MEDIUM,,,,UNKNOWN,UNKNOWN_BOTH,,,REVIEW_REQUIRED,No labels from either channel,REVIEW
ethereum,0x75b5de92dc682ffebadacfdcd369ea418b84caa1,,,MEDIUM,,,,UNKNOWN,UNKNOWN_BOTH,,,REVIEW_REQUIRED,No labels from either channel,REVIEW
ethereum,7999877022,,,MEDIUM,,,,UNKNOWN,UNKNOWN_BOTH,,,REVIEW_REQUIRED,No labels from either channel,REVIEW
ethereum,21660512171,,,MEDIUM,,,,UNKNOWN,UNKNOWN_BOTH,,,REVIEW_REQUIRED,No labels from either channel,REVIEW
ethereum,0x46fc0c0879ee74383fc42a72da1bc0a5e625fbb8,,,MEDIUM,,,,UNKNOWN,UNKNOWN_BOTH,,,REVIEW_REQUIRED,No labels from either channel,REVIEW
ethereum,2917914.868021355,,,MEDIUM,,,,UNKNOWN,UNKNOWN_BOTH,,,REVIEW_REQUIRED,No labels from either channel,REVIEW
ethereum,4791531.63555176,,,MEDIUM,,,,UNKNOWN,UNKNOWN_BOTH,,,REVIEW_REQUIRED,No labels from either channel,REVIEW
ethereum,0xf5a2da80c6328511e8d5a10f5f89437b96b80355,,,MEDIUM,,,,UNKNOWN,UNKNOWN_BOTH,,,REVIEW_REQUIRED,No labels from either channel,REVIEW
ethereum,824052,,,MEDIUM,,,,UNKNOWN,UNKNOWN_BOTH,,,REVIEW_REQUIRED,No labels from either channel,REVIEW
ethereum,0xcf7671c2f04f4ec20404913b55a47ea04e52bc8d,,,MEDIUM,,,,UNKNOWN,UNKNOWN_BOTH,,,REVIEW_REQUIRED,No labels from either channel,REVIEW
ethereum,0.000086,,,MEDIUM,,,,UNKNOWN,UNKNOWN_BOTH,,,REVIEW_REQUIRED,No labels from either channel,REVIEW
ethereum,0xd2dd7b597fd2435b6db61ddf48544fd931e6869f,,,MEDIUM,Kraken,Cold Wallet,cex,HIGH,ARKHAM_ONLY,Kraken,Cold Wallet,HIGH,,USE_ARKHAM
ethereum,0.16405605952,,,MEDIUM,,,,UNKNOWN,UNKNOWN_BOTH,,,REVIEW_REQUIRED,No labels from either channel,REVIEW
ethereum,0x807bde42de5c63d0e784cf65e6566c5ab8e6b933,,,MEDIUM,,,,UNKNOWN,UNKNOWN_BOTH,,,REVIEW_REQUIRED,No labels from either channel,REVIEW
ethereum,0.000086989989423152,,,MEDIUM,,,,UNKNOWN,UNKNOWN_BOTH,,,REVIEW_REQUIRED,No labels from either channel,REVIEW
ethereum,0xa194cd4d87ae993f185a29932af95ba1d4f76f3e,,,MEDIUM,,,,UNKNOWN,UNKNOWN_BOTH,,,REVIEW_REQUIRED,No labels from either channel,REVIEW
ethereum,0x000000000000000000000000000000000000dead,,,MEDIUM,,,,UNKNOWN,UNKNOWN_BOTH,,,REVIEW_REQUIRED,No labels from either channel,REVIEW
ethereum,0.000015351174604085,,,MEDIUM,,,,UNKNOWN,UNKNOWN_BOTH,,,REVIEW_REQUIRED,No labels from either channel,REVIEW
ethereum,0.996476074,,,MEDIUM,,,,UNKNOWN,UNKNOWN_BOTH,,,REVIEW_REQUIRED,No labels from either channel,REVIEW
ethereum,0.136309229,,,MEDIUM,,,,UNKNOWN,UNKNOWN_BOTH,,,REVIEW_REQUIRED,No labels from either channel,REVIEW
ethereum,0xe8df52f3a0b68ed4de91ec254b051759862a6a6f,,,MEDIUM,,,,UNKNOWN,UNKNOWN_BOTH,,,REVIEW_REQUIRED,No labels from either channel,REVIEW
ethereum,0.24,,,MEDIUM,,,,UNKNOWN,UNKNOWN_BOTH,,,REVIEW_REQUIRED,No labels from either channel,REVIEW
ethereum,0xb7131fc8cdc43060a6210257f537dba5fcae6aed,,,MEDIUM,,,,UNKNOWN,UNKNOWN_BOTH,,,REVIEW_REQUIRED,No labels from either channel,REVIEW
ethereum,0.000483354848068061,,,MEDIUM,,,,UNKNOWN,UNKNOWN_BOTH,,,REVIEW_REQUIRED,No labels from either channel,REVIEW
ethereum,0x18cb7e4ab455664cf4dae7903560c6b925b590d9,,,MEDIUM,,,,UNKNOWN,UNKNOWN_BOTH,,,REVIEW_REQUIRED,No labels from either channel,REVIEW
ethereum,0xa023f08c70a23abc7edfc5b6b5e171d78dfc947e,,,MEDIUM,Crypto.com,Hot Wallet,cex,HIGH,ARKHAM_ONLY,Crypto.com,Hot Wallet,HIGH,,USE_ARKHAM
ethereum,0.49064153448,,,MEDIUM,,,,UNKNOWN,UNKNOWN_BOTH,,,REVIEW_REQUIRED,No labels from either channel,REVIEW
ethereum,0x213222e377c58ef97710af4c6ea0dad7c0e7a38e,,,MEDIUM,,,,UNKNOWN,UNKNOWN_BOTH,,,REVIEW_REQUIRED,No labels from either channel,REVIEW
ethereum,0.000470046443026545,,,MEDIUM,,,,UNKNOWN,UNKNOWN_BOTH,,,REVIEW_REQUIRED,No labels from either channel,REVIEW
ethereum,0x324f044078dd578de6f21d5b682922d759301086,,,MEDIUM,,,,UNKNOWN,UNKNOWN_BOTH,,,REVIEW_REQUIRED,No labels from either channel,REVIEW
ethereum,0.03213240697737626,,,MEDIUM,,,,UNKNOWN,UNKNOWN_BOTH,,,REVIEW_REQUIRED,No labels from either channel,REVIEW
ethereum,0xb334a61a6209f14b5fa5f1684a4ed7621f66e1ef,,,MEDIUM,,,,UNKNOWN,UNKNOWN_BOTH,,,REVIEW_REQUIRED,No labels from either channel,REVIEW
ethereum,0.162326622,,,MEDIUM,,,,UNKNOWN,UNKNOWN_BOTH,,,REVIEW_REQUIRED,No labels from either channel,REVIEW
ethereum,0x5733cc995209e11e3e42479ffc8e9778031cfa06,,,MEDIUM,,,,UNKNOWN,UNKNOWN_BOTH,,,REVIEW_REQUIRED,No labels from either channel,REVIEW
ethereum,0.104456174,,,MEDIUM,,,,UNKNOWN,UNKNOWN_BOTH,,,REVIEW_REQUIRED,No labels from either channel,REVIEW
ethereum,0.031853055,,,MEDIUM,,,,UNKNOWN,UNKNOWN_BOTH,,,REVIEW_REQUIRED,No labels from either channel,REVIEW
ethereum,0x76130907011fc557d0095b5941396a094a3a1585,,,MEDIUM,,,,UNKNOWN,UNKNOWN_BOTH,,,REVIEW_REQUIRED,No labels from either channel,REVIEW
ethereum,0xca7c2771d248dcbe09eabe0ce57a62e18da178c0,,,MEDIUM,Uniswap,V2 Pool,dex,HIGH,ARKHAM_ONLY,Uniswap,V2 Pool,HIGH,,USE_ARKHAM
ethereum,0.05959855877155838,,,MEDIUM,,,,UNKNOWN,UNKNOWN_BOTH,,,REVIEW_REQUIRED,No labels from either channel,REVIEW
ethereum,0xbc530bfa3fca1a731149248afc7f750c18360de1,,,MEDIUM,,,,UNKNOWN,UNKNOWN_BOTH,,,REVIEW_REQUIRED,No labels from either channel,REVIEW
ethereum,0.000179333677346715,,,MEDIUM,,,,UNKNOWN,UNKNOWN_BOTH,,,REVIEW_REQUIRED,No labels from either channel,REVIEW
ethereum,0.00002567386021078,,,MEDIUM,,,,UNKNOWN,UNKNOWN_BOTH,,,REVIEW_REQUIRED,No labels from either channel,REVIEW
ethereum,0.000231064741897028,,,MEDIUM,,,,UNKNOWN,UNKNOWN_BOTH,,,REVIEW_REQUIRED,No labels from either channel,REVIEW
ethereum,0xbee3211ab312a8d065c4fef0247448e17a8da000,,,MEDIUM,,,,UNKNOWN,UNKNOWN_BOTH,,,REVIEW_REQUIRED,No labels from either channel,REVIEW
ethereum,0.219625264,,,MEDIUM,,,,UNKNOWN,UNKNOWN_BOTH,,,REVIEW_REQUIRED,No labels from either channel,REVIEW
ethereum,0.08532279543382829,,,MEDIUM,,,,UNKNOWN,UNKNOWN_BOTH,,,REVIEW_REQUIRED,No labels from either channel,REVIEW
ethereum,0.000256738602107808,,,MEDIUM,,,,UNKNOWN,UNKNOWN_BOTH,,,REVIEW_REQUIRED,No labels from either channel,REVIEW
ethereum,0.000024246228413658,,,MEDIUM,,,,UNKNOWN,UNKNOWN_BOTH,,,REVIEW_REQUIRED,No labels from either channel,REVIEW
ethereum,0.000218216055722931,,,MEDIUM,,,,UNKNOWN,UNKNOWN_BOTH,,,REVIEW_REQUIRED,No labels from either channel,REVIEW
ethereum,0xeb78b59c0b31579263569fca2ab9dc1b14eba70d,,,MEDIUM,,,,UNKNOWN,UNKNOWN_BOTH,,,REVIEW_REQUIRED,No labels from either channel,REVIEW
ethereum,0.04130514790269344,,,MEDIUM,,,,UNKNOWN,UNKNOWN_BOTH,,,REVIEW_REQUIRED,No labels from either channel,REVIEW
ethereum,0.08057829909472661,,,MEDIUM,,,,UNKNOWN,UNKNOWN_BOTH,,,REVIEW_REQUIRED,No labels from either channel,REVIEW
ethereum,0.000242462284136589,,,MEDIUM,,,,UNKNOWN,UNKNOWN_BOTH,,,REVIEW_REQUIRED,No labels from either channel,REVIEW
ethereum,0.000015958256717439,,,MEDIUM,,,,UNKNOWN,UNKNOWN_BOTH,,,REVIEW_REQUIRED,No labels from either channel,REVIEW
ethereum,0.000143624310456956,,,MEDIUM,,,,UNKNOWN,UNKNOWN_BOTH,,,REVIEW_REQUIRED,No labels from either channel,REVIEW
ethereum,0xf33368d19b095242f287b1264e97f51e29333301,,,MEDIUM,,,,UNKNOWN,UNKNOWN_BOTH,,,REVIEW_REQUIRED,No labels from either channel,REVIEW
ethereum,0.10056083318,,,MEDIUM,,,,UNKNOWN,UNKNOWN_BOTH,,,REVIEW_REQUIRED,No labels from either channel,REVIEW
ethereum,0xe129188380d48fa09a6a89ac91adc761afdc1612,,,MEDIUM,,,,UNKNOWN,UNKNOWN_BOTH,,,REVIEW_REQUIRED,No labels from either channel,REVIEW
ethereum,0.05303460649095745,,,MEDIUM,,,,UNKNOWN,UNKNOWN_BOTH,,,REVIEW_REQUIRED,No labels from either channel,REVIEW
ethereum,0.000159582567174395,,,MEDIUM,,,,UNKNOWN,UNKNOWN_BOTH,,,REVIEW_REQUIRED,No labels from either channel,REVIEW
ethereum,0.000023408900494064,,,MEDIUM,,,,UNKNOWN,UNKNOWN_BOTH,,,REVIEW_REQUIRED,No labels from either channel,REVIEW
ethereum,0.000210680104446582,,,MEDIUM,,,,UNKNOWN,UNKNOWN_BOTH,,,REVIEW_REQUIRED,No labels from either channel,REVIEW
ethereum,0xf047d1071ce4359a3140d864c74f230ddd11df03,,,MEDIUM,Coinbase,Cold Wallet,cex,HIGH,ARKHAM_ONLY,Coinbase,Cold Wallet,HIGH,,USE_ARKHAM
ethereum,0.2256041550345503,,,MEDIUM,,,,UNKNOWN,UNKNOWN_BOTH,,,REVIEW_REQUIRED,No labels from either channel,REVIEW
ethereum,0.21018109378233543,,,MEDIUM,,,,UNKNOWN,UNKNOWN_BOTH,,,REVIEW_REQUIRED,No labels from either channel,REVIEW
ethereum,0x75eb7892d845a42d88fc3e9d65cb2db618288fea,,,MEDIUM,,,,UNKNOWN,UNKNOWN_BOTH,,,REVIEW_REQUIRED,No labels from either channel,REVIEW
ethereum,0.0018,,,MEDIUM,,,,UNKNOWN,UNKNOWN_BOTH,,,REVIEW_REQUIRED,No labels from either channel,REVIEW
ethereum,0x7c876bdaa5c038e19f633714f622f6def949b102,,,MEDIUM,,,,UNKNOWN,UNKNOWN_BOTH,,,REVIEW_REQUIRED,No labels from either channel,REVIEW
ethereum,0.21009602162518223,,,MEDIUM,,,,UNKNOWN,UNKNOWN_BOTH,,,REVIEW_REQUIRED,No labels from either channel,REVIEW
ethereum,0.178564233,,,MEDIUM,,,,UNKNOWN,UNKNOWN_BOTH,,,REVIEW_REQUIRED,No labels from either channel,REVIEW
ethereum,0x77e00ba634bba144a6de5f31e9fa77a641b9ebef,,,MEDIUM,,,,UNKNOWN,UNKNOWN_BOTH,,,REVIEW_REQUIRED,No labels from either channel,REVIEW
ethereum,0x06fd4ba7973a0d39a91734bbc35bc2bcaa99e3b0,,,MEDIUM,,,,UNKNOWN,UNKNOWN_BOTH,,,REVIEW_REQUIRED,No labels from either channel,REVIEW
ethereum,0x85f4d7d7651d0f319efa829a9563bd96919517e8,,,MEDIUM,,,,UNKNOWN,UNKNOWN_BOTH,,,REVIEW_REQUIRED,No labels from either channel,REVIEW
ethereum,0.007861237,,,MEDIUM,,,,UNKNOWN,UNKNOWN_BOTH,,,REVIEW_REQUIRED,No labels from either channel,REVIEW
ethereum,0.0926965071,,,MEDIUM,,,,UNKNOWN,UNKNOWN_BOTH,,,REVIEW_REQUIRED,No labels from either channel,REVIEW
ethereum,0xbe0562201362d5adea1b0c678406d70432d33d8d,,,MEDIUM,,,,UNKNOWN,UNKNOWN_BOTH,,,REVIEW_REQUIRED,No labels from either channel,REVIEW
ethereum,0x0524fa401dfaab12d4f3e6a94e1b487d28a8381b,,,MEDIUM,,,,UNKNOWN,UNKNOWN_BOTH,,,REVIEW_REQUIRED,No labels from either channel,REVIEW
ethereum,0.000030778987513158,,,MEDIUM,,,,UNKNOWN,UNKNOWN_BOTH,,,REVIEW_REQUIRED,No labels from either channel,REVIEW
ethereum,0.246630304,,,MEDIUM,,,,UNKNOWN,UNKNOWN_BOTH,,,REVIEW_REQUIRED,No labels from either channel,REVIEW
ethereum,0.07779557930860825,,,MEDIUM,,,,UNKNOWN,UNKNOWN_BOTH,,,REVIEW_REQUIRED,No labels from either channel,REVIEW
ethereum,0.000234089004940646,,,MEDIUM,,,,UNKNOWN,UNKNOWN_BOTH,,,REVIEW_REQUIRED,No labels from either channel,REVIEW
ethereum,0.000002244902620399,,,MEDIUM,,,,UNKNOWN,UNKNOWN_BOTH,,,REVIEW_REQUIRED,No labels from either channel,REVIEW
ethereum,0.000020204123583592,,,MEDIUM,,,,UNKNOWN,UNKNOWN_BOTH,,,REVIEW_REQUIRED,No labels from either channel,REVIEW
ethereum,0x15951d839ee88fd31d40b1b82c7bb4510415130f,,,MEDIUM,,,,UNKNOWN,UNKNOWN_BOTH,,,REVIEW_REQUIRED,No labels from either channel,REVIEW
ethereum,0.00076873846,,,MEDIUM,,,,UNKNOWN,UNKNOWN_BOTH,,,REVIEW_REQUIRED,No labels from either channel,REVIEW
ethereum,0x79c2f5fe20966f7accb0da345815a286e1bf037f,,,MEDIUM,,,,UNKNOWN,UNKNOWN_BOTH,,,REVIEW_REQUIRED,No labels from either channel,REVIEW
ethereum,0.000003605881145672,,,MEDIUM,,,,UNKNOWN,UNKNOWN_BOTH,,,REVIEW_REQUIRED,No labels from either channel,REVIEW
ethereum,0xb92fe925dc43a0ecde6c8b1a2709c170ec4fff4f,,,MEDIUM,,,,UNKNOWN,UNKNOWN_BOTH,,,REVIEW_REQUIRED,No labels from either channel,REVIEW
ethereum,0.0025,,,MEDIUM,,,,UNKNOWN,UNKNOWN_BOTH,,,REVIEW_REQUIRED,No labels from either channel,REVIEW
ethereum,0x10529c64855b8e886d93e424e90c3222592f3670,,,MEDIUM,,,,UNKNOWN,UNKNOWN_BOTH,,,REVIEW_REQUIRED,No labels from either channel,REVIEW
ethereum,0x849b2fb7d57229492a223a8883cfc5b595800483,,,MEDIUM,,,,UNKNOWN,UNKNOWN_BOTH,,,REVIEW_REQUIRED,No labels from either channel,REVIEW
ethereum,0.015638871,,,MEDIUM,,,,UNKNOWN,UNKNOWN_BOTH,,,REVIEW_REQUIRED,No labels from either channel,REVIEW
ethereum,0.005612256550997778,,,MEDIUM,,,,UNKNOWN,UNKNOWN_BOTH,,,REVIEW_REQUIRED,No labels from either channel,REVIEW
ethereum,0x663dc15d3c1ac63ff12e45ab68fea3f0a883c251,,,MEDIUM,,,,UNKNOWN,UNKNOWN_BOTH,,,REVIEW_REQUIRED,No labels from either channel,REVIEW
ethereum,0.09537739,,,MEDIUM,,,,UNKNOWN,UNKNOWN_BOTH,,,REVIEW_REQUIRED,No labels from either channel,REVIEW
ethereum,0.0733090304,,,MEDIUM,,,,UNKNOWN,UNKNOWN_BOTH,,,REVIEW_REQUIRED,No labels from either channel,REVIEW
ethereum,0x18e4ea6b16bdf3390bf8313faf2ab4ddafd95684,,,MEDIUM,,,,UNKNOWN,UNKNOWN_BOTH,,,REVIEW_REQUIRED,No labels from either channel,REVIEW
ethereum,0.000153979,,,MEDIUM,,,,UNKNOWN,UNKNOWN_BOTH,,,REVIEW_REQUIRED,No labels from either channel,REVIEW
ethereum,0x6522b7f9d481eceb96557f44753a4b893f837e90,,,MEDIUM,,,,UNKNOWN,UNKNOWN_BOTH,,,REVIEW_REQUIRED,No labels from either channel,REVIEW
ethereum,0.272946782,,,MEDIUM,,,,UNKNOWN,UNKNOWN_BOTH,,,REVIEW_REQUIRED,No labels from either channel,REVIEW
ethereum,0x08dc8ffc2db71ea07537d1328b3be0799b604396,,,MEDIUM,,,,UNKNOWN,UNKNOWN_BOTH,,,REVIEW_REQUIRED,No labels from either channel,REVIEW
ethereum,0xdfd5293d8e347dfe59e90efd55b2956a1343963d,,,MEDIUM,,,,UNKNOWN,UNKNOWN_BOTH,,,REVIEW_REQUIRED,No labels from either channel,REVIEW
ethereum,4.08032163014,,,MEDIUM,,,,UNKNOWN,UNKNOWN_BOTH,,,REVIEW_REQUIRED,No labels from either channel,REVIEW
ethereum,2.963432614,,,MEDIUM,,,,UNKNOWN,UNKNOWN_BOTH,,,REVIEW_REQUIRED,No labels from either channel,REVIEW
ethereum,0x841ed663f2636863d40be4ee76243377dff13a34,,,MEDIUM,Robinhood,Hot Wallet,cex,HIGH,ARKHAM_ONLY,Robinhood,Hot Wallet,HIGH,,USE_ARKHAM
ethereum,0.054109208325259686,,,MEDIUM,,,,UNKNOWN,UNKNOWN_BOTH,,,REVIEW_REQUIRED,No labels from either channel,REVIEW
ethereum,0xb685760ebd368a891f27ae547391f4e2a289895b,,,MEDIUM,,,,UNKNOWN,UNKNOWN_BOTH,,,REVIEW_REQUIRED,No labels from either channel,REVIEW
ethereum,0.001870752183665926,,,MEDIUM,,,,UNKNOWN,UNKNOWN_BOTH,,,REVIEW_REQUIRED,No labels from either channel,REVIEW
ethereum,0x0b60c1ee6d01c3d5704eeae6c12552c7a63beead,,,MEDIUM,,,,UNKNOWN,UNKNOWN_BOTH,,,REVIEW_REQUIRED,No labels from either channel,REVIEW
ethereum,0xb8d2471e35ee033db509e0456c8efc4135f4ee43,,,MEDIUM,Floki,FlokiStakingPool,meme,HIGH,ARKHAM_ONLY,Floki,FlokiStakingPool,HIGH,,USE_ARKHAM
ethereum,0.00001,,,MEDIUM,,,,UNKNOWN,UNKNOWN_BOTH,,,REVIEW_REQUIRED,No labels from either channel,REVIEW
ethereum,0.00388346499525518,,,MEDIUM,,,,UNKNOWN,UNKNOWN_BOTH,,,REVIEW_REQUIRED,No labels from either channel,REVIEW
ethereum,0xe90435cb8ae5be1535087cd7bc38ece774c39a01,,,MEDIUM,,,,UNKNOWN,UNKNOWN_BOTH,,,REVIEW_REQUIRED,No labels from either channel,REVIEW
ethereum,0.000587571579024015,,,MEDIUM,,,,UNKNOWN,UNKNOWN_BOTH,,,REVIEW_REQUIRED,No labels from either channel,REVIEW
ethereum,0.000426514856398936,,,MEDIUM,,,,UNKNOWN,UNKNOWN_BOTH,,,REVIEW_REQUIRED,No labels from either channel,REVIEW
ethereum,0x7b5822f15ccc66349e3315c9e5a5bbb4567b8589,,,MEDIUM,,,,UNKNOWN,UNKNOWN_BOTH,,,REVIEW_REQUIRED,No labels from either channel,REVIEW
ethereum,0.000020430524866743,,,MEDIUM,,,,UNKNOWN,UNKNOWN_BOTH,,,REVIEW_REQUIRED,No labels from either channel,REVIEW
ethereum,0.633435982,,,MEDIUM,,,,UNKNOWN,UNKNOWN_BOTH,,,REVIEW_REQUIRED,No labels from either channel,REVIEW
ethereum,0x1a6af9e6026b21edd8b61c149c0d2a496c379bdf,,,MEDIUM,,,,UNKNOWN,UNKNOWN_BOTH,,,REVIEW_REQUIRED,No labels from either channel,REVIEW
ethereum,0.000568686475198582,,,MEDIUM,,,,UNKNOWN,UNKNOWN_BOTH,,,REVIEW_REQUIRED,No labels from either channel,REVIEW
ethereum,0.007460559708459712,,,MEDIUM,,,,UNKNOWN,UNKNOWN_BOTH,,,REVIEW_REQUIRED,No labels from either channel,REVIEW
ethereum,0.000022449026203991,,,MEDIUM,,,,UNKNOWN,UNKNOWN_BOTH,,,REVIEW_REQUIRED,No labels from either channel,REVIEW
ethereum,0.000019045872179453,,,MEDIUM,,,,UNKNOWN,UNKNOWN_BOTH,,,REVIEW_REQUIRED,No labels from either channel,REVIEW
ethereum,0.000171412849615086,,,MEDIUM,,,,UNKNOWN,UNKNOWN_BOTH,,,REVIEW_REQUIRED,No labels from either channel,REVIEW
ethereum,0.06329578187638545,,,MEDIUM,,,,UNKNOWN,UNKNOWN_BOTH,,,REVIEW_REQUIRED,No labels from either channel,REVIEW
ethereum,0.000190458721794539,,,MEDIUM,,,,UNKNOWN,UNKNOWN_BOTH,,,REVIEW_REQUIRED,No labels from either channel,REVIEW
ethereum,5.7205769032e-8,,,MEDIUM,,,,UNKNOWN,UNKNOWN_BOTH,,,REVIEW_REQUIRED,No labels from either channel,REVIEW
ethereum,5.1485192129e-7,,,MEDIUM,,,,UNKNOWN,UNKNOWN_BOTH,,,REVIEW_REQUIRED,No labels from either channel,REVIEW
ethereum,0xe6574013ddc4c1f753930325900b6f0bcdb036fe,,,MEDIUM,,,,UNKNOWN,UNKNOWN_BOTH,,,REVIEW_REQUIRED,No labels from either channel,REVIEW
ethereum,0.0010058349399812,,,MEDIUM,,,,UNKNOWN,UNKNOWN_BOTH,,,REVIEW_REQUIRED,No labels from either channel,REVIEW
ethereum,0.000190113839083685,,,MEDIUM,,,,UNKNOWN,UNKNOWN_BOTH,,,REVIEW_REQUIRED,No labels from either channel,REVIEW
ethereum,5.72057690322e-7,,,MEDIUM,,,,UNKNOWN,UNKNOWN_BOTH,,,REVIEW_REQUIRED,No labels from either channel,REVIEW
ethereum,0.00000919228473,,,MEDIUM,,,,UNKNOWN,UNKNOWN_BOTH,,,REVIEW_REQUIRED,No labels from either channel,REVIEW
ethereum,0.00008273056257,,,MEDIUM,,,,UNKNOWN,UNKNOWN_BOTH,,,REVIEW_REQUIRED,No labels from either channel,REVIEW
ethereum,0xa2c7bb99d87845843a92b1b33e03b98f1f8d0247,,,MEDIUM,,Vesting (Proxy),,HIGH,ARKHAM_ONLY,,Vesting (Proxy),HIGH,,USE_ARKHAM
ethereum,0x3ee18b2214aff97000d974cf647e7c347e8fa585,,,MEDIUM,Wormhole,Token Bridge,bridge,HIGH,ARKHAM_ONLY,Wormhole,Token Bridge,HIGH,,USE_ARKHAM
ethereum,0xa085a7e526d5498b5a2bc95e55e60362388f62db,,,MEDIUM,,Gnosis Safe Proxy,,HIGH,ARKHAM_ONLY,,Gnosis Safe Proxy,HIGH,,USE_ARKHAM
ethereum,0xf440139a62b2b939699c5b3e09f88e40464ab9bc,,,MEDIUM,Bybit,Hot Wallet,cex,HIGH,ARKHAM_ONLY,Bybit,Hot Wallet,HIGH,,USE_ARKHAM
ethereum,0x468b08f3cb200412f44cac7ec0ae5a2109264435,,,MEDIUM,,BSBOFTAdapter,,HIGH,ARKHAM_ONLY,,BSBOFTAdapter,HIGH,,USE_ARKHAM
ethereum,0xd3f0b81cccb3294284cd84ba9cc4b08f38fa4fe2,,,MEDIUM,,Proxy (EIP-1967 Transparent),,HIGH,ARKHAM_ONLY,,Proxy (EIP-1967 Transparent),HIGH,,USE_ARKHAM
ethereum,0x2548f1582c4592358f6fd95c3d90f3a48e1f860f,,,MEDIUM,,Gnosis Safe Proxy,,HIGH,ARKHAM_ONLY,,Gnosis Safe Proxy,HIGH,,USE_ARKHAM
ethereum,0xbdefedf62d401ec15672db9058d9ff9bafa548ad,,,MEDIUM,,Gnosis Safe Proxy,,HIGH,ARKHAM_ONLY,,Gnosis Safe Proxy,HIGH,,USE_ARKHAM
ethereum,0xf26a42d11d7cb39585a2a765eb6946f5526f0f6c,,,MEDIUM,,GOPAX Deposit,,HIGH,ARKHAM_ONLY,,GOPAX Deposit,HIGH,,USE_ARKHAM
ethereum,0x9642b23ed1e01df1092b92641051881a322f5d4e,,,MEDIUM,MEXC,Hot Wallet,cex,HIGH,ARKHAM_ONLY,MEXC,Hot Wallet,HIGH,,USE_ARKHAM
ethereum,0xffa8db7b38579e6a2d14f9b347a9ace4d044cd54,,,MEDIUM,Bitget,Cold Wallet,cex,HIGH,ARKHAM_ONLY,Bitget,Cold Wallet,HIGH,,USE_ARKHAM
ethereum,0xb4b74d63f30076870d54ab9e8e6a7d18293273c3,,,MEDIUM,,Gnosis Safe Proxy,,HIGH,ARKHAM_ONLY,,Gnosis Safe Proxy,HIGH,,USE_ARKHAM
ethereum,0xb471837f03d01b628bff32a515baf679ccdfabb8,,,MEDIUM,,Gnosis Safe Proxy,,HIGH,ARKHAM_ONLY,,Gnosis Safe Proxy,HIGH,,USE_ARKHAM
ethereum,0x7cfd8d2d8626b287bea569b5e65ab5cbb75e9265,,,MEDIUM,,Gnosis Safe Proxy,,HIGH,ARKHAM_ONLY,,Gnosis Safe Proxy,HIGH,,USE_ARKHAM
ethereum,0x78a79d0fa0eaf58741f5bde7e05b5cc8f33d24d3,,,MEDIUM,,Gnosis Safe Proxy,,HIGH,ARKHAM_ONLY,,Gnosis Safe Proxy,HIGH,,USE_ARKHAM
ethereum,0xf79ff8a5052e969a6d13e18c4e439fe5202b02fa,,,MEDIUM,,Gnosis Safe Proxy,,HIGH,ARKHAM_ONLY,,Gnosis Safe Proxy,HIGH,,USE_ARKHAM
ethereum,0xc882b111a75c0c657fc507c04fbfcd2cc984f071,,,MEDIUM,Gate,Cold Wallet,cex,HIGH,ARKHAM_ONLY,Gate,Cold Wallet,HIGH,,USE_ARKHAM
ethereum,0x0d0707963952f2fba59dd06f2b425ace40b492fe,,,MEDIUM,Gate,Hot Wallet,cex,HIGH,ARKHAM_ONLY,Gate,Hot Wallet,HIGH,,USE_ARKHAM
ethereum,0x36fc85ec486c254c9564d66de8c4210a1a20c291,,,MEDIUM,,Gnosis Safe Proxy,,HIGH,ARKHAM_ONLY,,Gnosis Safe Proxy,HIGH,,USE_ARKHAM
ethereum,0x4982085c9e2f89f2ecb8131eca71afad896e89cb,,,MEDIUM,MEXC,Hot Wallet,cex,HIGH,ARKHAM_ONLY,MEXC,Hot Wallet,HIGH,,USE_ARKHAM
ethereum,0x69be413d648ae00f0fbd9856f1355e22b36ee5e0,,,MEDIUM,KuCoin,Cold Wallet,cex,HIGH,ARKHAM_ONLY,KuCoin,Cold Wallet,HIGH,,USE_ARKHAM
ethereum,0x53f78a071d04224b8e254e243fffc6d9f2f3fa23,,,MEDIUM,KuCoin,Hot Wallet,cex,HIGH,ARKHAM_ONLY,KuCoin,Hot Wallet,HIGH,,USE_ARKHAM
ethereum,0x8dac80ce96f69f9762bc450faa4d7fbd5891ae18,,,MEDIUM,KuCoin,Cold Wallet,cex,HIGH,ARKHAM_ONLY,KuCoin,Cold Wallet,HIGH,,USE_ARKHAM
ethereum,0xd5da17a84314194e348649c89a65143a061f7190,,,MEDIUM,,Gate Deposit,,HIGH,ARKHAM_ONLY,,Gate Deposit,HIGH,,USE_ARKHAM
ethereum,0x6455327f820edd69c4cd665b995e0fec679d7f9e,,,MEDIUM,Wintermute,Gate Deposit,fund,HIGH,ARKHAM_ONLY,Wintermute,Gate Deposit,HIGH,,USE_ARKHAM
ethereum,0x17c0ae0ac1f0c00a771364af8f4ead290b4c02ae,,,MEDIUM,,StakingWithUnbonding,,HIGH,ARKHAM_ONLY,,StakingWithUnbonding,HIGH,,USE_ARKHAM
ethereum,0x035ae7d933dcbfe617ffba194a88af0c2867b90c,,,MEDIUM,,Gate Deposit,,HIGH,ARKHAM_ONLY,,Gate Deposit,HIGH,,USE_ARKHAM
ethereum,0x17a30350771d02409046a683b18fe1c13ccfc4a8,,,MEDIUM,KuCoin,ERC1967Proxy,cex,HIGH,ARKHAM_ONLY,KuCoin,ERC1967Proxy,HIGH,,USE_ARKHAM
ethereum,0xbb37e9c98b68a0dafa802e71a47d737b7864faad,,,MEDIUM,,Gnosis Safe Proxy,,HIGH,ARKHAM_ONLY,,Gnosis Safe Proxy,HIGH,,USE_ARKHAM
ethereum,0xc82c31b242d49db07f9282295b6e8e391771a588,,,MEDIUM,,Gnosis Safe Proxy,,HIGH,ARKHAM_ONLY,,Gnosis Safe Proxy,HIGH,,USE_ARKHAM
ethereum,0xa5849fe818f0ee0675347f6018da9a49c93814ee,,,MEDIUM,,Gnosis Safe Proxy,,HIGH,ARKHAM_ONLY,,Gnosis Safe Proxy,HIGH,,USE_ARKHAM
ethereum,0xb8e6d31e7b212b2b7250ee9c26c56cebbfbe6b23,,,MEDIUM,KuCoin,Hot Wallet Vault (Proxy),cex,HIGH,ARKHAM_ONLY,KuCoin,Hot Wallet Vault (Proxy),HIGH,,USE_ARKHAM
ethereum,0x10f3bc8579f7c8dd7efb7197144177f499c795d7,,,MEDIUM,,Coinbase Prime Custody,,HIGH,ARKHAM_ONLY,,Coinbase Prime Custody,HIGH,,USE_ARKHAM
ethereum,0x58edf78281334335effa23101bbe3371b6a36a51,,,MEDIUM,KuCoin,Hot Wallet,cex,HIGH,ARKHAM_ONLY,KuCoin,Hot Wallet,HIGH,,USE_ARKHAM
ethereum,0x3198ca64ebff6d008860f2c450cfcbf1faac7677,,,MEDIUM,Uniswap,V3 Pool,dex,HIGH,ARKHAM_ONLY,Uniswap,V3 Pool,HIGH,,USE_ARKHAM
ethereum,0x9b0c45d46d386cedd98873168c36efd0dcba8d46,,,MEDIUM,Revolut,,cex,HIGH,ARKHAM_ONLY,Revolut,,HIGH,,USE_ARKHAM
ethereum,0xe92e65049b3c2ca12806e9567b08895118c5a03f,,,MEDIUM,GSR Markets,,fund,HIGH,ARKHAM_ONLY,GSR Markets,,HIGH,,USE_ARKHAM
ethereum,0xcd7f6b72049c3b54416f9f26392cb271e74ca3fd,,,MEDIUM,@Ilnur94551132,ilnur.eth,individual,HIGH,ARKHAM_ONLY,@Ilnur94551132,ilnur.eth,HIGH,,USE_ARKHAM
ethereum,0xba08d979c7f0021e360d0298b6ff995bdefb23df,,,MEDIUM,,bfox.eth,,HIGH,ARKHAM_ONLY,,bfox.eth,HIGH,,USE_ARKHAM
ethereum,0xd763177e5fbaaf48a5d1bb6f41a402ac25c54465,,,MEDIUM,,TokenDistributor,,HIGH,ARKHAM_ONLY,,TokenDistributor,HIGH,,USE_ARKHAM
ethereum,51ig4tkzd1kccnxlrufre1nxyjg83aftfqb5uglpwmhy,,,MEDIUM,,Coinbase Prime Custody,,HIGH,ARKHAM_ONLY,,Coinbase Prime Custody,HIGH,,USE_ARKHAM
ethereum,4qxxp184imkjl1ztlrgtjmfvr2n2yhpus1wypmzgayb3,,,MEDIUM,Indodax,Hot Wallet,cex,HIGH,ARKHAM_ONLY,Indodax,Hot Wallet,HIGH,,USE_ARKHAM
ethereum,4w2cysotx6czaugmmwg13hdpy4qemg2czekyeqyk9ama,,,MEDIUM,pump.fun,PumpSwap Market,meme,HIGH,ARKHAM_ONLY,pump.fun,PumpSwap Market,HIGH,,USE_ARKHAM
ethereum,9qpucjgtktvsbmpksg4fequu9stgfxr9aqmln25mwibv,,,MEDIUM,,frostx.sol,,HIGH,ARKHAM_ONLY,,frostx.sol,HIGH,,USE_ARKHAM
ethereum,4hwpamsoobr5jhxhdcec21hoxn5huwyr2hguclpyzai8,,,MEDIUM,@jotagezin,"jotagezin" on Fomo,individual,HIGH,ARKHAM_ONLY,@jotagezin,"jotagezin" on Fomo,HIGH,,USE_ARKHAM
ethereum,2wgvjfgaxyghgt1zysyzhxeppjx8jy9rph4qgd6dvj4f,,,MEDIUM,,"adiosdavid" on Pump.fun,,HIGH,ARKHAM_ONLY,,"adiosdavid" on Pump.fun,HIGH,,USE_ARKHAM
ethereum,u6pj8dtqupfnfmwhbgfulq4u4egjdiyykjvesynxq2w,,,MEDIUM,Gate,Hot Wallet,cex,HIGH,ARKHAM_ONLY,Gate,Hot Wallet,HIGH,,USE_ARKHAM
ethereum,astyfsima4lladdgofgkgqokowg1lzfdr9faqrg7iajz,,,MEDIUM,MEXC,Hot Wallet,cex,HIGH,ARKHAM_ONLY,MEXC,Hot Wallet,HIGH,,USE_ARKHAM
ethereum,0x4f30a9d41b80ecc5b94306ab4364951ae3170210,,,MEDIUM,Pendle Finance,Voting Escrow Pendle,yield,HIGH,ARKHAM_ONLY,Pendle Finance,Voting Escrow Pendle,HIGH,,USE_ARKHAM
ethereum,0x999999999991e178d52cd95afd4b00d066664144,,,MEDIUM,,StakedPendle (SPENDLE),,HIGH,ARKHAM_ONLY,,StakedPendle (SPENDLE),HIGH,,USE_ARKHAM
ethereum,0xa3a7b6f88361f48403514059f1f16c8e78d60eec,,,MEDIUM,Arbitrum,L1 ERC20 Gateway,smart-contract-platform,HIGH,ARKHAM_ONLY,Arbitrum,L1 ERC20 Gateway,HIGH,,USE_ARKHAM
ethereum,0x8119ec16f0573b7dac7c0cb94eb504fb32456ee1,,,MEDIUM,Pendle Finance,Gnosis Safe Proxy,yield,HIGH,ARKHAM_ONLY,Pendle Finance,Gnosis Safe Proxy,HIGH,,USE_ARKHAM
ethereum,0xf977814e90da44bfa03b6295a0616a897441acec,,,MEDIUM,Binance,Cold Wallet,cex,HIGH,ARKHAM_ONLY,Binance,Cold Wallet,HIGH,,USE_ARKHAM
ethereum,0x399be606db281a054e359eb709df9f21e922ec9a,,,MEDIUM,Pendle Finance,Gnosis Safe Proxy,yield,HIGH,ARKHAM_ONLY,Pendle Finance,Gnosis Safe Proxy,HIGH,,USE_ARKHAM
ethereum,0x918cf6b16d1426b5aa0edf0492ced1aa89f9659a,,,MEDIUM,,Gnosis Safe Proxy,,HIGH,ARKHAM_ONLY,,Gnosis Safe Proxy,HIGH,,USE_ARKHAM
ethereum,0x131b2070814623cee8de6054240c9158c007c0a5,,,MEDIUM,Upbit,Cold Wallet,cex,HIGH,ARKHAM_ONLY,Upbit,Cold Wallet,HIGH,,USE_ARKHAM
ethereum,0x187c9fbf5bd0f266883c03f320260c407c7b4100,,,MEDIUM,Bybit,Hot Wallet,cex,HIGH,ARKHAM_ONLY,Bybit,Hot Wallet,HIGH,,USE_ARKHAM
ethereum,0x0dc874fb5260bd8749e6e98fd95d161b7605774d,,,MEDIUM,Spartan Group,,fund,HIGH,ARKHAM_ONLY,Spartan Group,,HIGH,,USE_ARKHAM
ethereum,0x88a1493366d48225fc3cefbdae9ebb23e323ade3,,,MEDIUM,Bybit,Cold Wallet,cex,HIGH,ARKHAM_ONLY,Bybit,Cold Wallet,HIGH,,USE_ARKHAM
ethereum,0xaea6291cb48d9675b120f74e2f0b0de01db47a00,,,MEDIUM,Flow Traders,,fund,HIGH,ARKHAM_ONLY,Flow Traders,,HIGH,,USE_ARKHAM
ethereum,0x5c7f51696c37bac235ada85ae3e441b0188cc71d,,,MEDIUM,Coinbase,Coinbase Prime Custody,cex,HIGH,ARKHAM_ONLY,Coinbase,Coinbase Prime Custody,HIGH,,USE_ARKHAM
ethereum,0x0f7efb2e96b9681950f96d3d18ce0bf68d60fd7e,,,MEDIUM,Multichain,Pendle (anyPENDLE),bridge,HIGH,ARKHAM_ONLY,Multichain,Pendle (anyPENDLE),HIGH,,USE_ARKHAM
ethereum,0x677fd4ed8ae623f2f625deb2d64f2070e46ca1a1,,,MEDIUM,Ondo Finance,Gnosis Safe Proxy,misc,HIGH,ARKHAM_ONLY,Ondo Finance,Gnosis Safe Proxy,HIGH,,USE_ARKHAM
ethereum,0x460ae5a6666fcb9635ba99b541b31279e5966537,,,MEDIUM,Upbit,Cold Wallet,cex,HIGH,ARKHAM_ONLY,Upbit,Cold Wallet,HIGH,,USE_ARKHAM
ethereum,0xa63eace47618b9677261b09b32e3ca2b5c0a0182,,,MEDIUM,Bithumb,Hot Wallet,cex,HIGH,ARKHAM_ONLY,Bithumb,Hot Wallet,HIGH,,USE_ARKHAM
ethereum,0xd2e6e930e25456ffcd4df0124563cc334f3284f4,,,MEDIUM,Flux Finance,Gnosis Safe Proxy,lending-decentralized,HIGH,ARKHAM_ONLY,Flux Finance,Gnosis Safe Proxy,HIGH,,USE_ARKHAM
ethereum,0xac7dc31d7eab8a15267a386151d851c992f14690,,,MEDIUM,Pantera Capital,,fund,HIGH,ARKHAM_ONLY,Pantera Capital,,HIGH,,USE_ARKHAM
ethereum,0xb829e684df8e31b402a4d4aedf3bbc18a52e7589,,,MEDIUM,Bybit,,cex,HIGH,ARKHAM_ONLY,Bybit,,HIGH,,USE_ARKHAM
ethereum,0xc18d0c0e4c608fd5443fb450beeac449670c9b8d,,,MEDIUM,Coinbase,Cold Wallet,cex,HIGH,ARKHAM_ONLY,Coinbase,Cold Wallet,HIGH,,USE_ARKHAM
ethereum,0xf197c6f2ac14d25ee2789a73e4847732c7f16bc9,,,MEDIUM,Bitpanda,Cold Wallet,cex,HIGH,ARKHAM_ONLY,Bitpanda,Cold Wallet,HIGH,,USE_ARKHAM
ethereum,0x05ce068348944e572c53485ce74ba858eb217654,,,MEDIUM,Coinbase,Cold Wallet,cex,HIGH,ARKHAM_ONLY,Coinbase,Cold Wallet,HIGH,,USE_ARKHAM
ethereum,0xf3fa84849895326677013ac328f7c57837f28f06,,,MEDIUM,Coinbase,Cold Wallet,cex,HIGH,ARKHAM_ONLY,Coinbase,Cold Wallet,HIGH,,USE_ARKHAM
ethereum,0xa4f68419632aeedb1c4f7452d95b7b80d500b4e5,,,MEDIUM,Coinbase,Cold Wallet,cex,HIGH,ARKHAM_ONLY,Coinbase,Cold Wallet,HIGH,,USE_ARKHAM
ethereum,0x02bfd8f779b2a22b9cfb179f7b8436507fc0108d,,,MEDIUM,Coinbase,Cold Wallet,cex,HIGH,ARKHAM_ONLY,Coinbase,Cold Wallet,HIGH,,USE_ARKHAM
ethereum,0xe002402ccf13371b6f6cb1eb4b78686030de62b1,,,MEDIUM,Coinbase,Cold Wallet,cex,HIGH,ARKHAM_ONLY,Coinbase,Cold Wallet,HIGH,,USE_ARKHAM
ethereum,0xf02bb1617b3252ff5cec9a9d1f7bd1a12977833b,,,MEDIUM,Coinbase,Cold Wallet,cex,HIGH,ARKHAM_ONLY,Coinbase,Cold Wallet,HIGH,,USE_ARKHAM
ethereum,0x50cad633ac6d5a558d7f0676505eadca97e1ccf2,,,MEDIUM,Coinbase,Cold Wallet,cex,HIGH,ARKHAM_ONLY,Coinbase,Cold Wallet,HIGH,,USE_ARKHAM
ethereum,0xbf68b40cafdc6d6643e434ae1abc73fee6a765fc,,,MEDIUM,,Coinbase Prime Custody,,HIGH,ARKHAM_ONLY,,Coinbase Prime Custody,HIGH,,USE_ARKHAM
ethereum,0xdbc83973753e604d11967374198d8fda9e7ce0f0,,,MEDIUM,Pantera Capital,,fund,HIGH,ARKHAM_ONLY,Pantera Capital,,HIGH,,USE_ARKHAM
ethereum,0x1d48963dd8fada6ab5c2c7b92eba81ecc5030270,,,MEDIUM,Robinhood,Cold Wallet,cex,HIGH,ARKHAM_ONLY,Robinhood,Cold Wallet,HIGH,,USE_ARKHAM
ethereum,0x5a52e96bacdabb82fd05763e25335261b270efcb,,,MEDIUM,Binance,Cold Wallet,cex,HIGH,ARKHAM_ONLY,Binance,Cold Wallet,HIGH,,USE_ARKHAM
ethereum,0x611f7bf868a6212f871e89f7e44684045ddfb09d,,,MEDIUM,OKX,Cold Wallet,cex,HIGH,ARKHAM_ONLY,OKX,Cold Wallet,HIGH,,USE_ARKHAM
ethereum,0xc671b05671a7cd3080c6ceae79d284bdde0ef271,,,MEDIUM,Bithumb,Hot Wallet,cex,HIGH,ARKHAM_ONLY,Bithumb,Hot Wallet,HIGH,,USE_ARKHAM
ethereum,0x76ec5a0d3632b2133d9f1980903305b62678fbd3,,,MEDIUM,BtcTurk,Hot Wallet,cex,HIGH,ARKHAM_ONLY,BtcTurk,Hot Wallet,HIGH,,USE_ARKHAM
ethereum,0xc93e48d89f2d6dbc1672908aa68ce7c24d0413b4,,,MEDIUM,Bybit,,cex,HIGH,ARKHAM_ONLY,Bybit,,HIGH,,USE_ARKHAM
ethereum,0x262190cce7b2515fc32aba9569e8c1cbee031ccc,,,MEDIUM,Coinbase,Cold Wallet,cex,HIGH,ARKHAM_ONLY,Coinbase,Cold Wallet,HIGH,,USE_ARKHAM
ethereum,0x59779b3aa3540f45b3e7255b4b5b25a8764be686,,,MEDIUM,Coinbase,Cold Wallet,cex,HIGH,ARKHAM_ONLY,Coinbase,Cold Wallet,HIGH,,USE_ARKHAM
ethereum,0x43684d03d81d3a4c70da68febdd61029d426f042,,,MEDIUM,Binance,Cold Wallet,cex,HIGH,ARKHAM_ONLY,Binance,Cold Wallet,HIGH,,USE_ARKHAM
ethereum,0x40b38765696e3d5d8d9d834d8aad4bb6e418e489,,,MEDIUM,Robinhood,Cold Wallet,cex,HIGH,ARKHAM_ONLY,Robinhood,Cold Wallet,HIGH,,USE_ARKHAM
ethereum,0xd4bb423838a66347f5d6860437cef53e540b5f13,,,MEDIUM,Coinbase,Cold Wallet,cex,HIGH,ARKHAM_ONLY,Coinbase,Cold Wallet,HIGH,,USE_ARKHAM
ethereum,0xc3681709ee476308b45812eabe0eb22f3b816880,,,MEDIUM,Paribu,Cold Wallet,cex,HIGH,ARKHAM_ONLY,Paribu,Cold Wallet,HIGH,,USE_ARKHAM
ethereum,51yzydsnec4xnuv7xlrvycdyv4x3wutzrdcraybmqu5j,,,MEDIUM,,Robinhood Deposit,,HIGH,ARKHAM_ONLY,,Robinhood Deposit,HIGH,,USE_ARKHAM
ethereum,9wzdxwbbmkg8ztbnmquxvqrayrzzdsgydlvl9zytawwm,,,MEDIUM,Binance,Cold Wallet,cex,HIGH,ARKHAM_ONLY,Binance,Cold Wallet,HIGH,,USE_ARKHAM
ethereum,4xlpwxgyupwpvtqje94rls4wz4ad8njyykr2ajk99qdg,,,MEDIUM,Robinhood,Hot Wallet,cex,HIGH,ARKHAM_ONLY,Robinhood,Hot Wallet,HIGH,,USE_ARKHAM
ethereum,3gd3dqgtj4jwfbflytx67dalfetjc5is72scgrhckw2u,,,MEDIUM,Binance,Cold Wallet,cex,HIGH,ARKHAM_ONLY,Binance,Cold Wallet,HIGH,,USE_ARKHAM
ethereum,5z7gxl5u4jcw9d6acu28lew4rktibsg1emxbtcx7efg2,,,MEDIUM,Revolut,Hot Wallet,cex,HIGH,ARKHAM_ONLY,Revolut,Hot Wallet,HIGH,,USE_ARKHAM
ethereum,cbeadkb8tzaxhjve3zwad4l995gze7rjcacj7asebkvg,,,MEDIUM,OKX,Cold Wallet,cex,HIGH,ARKHAM_ONLY,OKX,Cold Wallet,HIGH,,USE_ARKHAM
ethereum,5nudhyusfhpahh1ut2faotfxmh6qqju5xpvaxz1z1vme,,,MEDIUM,Coinbase,Cold Wallet,cex,HIGH,ARKHAM_ONLY,Coinbase,Cold Wallet,HIGH,,USE_ARKHAM
ethereum,3b7xaqrloemdegvx8569f9grb9pcxxocjmj5wvhhei9z,,,MEDIUM,BtcTurk,Cold Wallet,cex,HIGH,ARKHAM_ONLY,BtcTurk,Cold Wallet,HIGH,,USE_ARKHAM
ethereum,6ly1jzafvzsp2a2xkrtu6znqmq5h4i7tocwdgrkzzkzf,,,MEDIUM,Kraken,Hot Wallet,cex,HIGH,ARKHAM_ONLY,Kraken,Hot Wallet,HIGH,,USE_ARKHAM
ethereum,e2rvjg2mywpkcbkhbuf81gfhyr6kvmncdbsmr5qnatyy,,,MEDIUM,Kraken,Cold Wallet,cex,HIGH,ARKHAM_ONLY,Kraken,Cold Wallet,HIGH,,USE_ARKHAM
ethereum,5q544fkrfoe6tsebd7s8emxgtjyakttvhaw5q5pge4j1,,,MEDIUM,Raydium,Authority V4,dex,HIGH,ARKHAM_ONLY,Raydium,Authority V4,HIGH,,USE_ARKHAM
ethereum,ck8i4zfxkde2kwfyg7g9s748r6mwxajbckcyghqmr3qq,,,MEDIUM,Bybit,Hot Wallet,cex,HIGH,ARKHAM_ONLY,Bybit,Hot Wallet,HIGH,,USE_ARKHAM
ethereum,42bragavnzmbp7aaktpvambspekehnfqejizc53epjfd,,,MEDIUM,Bybit,Cold Wallet,cex,HIGH,ARKHAM_ONLY,Bybit,Cold Wallet,HIGH,,USE_ARKHAM
ethereum,gbrurzmtwujjrta3bkvo7zgwuzylmmwpcwre7bejjxnk,,,MEDIUM,Binance,Cold Wallet,cex,HIGH,ARKHAM_ONLY,Binance,Cold Wallet,HIGH,,USE_ARKHAM
ethereum,efe3j1pcsp1pauza86zw7989zjsfp2j7ginyuqo4ewqr,,,MEDIUM,Kraken,Cold Wallet,cex,HIGH,ARKHAM_ONLY,Kraken,Cold Wallet,HIGH,,USE_ARKHAM
ethereum,cmivunnbdhxlq9chv1bsuiqe5yczf6jvvffdepmhhhyk,,,MEDIUM,Bybit,Cold Wallet,cex,HIGH,ARKHAM_ONLY,Bybit,Cold Wallet,HIGH,,USE_ARKHAM
ethereum,7twnq4weycwqwbcwkeex2q9xqvtthpgkb7adnvueuvuh,,,MEDIUM,Bitget,Cold Wallet,cex,HIGH,ARKHAM_ONLY,Bitget,Cold Wallet,HIGH,,USE_ARKHAM
ethereum,5dsarcafnyy3ahwymay7vt7grebyzsj4tdfu7jyesbb8,,,MEDIUM,Bitvavo,Cold Wallet,cex,HIGH,ARKHAM_ONLY,Bitvavo,Cold Wallet,HIGH,,USE_ARKHAM
ethereum,agkgwk1r669kdt4fcqgdgk7pgahgjpjd4j9xmvjul9kn,,,MEDIUM,Bonk,BonkDAO,meme,HIGH,ARKHAM_ONLY,Bonk,BonkDAO,HIGH,,USE_ARKHAM
ethereum,7lp4jbapgnhxoxpjtr2twufh7oaqyqngqjpy7hfjcn7h,,,MEDIUM,Upbit,Hot Wallet,cex,HIGH,ARKHAM_ONLY,Upbit,Hot Wallet,HIGH,,USE_ARKHAM
ethereum,9adee8aam1xgjrpes4zktpozr3o4u5igbgvpwkndldj3,,,MEDIUM,Bonk,Stake Pool,meme,HIGH,ARKHAM_ONLY,Bonk,Stake Pool,HIGH,,USE_ARKHAM
ethereum,9rpzafh4j8f6qg1gjnhrhsp9exdvdjseszxe53qp7ubb,,,MEDIUM,Coinbase,Cold Wallet,cex,HIGH,ARKHAM_ONLY,Coinbase,Cold Wallet,HIGH,,USE_ARKHAM
ethereum,eblm4ztrqdftrqnzammvnwckjk5ef5vm1hg3sapv3tki,,,MEDIUM,Coinbase,Cold Wallet,cex,HIGH,ARKHAM_ONLY,Coinbase,Cold Wallet,HIGH,,USE_ARKHAM
ethereum,8mm46csqxiyaputdup2cxhg41he3bfyntembdwzrmzqh,,,MEDIUM,Bithumb,Hot Wallet,cex,HIGH,ARKHAM_ONLY,Bithumb,Hot Wallet,HIGH,,USE_ARKHAM
ethereum,f18jtyiqivkmuy3zysjrjmbpghab4is16betyfey67wf,,,MEDIUM,,Coinbase Prime Custody,,HIGH,ARKHAM_ONLY,,Coinbase Prime Custody,HIGH,,USE_ARKHAM
ethereum,gugu1tp7doletw9hqp51xrjys8da1fwxuiy2rvrnmd2m,,,MEDIUM,Wormhole,Custody Authority,bridge,HIGH,ARKHAM_ONLY,Wormhole,Custody Authority,HIGH,,USE_ARKHAM
ethereum,0x04b604712a92d8e206b7c9d1a74d2aa78e8cdda5,,,MEDIUM,Floki,Gnosis Safe Proxy,meme,HIGH,ARKHAM_ONLY,Floki,Gnosis Safe Proxy,HIGH,,USE_ARKHAM
ethereum,0x2b9d5c7f2ead1a221d771fb6bb5e35df04d60ab0,,,MEDIUM,Floki,Gnosis Safe Proxy,meme,HIGH,ARKHAM_ONLY,Floki,Gnosis Safe Proxy,HIGH,,USE_ARKHAM
ethereum,0x0529ea5885702715e83923c59746ae8734c553b7,,,MEDIUM,Bitpanda,Cold Wallet,cex,HIGH,ARKHAM_ONLY,Bitpanda,Cold Wallet,HIGH,,USE_ARKHAM
ethereum,0xeda2a65102351bcc259194b89086896dcd82d991,,,MEDIUM,Coinbase,Cold Wallet,cex,HIGH,ARKHAM_ONLY,Coinbase,Cold Wallet,HIGH,,USE_ARKHAM
ethereum,0xc80afd311c9626528de66d86814770361fe92416,,,MEDIUM,Paribu,Hot Wallet,cex,HIGH,ARKHAM_ONLY,Paribu,Hot Wallet,HIGH,,USE_ARKHAM
ethereum,0xda1cfa96deb19c561fa48222f0a0d38fc16fa54d,,,MEDIUM,Coinbase,Cold Wallet,cex,HIGH,ARKHAM_ONLY,Coinbase,Cold Wallet,HIGH,,USE_ARKHAM