token,date,price,return_3d,oi,oi_pct_chg_3d,oi_zscore,funding_rate,price_flat_oi_up,price_up_oi_up,oi_leads_price,oi_confirms_price,oi_overheated_late,funding_overheated_late,deleveraging
BSB,2026-03-05,0.11131693414345387,0,0,,,,false,false,false,false,false,false,false
BSB,2026-03-06,0.1348567832108405,0,0,,,,false,false,false,false,false,false,false
BSB,2026-03-07,0.12238700648425667,0.004515448022976141,0,,,,false,false,false,false,false,false,false
BSB,2026-03-08,0.1318065856997139,0.1840658989930056,0,,,,false,false,false,false,false,false,false
BSB,2026-03-09,0.15296082682066273,0.13424644410743247,0,,,,false,false,false,false,false,false,false
BSB,2026-03-10,0.1519085058724071,0.24121432688157088,0,,,,false,false,false,false,false,false,false
BSB,2026-03-11,0.15687072635696414,0.19015848505743246,0,,,,false,false,false,false,false,false,false
BSB,2026-03-12,0.15172098925138597,-0.008105588829814528,0,,,,false,false,false,false,false,false,false
BSB,2026-03-13,0.14442954668493369,-0.04923331412235222,0,,,,false,false,false,false,false,false,false
BSB,2026-03-14,0.11671316961498061,-0.25599139925319003,0,,,,false,false,false,false,false,false,false
BSB,2026-03-15,0.1158641463127299,-0.23633409665715396,0,,,,false,false,false,false,false,false,false
BSB,2026-03-16,0.11697987974864375,-0.19005575774720182,0,,,,false,false,false,false,false,false,false
BSB,2026-03-17,0.12047807646578299,0.032257772308148594,0,,,,false,false,false,false,false,false,false
BSB,2026-03-18,0.11102410574294815,-0.04177341070392871,0,,,,false,false,false,false,false,false,false
BSB,2026-03-19,0.11369312092308943,-0.028096787521209827,0,,,,false,false,false,false,false,false,false
BSB,2026-03-20,0.10013607729370391,-0.16884399028279978,0,,,,false,false,false,false,false,false,false
BSB,2026-03-21,0.09035338955140625,-0.1861822354093118,0,,,,false,false,false,false,false,false,false
BSB,2026-03-22,0.08098751974472039,-0.28766561171712024,0,,,,false,false,false,false,false,false,false
BSB,2026-03-23,0.08509511780998918,-0.15020519966643864,0,,,,false,false,false,false,false,false,false
BSB,2026-03-24,0.08175672215246191,-0.09514493525506637,0,,,,false,false,false,false,false,false,false
BSB,2026-03-25,0.16819542381231153,1.0768067023472003,0,,,,false,false,false,false,false,false,false
BSB,2026-03-26,0.15709068977411636,0.8460599599249362,0,,,,false,false,false,false,false,false,false
BSB,2026-03-27,0.21607478725535312,1.6428993429116647,0,,,,false,false,false,false,false,false,false
BSB,2026-03-28,0.22875929219154187,0.36008035775582853,0,,,,false,false,false,false,false,false,false
BSB,2026-03-29,0.26879353826393154,0.7110723662263804,0,,,,false,false,false,false,false,false,false
BSB,2026-03-30,0.23924118166684238,0.1072147042501153,0,,,,false,false,false,false,false,false,false
BSB,2026-03-31,0.2174633763619413,-0.049379046950986445,0,,,,false,false,false,false,false,false,false
BSB,2026-04-01,0.22787588459357477,-0.15222707336877736,0,,,,false,false,false,false,false,false,false
BSB,2026-04-02,0.22659596575822788,-0.052855515177247875,202993,,-1.0542363135465274,,false,false,false,false,false,false,false
BSB,2026-04-03,0.22566137623473206,0.03769830124933863,133716,,-1.2819127413101912,,false,false,false,false,false,false,false
BSB,2026-04-04,0.23549601199260536,0.033439814891432565,208492,,-1.0361640431498245,,false,false,false,false,false,false,false
BSB,2026-04-05,0.2536546864884648,0.11941395620038475,637879,2.1423694413107843,0.3750012539640273,,false,true,false,false,false,false,false
BSB,2026-04-06,0.20893219093220144,-0.0741340214336413,660333,3.9383245086601453,0.4487955364676765,,false,false,false,false,false,false,false
BSB,2026-04-07,0.17782127882266,-0.24490747287795417,601437,1.8847006120138903,0.25523590066403684,,false,false,false,false,false,false,false
BSB,2026-04-08,0.17211863275871125,-0.32144509079851546,448665,-0.2966299251111888,-0.24684391258293467,,false,false,false,false,false,false,true
BSB,2026-04-09,0.17336486100335066,-0.17023384367032457,440744,-0.3325428230907739,-0.2728760009285036,,false,false,false,false,false,false,true
BSB,2026-04-10,0.19043118677973203,0.07091338022401592,404949,-0.32669755934536787,-0.3905150114485947,,false,false,false,false,false,false,false
BSB,2026-04-11,0.18177986098405588,0.05613121642029574,341080,-0.23978915226282416,-0.6004182371199928,,false,false,false,false,false,false,false
BSB,2026-04-12,0.21005991431865487,0.21166373106367264,565376,0.28277639627538886,0.1367226904848218,,false,true,false,false,false,false,false
BSB,2026-04-13,0.22405565344391837,0.17657016811578813,338190,-0.16485779690775876,-0.6099161206345356,,false,false,false,false,false,false,false
BSB,2026-04-14,0.21779773236176078,0.19814005348405492,255899,-0.2497390641491732,-0.8803626023975978,,false,false,false,false,false,false,false
BSB,2026-04-15,0.24291830901770678,0.15642391746007603,215643,-0.6185848002037582,-1.0126625327648777,,false,false,false,false,false,false,false
BSB,2026-04-16,0.2433670257800678,0.08619006947299866,244488,-0.27706910316685884,-0.9178644531880645,,false,false,false,false,false,false,false
BSB,2026-04-17,0.2373726064959457,0.0898763909151779,245620,-0.040168191356746215,-0.9141441749394617,0.00089059986851,false,false,false,false,false,false,false
BSB,2026-04-18,0.2205164833588689,-0.09221958505072986,224764,0.04229675899519113,-0.9826866865585989,0.0005502313728793334,false,false,false,false,false,false,false
BSB,2026-04-19,0.23306484568079605,-0.042331865076010305,225995,-0.07563970419816106,-0.9786410482864873,0.00020152200827501662,false,false,false,false,false,false,false
BSB,2026-04-20,0.27526842362712417,0.15964696891772867,217830,-0.11314225225958797,-1.005475034063734,0.00005,false,false,false,false,false,false,false
BSB,2026-04-21,0.3346965875255311,0.5177848949316198,332119,0.4776343186631311,-0.6298682489448435,0.0002061240283964833,false,true,false,false,false,false,false
BSB,2026-04-22,0.3655191505342652,0.5683152449120431,397749,0.7599902652713556,-0.41417755861285377,0.0002001418689199833,false,true,false,false,false,false,false
BSB,2026-04-23,0.40784134904066516,0.4816132692107212,471607,1.1650231832162696,-0.17144583521593013,0.00024319978942216667,false,true,false,false,false,false,false
BSB,2026-04-24,0.43356955689007026,0.29541074827061686,498583,0.5012179369442881,-0.0827901585071726,0.0006290512440844667,false,true,false,true,false,false,false
BSB,2026-04-25,0.7111056379410807,0.9454675272189846,962427,1.4196842732477015,1.4416168591120788,0.0004122594253954833,false,true,false,true,false,false,false
BSB,2026-04-26,0.7296227189129658,0.7889866258759761,770227,0.6331967082761706,0.8099583084217171,0.0005801131778273666,false,true,false,true,false,false,false
BSB,2026-04-27,0.7576302815049929,0.7474249966703425,910845,0.8268673420473622,1.2720944274694657,0.0006405534147309167,false,true,false,true,false,false,false
BSB,2026-04-28,0.866155638479141,0.21804074143890712,1010407,0.04985313171804199,1.5993014442427944,0.0003921421950064,false,false,false,false,true,false,false
BSB,2026-04-29,0.447890088664096,-0.38613467336736906,1027958,0.33461693760410893,1.6569821894205599,0.00020197170217056663,false,false,false,false,true,false,false
BSB,2026-04-30,0.6054172694481196,-0.2009067163399411,1329075,0.4591670372017193,2.6465926358733673,-0.00015398491936084998,false,false,false,false,true,false,false
BSB,2026-05-01,0.5151817484939488,-0.40520880358345024,952693,-0.057119556772666856,1.409626409931954,0.00008428288913126668,false,false,false,false,false,false,false
BSB,2026-05-02,0.6706282295846165,0.4973053580731664,782570,-0.23871403306360767,0.8505231444840019,0.00029661519709531665,false,false,false,false,false,false,false
BSB,2026-05-03,0.7803315836859804,0.28891530365050133,700423,-0.4729996426085812,0.5805499136642248,0.00021844230663886662,false,false,false,false,false,false,false
BSB,2026-05-04,1.0753910378579432,1.0874012734373382,0,,,0.0013642470972602334,false,false,false,false,false,false,false
LAB,2026-02-03,0.13208002060079538,0,212698,,-0.6373871037155731,,false,false,false,false,false,false,false
LAB,2026-02-04,0.13309624185745003,0,201733,,-0.6731407399567875,,false,false,false,false,false,false,false
LAB,2026-02-05,0.12254916053800662,0,205820,,-0.6598142364166285,,false,false,false,false,false,false,false
LAB,2026-02-06,0.12920761170135206,-0.02174748978973146,187140,-0.12016097941682573,-0.7207242158955054,,false,false,false,false,false,false,false
LAB,2026-02-07,0.12414062326282045,-0.06728678788858149,184609,-0.08488447601532718,-0.7289770616161176,,false,false,false,false,false,false,false
LAB,2026-02-08,0.12076089368499303,-0.014592240739657987,185432,-0.09905742882130017,-0.7262935009570644,,false,false,false,false,false,false,false
LAB,2026-02-09,0.11723624858990254,-0.09265215070393755,184580,-0.013679598161803997,-0.7290716220767648,,false,false,false,false,false,false,false
LAB,2026-02-10,0.11913164349759282,-0.04034923970554766,185465,0.0046368270236012326,-0.7261858976742591,,false,false,false,false,false,false,false
LAB,2026-02-11,0.11634871732262014,-0.03653646663034912,178231,-0.03883364252124768,-0.7497738415473959,,false,false,false,false,false,false,false
LAB,2026-02-12,0.11437049149350668,-0.02444429202456317,177955,-0.035892296023404484,-0.7506737962763129,,false,false,false,false,false,false,false
LAB,2026-02-13,0.12114705050457535,0.016917478411378133,174404,-0.0596392850403041,-0.7622525616472707,,false,false,false,false,false,false,false
LAB,2026-02-14,0.1379104462458568,0.18531986788860538,206416,0.1581374732790592,-0.657870855915054,,false,true,false,false,false,false,false
LAB,2026-02-15,0.13283126504299736,0.16141203302023735,194388,0.0923435700036526,-0.6970906221448149,,false,false,false,false,false,false,false
LAB,2026-02-16,0.13904813014994122,0.1477632313028521,172627,-0.010188986491135525,-0.768046835391059,,false,false,false,false,false,false,false
LAB,2026-02-17,0.14463687617591334,0.04877389721490092,198677,-0.03749224866289435,-0.6831054560856659,,false,false,false,false,false,false,false
LAB,2026-02-18,0.1560627311413082,0.17489456334539036,198342,0.020340761775418235,-0.6841977924414165,,false,false,false,false,false,false,false
LAB,2026-02-19,0.1565806953095519,0.12608990240073428,235819,0.36606092905513044,-0.5619963309355349,,false,true,false,false,false,false,false
LAB,2026-02-20,0.14690994450825187,0.015715690164477387,235761,0.18665472097927793,-0.5621854518568291,,true,false,false,false,false,false,false
LAB,2026-02-21,0.14006351148720622,-0.10251787558180922,279692,0.41015014469955935,-0.4189393967986631,,false,false,false,false,false,false,false
LAB,2026-02-22,0.1351988260077569,-0.13655495180631405,248544,0.05396087677413609,-0.5205038529447047,,false,false,false,false,false,false,false
LAB,2026-02-23,0.13487865923368314,-0.08189564916684683,221035,-0.06246156064828364,-0.6102026016323078,,false,false,false,false,false,false,false
LAB,2026-02-24,0.13296721389872793,-0.05066485562962978,206811,-0.2605759192254337,-0.6565828772269301,,false,false,false,false,false,false,false
LAB,2026-02-25,0.1473242647426589,0.08968597652028652,213754,-0.13997521565598042,-0.6339437986658036,,false,false,false,false,false,false,false
LAB,2026-02-26,0.15513074940836905,0.15015044106865177,206396,-0.0662293301965752,-0.6579360700258452,,false,false,false,false,false,false,false
LAB,2026-02-27,0.1597542006937414,0.20145557697715852,234141,0.13214964387774344,-0.5674677948309073,,false,true,false,false,false,false,false
LAB,2026-02-28,0.1579304707500661,0.07199225481242881,207494,-0.02928600166546591,-0.6543558153434144,,false,false,false,false,false,false,false
LAB,2026-03-01,0.16619834595942337,0.07134366715343958,238472,0.15540998856566987,-0.553345679139097,,false,false,false,false,false,false,false
LAB,2026-03-02,0.16498725560930638,0.03275691589229043,218201,-0.06807863637722569,-0.619443441131405,,false,false,false,false,false,false,false
LAB,2026-03-03,0.18284005967545672,0.15772503435902144,243006,0.17114711750701225,-0.5385616402227572,,false,true,false,false,false,false,false
LAB,2026-03-04,0.18698742758820192,0.12508597187756676,230176,-0.03478815122949445,-0.5803964922952406,,false,false,false,false,false,false,false
LAB,2026-03-05,0.14359415978992804,-0.12966514134908508,216850,-0.006191538993863456,-0.6238486543153431,,false,false,false,false,false,false,false
LAB,2026-03-06,0.16509164596314177,-0.09707070618888768,187321,-0.22915072055834013,-0.720134028192846,,false,false,false,false,false,false,false
LAB,2026-03-07,0.15061994722919936,-0.1944915806804606,167938,-0.2703930905046573,-0.7833362836660297,,false,false,false,false,false,false,true
LAB,2026-03-08,0.15122595588606774,0.053148373912314306,164962,-0.2392806087157021,-0.7930401433517437,,false,false,false,false,false,false,false
LAB,2026-03-09,0.14945991779743611,-0.09468515547537507,169123,-0.09714874466824329,-0.7794723476016577,,false,false,false,false,false,false,false
LAB,2026-03-10,0.15380153443575142,0.02112327925404611,177318,0.055853946099155644,-0.752750865705009,,false,false,false,false,false,false,false
LAB,2026-03-11,0.14672391263820744,-0.029770307758888278,171909,0.04211272899213152,-0.770388021968459,,false,false,false,false,false,false,false
LAB,2026-03-12,0.15705887283782952,0.05084276207546366,186666,0.10372923848323409,-0.7222697903212542,,false,false,false,false,false,false,false
LAB,2026-03-13,0.17111854883781202,0.11259324860178527,214158,0.20776232531384292,-0.6326264736278236,,false,true,false,false,false,false,false
LAB,2026-03-14,0.19008138976094366,0.2955038230860657,279038,0.6231727251045611,-0.4210718982215317,,false,true,false,false,false,false,false
LAB,2026-03-15,0.19833716773786736,0.2628205217202824,331513,0.775968842745867,-0.2499663750334126,,false,true,false,false,false,false,false
LAB,2026-03-16,0.20159598389343866,0.178107138370566,268770,0.25500798475891634,-0.4545528227016767,,false,true,false,false,false,false,false
LAB,2026-03-17,0.19958570964038047,0.0500013172851374,266385,-0.045345078448096675,-0.462329605413514,,false,false,false,false,false,false,false
LAB,2026-03-18,0.19728803282141485,-0.005289653615700993,242224,-0.2693378540208076,-0.5411115119546888,,false,false,false,false,false,false,false
LAB,2026-03-19,0.1881376515868822,-0.06675893064253892,237996,-0.11449938609219779,-0.554897774975925,,false,false,false,false,false,false,false
LAB,2026-03-20,0.1861735246944165,-0.06720012655280003,227749,-0.14503819659515363,-0.5883102246397393,,false,false,false,false,false,false,false
LAB,2026-03-21,0.21379073182430616,0.08364774470547615,241897,-0.0013499900918158398,-0.542177762666123,,false,false,false,false,false,false,false
LAB,2026-03-22,0.21280873455986835,0.1311331504613419,485576,1.0402695843627623,0.2523877025069627,,false,true,false,false,false,false,false
LAB,2026-03-23,0.20517159653366496,0.10204497052108624,328251,0.4412840451549732,-0.26060279650343915,,false,true,false,false,false,false,false
LAB,2026-03-24,0.19524452017971683,-0.08674937162304427,317243,0.31147967936766474,-0.29649664308285445,,false,false,false,false,false,false,false
LAB,2026-03-25,0.1922322346622217,-0.09669010973728605,307165,-0.3674213717317166,-0.32935803351048404,,false,false,false,false,false,false,false
LAB,2026-03-26,0.1913698761071491,-0.06726915742575144,311074,-0.052328858099442196,-0.31661193555636574,,false,false,false,false,false,false,false
LAB,2026-03-27,0.20100514393408864,0.029504662917398772,312984,-0.013425040111208127,-0.3103839879758168,,false,false,false,false,false,false,false
LAB,2026-03-28,0.2184494708799004,0.1363831423160948,514286,0.67429882961926,0.3460025585475706,,false,true,false,false,false,false,false
LAB,2026-03-29,0.21188329497485142,0.10719251788728103,414909,0.3337951741386294,0.021963424143269263,,false,true,false,false,false,false,false
LAB,2026-03-30,0.21747587620633843,0.08194184462090529,443208,0.4160723870868798,0.11423813020712029,,false,false,false,false,false,false,false
LAB,2026-03-31,0.21160127964293207,-0.03134908594369336,380945,-0.259274022625543,-0.08878317880215765,,false,false,false,false,false,false,false
LAB,2026-04-01,0.20346007209034753,-0.03975406784901874,362023,-0.12746409453639232,-0.15048224902160673,,false,false,false,false,false,false,false
LAB,2026-04-02,0.19091474532297475,-0.12213368832763227,345096,-0.22136784534575188,-0.20567621168964467,,false,false,false,false,false,false,true
LAB,2026-04-03,0.2014252634141923,-0.0480905231098382,344329,-0.09611886230295712,-0.20817717283848294,,false,false,false,false,false,false,false
LAB,2026-04-04,0.21763681124420828,0.06967823715095066,347945,-0.03888703203940081,-0.1963864616074541,,false,false,false,false,false,false,false
LAB,2026-04-05,0.24599546040995074,0.28850948623059314,425308,0.2324338734728887,0.055871501049095856,,false,true,false,false,false,false,false
LAB,2026-04-06,0.2956649053232367,0.4678640618940569,1162332,2.375643643143621,2.4590897406336656,,false,true,false,false,false,false,false
LAB,2026-04-07,0.37982895200587724,0.745242221820989,1639175,3.7110175458765036,4.013934352231423,,false,true,false,false,false,false,false
LAB,2026-04-08,0.37647332039255926,0.5304075927464984,1212222,1.8502214865462205,2.6217663400020363,,false,true,false,false,false,false,false
LAB,2026-04-09,0.42001327037059594,0.4205719475276072,1590049,0.36798178145314764,3.8537489318952707,,false,true,false,false,false,false,false
LAB,2026-04-10,0.5139197044352342,0.3530293089066104,1226527,-0.25174127228636356,2.668410732745363,,false,false,false,false,false,false,false
LAB,2026-04-11,0.4385940562592786,0.165007007141819,1134272,-0.06430340317202625,2.367594343193768,,false,false,false,false,false,false,false
LAB,2026-04-12,0.5378269763542963,0.2804999610601547,1024547,-0.3556506749163076,2.0098134278661575,,false,false,false,false,false,false,false
LAB,2026-04-13,0.5868197275416591,0.1418509982732372,760371,-0.3800617515961736,1.1484132812488244,,false,false,false,false,false,false,false
LAB,2026-04-14,0.48885129012100914,0.11458712936141693,596374,-0.47422311403261297,0.6136673548785152,,false,false,false,false,false,false,false
LAB,2026-04-15,0.49320422737625685,-0.08296859573783076,555996,-0.45732504218937736,0.48200658660238616,,false,false,false,false,false,false,false
LAB,2026-04-16,0.4833375170463477,-0.17634412348205367,524172,-0.31063651822597127,0.37823789351160575,,false,false,false,false,false,false,true
LAB,2026-04-17,0.5836692540797361,0.19396075222642037,473205,-0.20652979506148825,0.21204951427713475,0.0001106989452052,false,false,false,false,false,false,false
LAB,2026-04-18,0.5014755333773224,0.016770549687027594,477109,-0.14188411427420342,0.22477930870355528,0.00044230253200928336,false,false,false,false,false,false,false
LAB,2026-04-19,0.5440466979515044,0.12560411464880192,591089,0.1276622940561495,0.59643452610197,0.0006357251847498667,false,true,false,false,false,false,false
LAB,2026-04-20,0.565097246245997,-0.03181940406133159,458230,-0.031645903995097265,0.16322044882230705,0.00044939278285646673,false,false,false,false,false,false,false
LAB,2026-04-21,0.5699513437438245,0.1365486565323202,449541,-0.057781345562544405,0.13488817838911854,0.00015958049230123335,false,false,false,false,false,false,false
LAB,2026-04-22,0.5796734291436827,0.06548469336607207,461284,-0.21960313929036068,0.1731786435401063,0.00036878807476901666,false,false,false,false,false,false,false
LAB,2026-04-23,0.7087892197418106,0.2542783113001792,570041,0.24400628505335747,0.5278031959054282,0.0003991931410529833,false,true,false,true,false,false,false
LAB,2026-04-24,0.7323443777986992,0.28492438141853976,597163,0.32838384040610313,0.6162400515492237,0.0005529618101038333,false,true,false,true,false,false,false
LAB,2026-04-25,0.8070487175967553,0.39224721545191527,591928,0.2832181476053798,0.5991702580496562,0.0002619091011561666,false,true,false,true,false,false,false
LAB,2026-04-26,0.7721117858454777,0.08933906490103424,635963,0.1156443133037799,0.7427554264839359,0.0002073436964592,false,false,false,false,false,false,false
LAB,2026-04-27,0.7172636954082676,-0.02059233722222531,597163,0,0.6162400515492237,0.00008993503253020001,false,false,false,false,false,false,false
LAB,2026-04-28,0.6641823980463023,-0.17702316655168354,549273,-0.07206112905623657,0.4600848632599617,0.00012105537746655,false,false,false,false,false,false,false
LAB,2026-04-29,0.6869760071076412,-0.11026353994144922,524821,-0.17476173928357466,0.3803540914067766,0.00010720516807395001,false,false,false,false,false,false,true
LAB,2026-04-30,0.7186286522335329,0.001903005594739237,497793,-0.16640347777742426,0.2922237420836993,0.00009128227146616668,false,false,false,false,false,false,false
LAB,2026-05-01,0.974140044720452,0.4666754909282338,509644,-0.07214809393507418,0.3308663634329589,0.00017221938791806666,false,false,false,false,false,false,false
LAB,2026-05-02,2.4206375045903146,2.5236128766445094,835801,0.5925448867328098,1.3943683000974156,0.0027488097941616163,false,true,false,false,false,true,false
LAB,2026-05-03,2.3685111248267137,2.2958762741581005,829526,0.6664075228056642,1.3739073728367115,0.0014167164559245168,false,true,false,false,false,false,false
LAB,2026-05-04,1.9750022574015167,1.0274315465270512,0,,,0.0016094680112306668,false,false,false,false,false,false,false
PEPE,2026-02-03,0.000004188506461431403,0,574858.5,,-1.7717403270714454,,false,false,false,false,false,false,false
PEPE,2026-02-04,0.000004181658644159444,0,570174.2,,-1.8062570926271793,,false,false,false,false,false,false,false
PEPE,2026-02-05,0.0000035364774853302475,0,641110.5,,-1.2835553791393202,,false,false,false,false,false,false,false
PEPE,2026-02-06,0.000003949846974802693,-0.056979615246230075,548887.8,-0.04517755238897912,-1.963108207697854,,false,false,false,false,false,false,false
PEPE,2026-02-07,0.000003854763792303013,-0.07817349039549358,524040.49999999994,-0.08091158807255751,-2.146198195271874,,false,false,false,false,false,false,false
PEPE,2026-02-08,0.000003763997308262057,0.06433515380080612,544048.2,-0.15139714604580654,-1.9987693179135813,,false,false,false,false,false,false,false
PEPE,2026-02-09,0.000003822204274082327,-0.032315859711689675,514267.29999999993,-0.06307391055148268,-2.218213064757025,,false,false,false,false,false,false,false
PEPE,2026-02-10,0.0000036418430032379013,-0.05523575516877604,548757.1000000001,0.047165438549120066,-1.9640712846267725,,false,false,false,false,false,false,false
PEPE,2026-02-11,0.000003577707368563981,-0.04949258047798429,545989.4999999999,0.0035682500190239216,-1.9844646412333211,,false,false,false,false,false,false,false
PEPE,2026-02-12,0.0000036735455016318864,-0.0388934661233228,533068.7999999999,0.036559781265501426,-2.0796722011069337,,false,false,false,false,false,false,false
PEPE,2026-02-13,0.0000038024208912221758,0.04409247950598292,556195.2,0.013554448771596502,-1.9092628492404615,,false,false,false,false,false,false,false
PEPE,2026-02-14,0.000004949040968302089,0.3832995431061579,632893,0.1591669803173873,-1.3441069067857647,,false,true,false,false,false,false,false
PEPE,2026-02-15,0.000004402343134863529,0.19839080063330955,756705.2000000001,0.41952633506219117,-0.4317834688463527,,false,true,false,false,false,false,false
PEPE,2026-02-16,0.000004472678957231863,0.17627140318868076,695578.1000000002,0.25060068839141414,-0.8822050429987066,,false,true,false,false,false,false,false
PEPE,2026-02-17,0.000004395885996540295,-0.11177013391173633,695651.1000000002,0.09916067960934978,-0.8816671346910473,,false,false,false,false,false,false,false
PEPE,2026-02-18,0.000004225958820272633,-0.04006600784796938,728284.9000000001,-0.037557955198404776,-0.6412014890678607,,false,false,false,false,false,false,false
PEPE,2026-02-19,0.000004214737104953377,-0.057670549293823245,772353.0000000002,0.11037567168949108,-0.3164809809478381,,false,false,false,false,false,false,false
PEPE,2026-02-20,0.000004249237298797713,-0.03336044152600854,696755.2000000003,0.00158714620015708,-0.8735314557528733,,false,false,false,false,false,false,false
PEPE,2026-02-21,0.000004154451964328175,-0.016920859616858432,680113.5,-0.06614362044304382,-0.9961576021032053,,false,false,false,false,false,false,false
PEPE,2026-02-22,0.000004044919739242988,-0.040291330510463026,684140.0000000001,-0.1142133195572492,-0.9664879062019682,,false,false,false,false,false,false,false
PEPE,2026-02-23,0.0000039894871983214516,-0.061128640791549976,668302.6,-0.04083586315538128,-1.083187481979006,,false,false,false,false,false,false,false
PEPE,2026-02-24,0.000003950834587766927,-0.049011850012851264,681602.2,0.0021888993528285405,-0.9851879569304326,,false,false,false,false,false,false,false
PEPE,2026-02-25,0.000004232095060207197,0.04627417428046149,642244.4999999999,-0.06123819686029208,-1.2751993788532159,,false,false,false,false,false,false,false
PEPE,2026-02-26,0.000003835649047324085,-0.03856088347948403,685749.9000000001,0.026106886311680014,-0.9546251858663415,,false,false,false,false,false,false,false
PEPE,2026-02-27,0.000003665083243074923,-0.07232683078577455,708582.1000000001,0.03958305885749803,-0.7863836781658065,,false,false,false,false,false,false,false
PEPE,2026-02-28,0.0000036737045045070245,-0.13194187459315587,669215.9000000001,0.041995532853921304,-1.0764577332476999,,false,false,false,false,false,false,false
PEPE,2026-03-01,0.0000034319570511339164,-0.10524737566170228,738654.6000000001,0.07714868059040175,-0.5647912455345072,,false,false,false,false,false,false,false
PEPE,2026-03-02,0.0000035646846923084834,-0.02739325251510732,746568,0.053608325697191476,-0.5064805112628469,,false,false,false,false,false,false,false
PEPE,2026-03-03,0.0000034630143795847283,-0.05735086332170005,779813.9999999999,0.1652652006624465,-0.26150380446227667,,false,false,false,false,false,false,false
PEPE,2026-03-04,0.000003646185734926101,0.06242172632125555,874220.9000000003,0.18353138259749568,0.43414353540570527,,false,false,false,false,false,false,false
PEPE,2026-03-05,0.0000034924672468921574,-0.02025913976968272,849887.3000000003,0.1383923500605441,0.25483880122407826,,true,false,false,false,false,false,false
PEPE,2026-03-06,0.000003388426914104075,-0.021538306603739135,858448.9000000004,0.1008380203484427,0.3179258665234765,,true,false,false,false,false,false,false
PEPE,2026-03-07,0.0000032259975134888937,-0.11524048745304068,894377.0000000001,0.02305607198363692,0.5826659140360054,,false,false,false,false,false,false,false
PEPE,2026-03-08,0.000003205983776333131,-0.08202896414102646,994094.4000000001,0.16967790905923621,1.3174442411344616,,false,false,false,false,false,false,false
PEPE,2026-03-09,0.0000032555526662493066,-0.03921414013732721,1002808.2000000003,0.16816295064272302,1.3816528084122952,,true,false,false,false,false,false,false
PEPE,2026-03-10,0.0000032883438418699304,0.019326217122098626,996514.9,0.11420005210330755,1.335279954267192,,true,false,false,false,false,false,false
PEPE,2026-03-11,0.000003346383343973717,0.04379297508522295,921693.1000000001,-0.07283141319375709,0.783947518458645,,false,false,false,false,false,false,false
PEPE,2026-03-12,0.000003343061753773546,0.02687994835146002,1007731.0000000005,0.004909014505465912,1.4179269867266155,,false,false,false,false,false,false,false
PEPE,2026-03-13,0.000003367861364848402,0.02418163270093246,1009962.2999999999,0.013494429436027406,1.434368559423601,,false,false,false,false,false,false,false
PEPE,2026-03-14,0.0000033361685979090076,-0.0030524733764003484,1010946.2000000001,0.09683602925963096,1.441618531805876,,false,false,false,false,false,false,false
PEPE,2026-03-15,0.0000034411103663398594,0.029328986356784808,1031190.1000000001,0.023279129053288643,1.5907878741267594,,false,false,false,false,false,false,false
PEPE,2026-03-16,0.000004010715981889059,0.19087918040521654,1036979.0000000002,0.026750206418596323,1.6334440029241444,,false,false,false,false,false,false,false
PEPE,2026-03-17,0.0000036963697514403457,0.10796851027166295,993175.9000000006,-0.017577888912386697,1.3106761756469982,,false,false,false,false,false,false,false
PEPE,2026-03-18,0.0000035146414043907647,0.021368404445893063,879519.5000000006,-0.14708306450963746,0.4731868362134291,,false,false,false,false,false,false,false
PEPE,2026-03-19,0.0000034045287933584147,-0.15114188869717185,871911.2000000004,-0.15918142990359474,0.41712426392350477,,false,false,false,false,false,false,true
PEPE,2026-03-20,0.0000034347216563631253,-0.07078515210099459,899118.7,-0.09470346592179753,0.6176056376309109,,false,false,false,false,false,false,false
PEPE,2026-03-21,0.0000034332216006180948,-0.0231658921649742,930844.4,0.05835561349122948,0.8513798512789557,,false,false,false,false,false,false,false
PEPE,2026-03-22,0.0000032929206413827785,-0.03278226114385121,866257.9000000003,-0.006483802478968226,0.37546731822911417,,false,false,false,false,false,false,false
PEPE,2026-03-23,0.0000034518267193442136,0.004980043419064167,899479.1,0.00040083695289623415,0.6202612835772182,,false,false,false,false,false,false,false
PEPE,2026-03-24,0.0000034914630424018412,0.016964078803786233,957632.7,0.028778494021127407,1.0487723049511484,,false,false,false,false,false,false,false
PEPE,2026-03-25,0.00000353334244572571,0.07301172136416036,900125.5000000001,0.03909643998629028,0.6250243511124381,,false,false,false,false,false,false,false
PEPE,2026-03-26,0.0000034246151667031144,-0.007883232518192267,892165.9000000001,-0.008130483520962118,0.5663731871994916,,false,false,false,false,false,false,false
PEPE,2026-03-27,0.0000032662309009999923,-0.06450938723009013,887924.6000000002,-0.07279210494796151,0.5351207145244857,,false,false,false,false,false,false,false
PEPE,2026-03-28,0.0000033141073481225764,-0.06204750911374095,855601.8000000002,-0.049463880314467204,0.2969467056640661,,false,false,false,false,false,false,false
PEPE,2026-03-29,0.0000032334933207525413,-0.055808269439677385,878523.3000000004,-0.015291550596138837,0.4658462299656166,,false,false,false,false,false,false,false
PEPE,2026-03-30,0.000003332356870416203,0.02024534438026576,769437.7000000002,-0.133442524286409,-0.33796268080152625,,false,false,false,false,false,false,false
PEPE,2026-03-31,0.000003373465366199535,0.01791071074103397,744828.9000000003,-0.12946782019392652,-0.519295255616959,,false,false,false,false,false,false,false
PEPE,2026-04-01,0.0000034070707852547496,0.05368109573265209,800593.7000000001,-0.08870521703863778,-0.10838636253531182,0.000006973504832999998,false,false,false,false,false,false,false
PEPE,2026-04-02,0.000003346556314872142,0.0042610815732246655,787568.2000000003,0.023563311233645183,-0.2043661524177272,-0.00009134209108633335,false,false,false,false,false,false,false
PEPE,2026-04-03,0.0000034137387759140394,0.011938290553691198,806206.8999999999,0.08240550279399689,-0.06702489797978858,0.00007136416414063334,false,false,false,false,false,false,false
PEPE,2026-04-04,0.0000034038857173493146,-0.0009348405437361159,811750.9999999999,0.013936282536322498,-0.0261726041648021,0.00003130314698936667,false,false,false,false,false,false,false
PEPE,2026-04-05,0.000003385519761007809,0.011642847891880014,832693,0.05729637128568634,0.12814076267083493,-0.0000299973721542,false,false,false,false,false,false,false
PEPE,2026-04-06,0.000003339165052127731,-0.0218451758267125,870702.1000000002,0.07999832301112818,0.40821488125513494,0.00005831915928216667,false,false,false,false,false,false,false
PEPE,2026-04-07,0.000003723609790633645,0.09392914446414112,897857,0.10607439966196547,0.6083086662367501,-0.0001552116533962,false,false,false,false,false,false,false
PEPE,2026-04-08,0.0000035602887946692927,0.05162251175561244,849693.4000000005,0.020416167783325292,0.25341002833565324,0.0001,false,false,false,false,false,false,false
PEPE,2026-04-09,0.000003578289830435884,0.07161214692151309,945124.2,0.08547366544768839,0.956602084864072,0.000015138993969266667,false,false,false,false,false,false,false
PEPE,2026-04-10,0.0000036334161686845614,-0.02422209281325778,894129.3000000002,-0.0041517747258191864,0.5808407100934412,0.00005145064469353334,false,false,false,false,false,false,false
PEPE,2026-04-11,0.0000036478126272508986,0.024583351977697027,939509.4000000001,0.10570401041128435,0.9152288305374221,0.0000758753954662,true,false,false,false,false,false,false
PEPE,2026-04-12,0.0000034741208544064263,-0.029111385875852432,967390.4000000003,0.023559020073764172,1.1206729610285113,-0.00005972093812223333,false,false,false,false,false,false,false
PEPE,2026-04-13,0.000003699736714750476,0.018252945158749968,908555.5000000001,0.01613435551211659,0.6871417077366581,-0.0000398373923888,false,false,false,false,false,false,false
PEPE,2026-04-14,0.0000035752229395895565,-0.019899511043703973,899528.5000000002,-0.042555082471766544,0.6206252927607594,0.0000686600688756,false,false,false,false,false,false,false
PEPE,2026-04-15,0.000003740520741102636,0.07668123760240508,862060.1000000002,-0.10888086133581645,0.34453537995661676,-0.000045583387945766664,false,false,false,false,false,false,false
PEPE,2026-04-16,0.000003955365937729934,0.0690938957792023,962157.3,0.05899672612184938,1.082112303976291,0.00003720883385863334,false,false,false,false,false,false,false
PEPE,2026-04-17,0.00000401622886119177,0.12335060751563708,918456.8000000003,0.021042468359812994,0.7601004957726484,-0.00000883156362803333,false,false,false,false,false,false,false
PEPE,2026-04-18,0.00000380682720779104,0.01772653362399433,882491.4,0.023700551736473837,0.49508559922072265,0.00004668849448676667,false,false,false,false,false,false,false
PEPE,2026-04-19,0.000003662840482689059,-0.07395660974133814,847184.8000000002,-0.11949449429942471,0.2349251409302513,-0.000020732315451366665,false,false,false,false,false,false,false
PEPE,2026-04-20,0.000003774080553842898,-0.0602924573568792,804510.1000000003,-0.12406321124738792,-0.07952795025973523,-0.000020505181256366667,false,false,false,false,false,false,false
PEPE,2026-04-21,0.0000037652723439185517,-0.010915878658070524,822130.4,-0.06839840025636511,0.050309114856008884,-0.00001665088558433333,false,false,false,false,false,false,false
PEPE,2026-04-22,0.000003843142438828994,0.04922462689600042,865747.3000000003,0.021910803876556938,0.37170490751828084,0.00008470836879526668,false,false,false,false,false,false,false
PEPE,2026-04-23,0.000003819153941349896,0.011942879030788837,845072.1,0.05041826075272347,0.21935748501803293,-0.000021531141506366664,false,false,false,false,false,false,false
PEPE,2026-04-24,0.000003864662031862597,0.02639641408796725,875517.3000000004,0.064937265426507,0.4436961974611795,0.00009836589226976666,false,false,false,false,false,false,false
PEPE,2026-04-25,0.000003843647445442509,0.00013140460483902728,864511.8000000002,-0.0014270907919667968,0.36260099362631987,0.0000749028043743,false,false,false,false,false,false,false
PEPE,2026-04-26,0.000003887511866375771,0.017898709000903366,880680.5,0.04213652302566849,0.48174178888729424,0.00007067835061960001,false,false,false,false,false,false,false
PEPE,2026-04-27,0.000003874229564932687,0.0024756454746131798,878878.9000000004,0.0038395586243698157,0.46846650659854316,-0.000023425247574066676,false,false,false,false,false,false,false
PEPE,2026-04-28,0.000003877055494813377,0.008691756943129934,881335.8,0.019460694463626617,0.4865704370244063,0.00008083676489953333,false,false,false,false,false,false,false
PEPE,2026-04-29,0.000003852333726360412,-0.009049011610646206,928344.7000000002,0.054122011331010716,0.83296054447545,0.000016482337879366666,false,false,false,false,false,false,false
PEPE,2026-04-30,0.00000385805288391932,-0.0041754575309085025,851451.5000000002,-0.031207257336591115,0.2663647762218958,0.000004303777925900001,false,false,false,false,false,false,false
PEPE,2026-05-01,0.000003943256378016886,0.01707504143081548,908861.2000000001,0.031231455706213253,0.689394290882568,0.00004003807485426667,false,false,false,false,false,false,false
PEPE,2026-05-02,0.000003998741941908839,0.038005070678741586,908013.4,-0.021900593604940233,0.6831471859067654,0.000059460787721099995,false,false,false,false,false,false,false
PEPE,2026-05-03,0.000003986493246445474,0.033291498688756686,898547.8000000002,0.05531295675678523,0.6133988999207384,0.00007045246720430001,false,false,false,false,false,false,false
PEPE,2026-05-04,0.000004033124728676323,0.022790389983375268,0,,,0.0000601437090499,false,false,false,false,false,false,false
WIF,2026-02-03,0.253025660929107,0,20404830,,-1.0958482714565256,,false,false,false,false,false,false,false
WIF,2026-02-04,0.2456260396238698,0,18721025,,-1.615154178026207,,false,false,false,false,false,false,false
WIF,2026-02-05,0.21027107513651608,0,19107951,,-1.49582150161452,,false,false,false,false,false,false,false
WIF,2026-02-06,0.2363816064782213,-0.06578010463353383,18991001,-0.06928893796223737,-1.5318903016081797,,false,false,false,false,false,false,false
WIF,2026-02-07,0.2335452452483463,-0.049183687503258924,18655645,-0.003492330147521303,-1.6353181638627652,,false,false,false,false,false,false,false
WIF,2026-02-08,0.22812159883928107,0.08489291116800418,19452408,0.01802689362140399,-1.389586780456623,,false,false,false,false,false,false,false
WIF,2026-02-09,0.22672681799888242,-0.04084407675868978,19131899,0.007419198177073446,-1.4884356476406153,,false,false,false,false,false,false,false
WIF,2026-02-10,0.21524299187841311,-0.07836705624415953,18231721,-0.02272363137270247,-1.7660614726999795,,false,false,false,false,false,false,false
WIF,2026-02-11,0.20838743196731646,-0.08650722672633887,18569435,-0.04539144973722534,-1.661906374614825,,false,false,false,false,false,false,false
WIF,2026-02-12,0.21408700804564396,-0.05574907311273943,19703887,0.029897084445198042,-1.312027603427076,,false,false,false,false,false,false,false
WIF,2026-02-13,0.2215184593183453,0.029155269517332667,20079817,0.10136706238538863,-1.196086226927576,,true,false,false,false,false,false,false
WIF,2026-02-14,0.26129905795645886,0.25390987109741375,21579884,0.16211850279774265,-0.7334473504838891,,false,true,false,false,false,false,false
WIF,2026-02-15,0.231305499921938,0.08042754221042227,20436676,0.037190073207382886,-1.086026578385999,,false,false,false,false,false,false,false
WIF,2026-02-16,0.23609242797473556,0.0657912153291295,19630749,-0.022364148039795383,-1.3345842506603915,,false,false,false,false,false,false,false
WIF,2026-02-17,0.2301945001089037,-0.11903815532598754,19567995,-0.09322983385823576,-1.353938346212355,,false,false,false,false,false,false,false
WIF,2026-02-18,0.22145719561563165,-0.042577043389067676,18086329,-0.11500632490332577,-1.8109021308331832,,false,false,false,false,false,false,false
WIF,2026-02-19,0.21621678094634145,-0.0841858724521272,18606336,-0.05218410158471284,-1.6505256581670606,,false,false,false,false,false,false,false
WIF,2026-02-20,0.22539397061702654,-0.020854231919555183,18023703,-0.07891927609343727,-1.8302167496309851,,false,false,false,false,false,false,false
WIF,2026-02-21,0.22220158014007166,0.0033613020447165066,18867201,0.04317470947255245,-1.570071724773764,,false,false,false,false,false,false,false
WIF,2026-02-22,0.2123097898429724,-0.018069786657024706,22057507,0.18548364385121283,-0.5861426180394963,,true,false,false,false,false,false,false
WIF,2026-02-23,0.20075379658360876,-0.10932046658552647,20105625,0.11551022561789882,-1.1881267263697617,,false,false,false,false,false,false,false
WIF,2026-02-24,0.19432937904927966,-0.12543655663124398,20844456,0.10479853370937216,-0.960262275167405,,false,false,false,false,false,false,false
WIF,2026-02-25,0.22178016864683658,0.04460641598707534,21265028,-0.03592785893709566,-0.8305527638297953,,false,false,false,false,false,false,false
WIF,2026-02-26,0.209562970723709,0.04388048589871349,21627296,0.07568384469520345,-0.7188249140127527,,false,false,false,false,false,false,false
WIF,2026-02-27,0.20357678304467205,0.04758623755519417,20714403,-0.0062392129590717075,-1.0003721994562074,,false,false,false,false,false,false,false
WIF,2026-02-28,0.19656347011500844,-0.11370132273631414,22762742,0.07043085012632008,-0.36863958115596807,,false,false,false,false,false,false,false
WIF,2026-03-01,0.18897814380678477,-0.09822740556614641,23626955,0.09245996355716406,-0.10210579877956222,,false,false,false,false,false,false,false
WIF,2026-03-02,0.2034289002667982,-0.0007264226090133947,24061912,0.16160296775147226,0.032040221219088984,,true,false,false,false,false,false,false
WIF,2026-03-03,0.2037545332884885,0.03658392461871273,22821790,0.0025940635798622153,-0.35042846100183705,,false,false,false,false,false,false,false
WIF,2026-03-04,0.2142674123561271,0.1338211289407023,26499788,0.121591334981592,0.7839107800334817,,false,true,false,false,false,false,false
WIF,2026-03-05,0.21542879916673502,0.05898817171109361,25631725,0.06524057606062228,0.5161896109108117,,false,false,false,false,false,false,false
WIF,2026-03-06,0.18986087497280557,-0.06818821692674396,23990221,0.05119804362409785,0.00992984635508334,,false,false,false,false,false,false,false
WIF,2026-03-07,0.17665362478174954,-0.17554600188973613,25656425,-0.03182527347011229,0.5238073908154154,,false,false,false,false,false,false,false
WIF,2026-03-08,0.17936754178703843,-0.16739292758990096,26266610,0.024769499516712198,0.7119958536126044,,false,false,false,false,false,false,false
WIF,2026-03-09,0.17463047020735276,-0.08021876422740767,27540734,0.14799834482558538,1.104951165481965,,false,false,false,false,false,false,false
WIF,2026-03-10,0.1631770301163053,-0.07628824306375927,31018727,0.2090042552693916,2.177606436079217,,false,false,false,false,false,false,false
WIF,2026-03-11,0.16660841775313534,-0.0711339627380961,29446467,0.12106080685707063,1.6927023618762973,,false,false,false,false,false,false,false
WIF,2026-03-12,0.16934005298923532,-0.030294926262499872,31000927,0.12563909879816565,2.172116699953632,,true,false,false,false,false,false,false
WIF,2026-03-13,0.16740023726284356,0.02588113745867385,28652472,-0.07628472309647008,1.4478246632788978,,false,false,false,false,false,false,false
WIF,2026-03-14,0.16558988226722635,-0.006113349491249383,29059578,-0.013138723908712036,1.5733810967138602,,false,false,false,false,false,false,false
WIF,2026-03-15,0.16924342524836863,-0.0005706136212962672,29419275,-0.05101950661023782,1.6843160189141118,,false,false,false,false,false,false,false
WIF,2026-03-16,0.18980558316405152,0.13384297577803428,30366507,0.059821540005344044,1.9764538688978166,,false,false,false,false,false,false,false
WIF,2026-03-17,0.1893629977490699,0.14356623216555509,29092303,0.0011261347291416275,1.5834738840571052,,false,false,false,false,false,false,false
WIF,2026-03-18,0.18118820292057367,0.0705774989762574,27040513,-0.08085726109837853,0.9506769354552146,,false,false,false,false,false,false,false
WIF,2026-03-19,0.17236919079385343,-0.09186448617334707,27347696,-0.09941252051149643,1.0454159024364233,,false,false,false,false,false,false,false
WIF,2026-03-20,0.17932127410714255,-0.053028964271224256,27658607,-0.0492809386730229,1.1413046298825862,,false,false,false,false,false,false,false
WIF,2026-03-21,0.18119179638200142,0.000019832756050505895,27609356,0.021036694089346605,1.1261150234825201,,false,false,false,false,false,false,false
WIF,2026-03-22,0.17193898352447026,-0.0024958478217704284,27480502,0.004856204339846399,1.08637488535184,,false,false,false,false,false,false,false
WIF,2026-03-23,0.1858712547013298,0.03652651157426933,28704171,0.03780248224359238,1.463769262602303,,false,false,false,false,false,false,false
WIF,2026-03-24,0.19255205756952076,0.0626974367182101,26545017,-0.038549939375623246,0.7978599527988791,,false,false,false,false,false,false,false
WIF,2026-03-25,0.1917889348102686,0.1154476482232623,24411744,-0.11167037632718646,0.13993265763962745,,false,false,false,false,false,false,false
WIF,2026-03-26,0.18754032701358622,0.008979722630798314,22333327,-0.22194837119664595,-0.5010763810642826,,false,false,false,false,false,false,false
WIF,2026-03-27,0.17064661856327307,-0.11376372334187473,22817401,-0.14042620503878375,-0.35178208189257815,,false,false,false,false,false,false,false
WIF,2026-03-28,0.17723736413908533,-0.07587283742713688,22892461,-0.06223574194453293,-0.3286326665225559,,false,false,false,false,false,false,false
WIF,2026-03-29,0.17003297000582362,-0.09335249269611377,22898274,0.025296141501890874,-0.326839866741768,,false,false,false,false,false,false,false
WIF,2026-03-30,0.17825077335676012,0.04456082902496867,23188047,0.01624400605485261,-0.2374703551508081,,false,false,false,false,false,false,false
WIF,2026-03-31,0.1777204809797061,0.0027258182436162375,23215810,0.014124693714668773,-0.22890790885560525,,false,false,false,false,false,false,false
WIF,2026-04-01,0.18242770296411592,0.07289605632288713,24888268,0.08690585150653712,0.2868984451400867,,false,false,false,false,false,false,false
WIF,2026-04-02,0.1796635295904636,0.007925666784490895,23837820,0.028021894211271867,-0.037072472480604884,,false,false,false,false,false,false,false
WIF,2026-04-03,0.1816277950461802,0.02198572750273096,24167539,0.040994865137162995,0.06461687053016463,,false,false,false,false,false,false,false
WIF,2026-04-04,0.18152559282452327,-0.0049450282217833015,23535888,-0.05433805196890358,-0.13019196730476623,,false,false,false,false,false,false,false
WIF,2026-04-05,0.17876206252244736,-0.005017529545763179,24741396,0.03790514401065198,0.24160133703689055,,false,false,false,false,false,false,false
WIF,2026-04-06,0.18120915785307978,-0.0023049181045994775,25155502,0.04087975196812551,0.3693166554650604,,false,false,false,false,false,false,false
WIF,2026-04-07,0.2002191374395003,0.1029802152088144,24439909,0.03841032044340116,0.1486190856158688,,false,false,false,false,false,false,false
WIF,2026-04-08,0.19723891276172192,0.10336001933830005,25360513,0.025023527370888855,0.4325445370854124,,false,false,false,false,false,false,false
WIF,2026-04-09,0.20079563936718475,0.10808770233337345,25159619,0.0001636620092097546,0.3705863882532083,,false,false,false,false,false,false,false
WIF,2026-04-10,0.1983482318016607,-0.009344289770526653,25687766,0.05105816883360736,0.5334733357542891,,false,false,false,false,false,false,false
WIF,2026-04-11,0.19950538483251226,0.011490998601925932,24512542,-0.033436665890788565,0.1710199847175318,,false,false,false,false,false,false,false
WIF,2026-04-12,0.18856700256459422,-0.06090090821259645,24368691,-0.031436406091841056,0.12665458969497562,,false,false,false,false,false,false,false
WIF,2026-04-13,0.20078105097284132,0.01226539379293957,24273786,-0.0550448801191976,0.0973847353692101,,false,false,false,false,false,false,false
WIF,2026-04-14,0.19239489498978968,-0.03564059109829013,25994275,0.06044795354149725,0.6280044329518664,,false,false,false,false,false,false,false
WIF,2026-04-15,0.19991115149003197,0.06015977753876519,24809140,0.01807438076998063,0.26249440917686906,,false,false,false,false,false,false,false
WIF,2026-04-16,0.21931448338689877,0.09230668095548704,24968767,0.02863092720682303,0.3117253141498312,,false,false,false,false,false,false,false
WIF,2026-04-17,0.21778630888383083,0.13197550743427294,26319199,0.012499829289333901,0.7282149397422887,0.00005,false,false,false,false,false,false,false
WIF,2026-04-18,0.20411289983897185,0.021018078869649206,25070634,0.010540228319079178,0.3431423338074125,0.00005,false,false,false,false,false,false,false
WIF,2026-04-19,0.19548109460891697,-0.1086722062762114,23568213,-0.056092237153720886,-0.12022254481827585,0.000027186888270383335,false,false,false,false,false,false,false
WIF,2026-04-20,0.2004604875666294,-0.0795542263698641,24271354,-0.07780802903614202,0.09663467704014142,-0.0000389935703531,false,false,false,false,false,false,false
WIF,2026-04-21,0.19405243528493782,-0.04928872482812651,24160586,-0.036299361236736175,0.062472480907625805,0.00002621902416021667,false,false,false,false,false,false,false
WIF,2026-04-22,0.19331100906049387,-0.011101255355483933,23988792,0.017845179861536383,0.009489125404327121,0.00005,false,false,false,false,false,false,false
WIF,2026-04-23,0.17927001264526266,-0.10570898623761663,26858624,0.10659767889339837,0.8945801593795687,-0.00015034646343055,false,false,false,false,false,false,false
WIF,2026-04-24,0.17866854990058406,-0.07927695090125901,24838595,0.028062605766267425,0.27157868881614433,0.000020685759726033338,false,false,false,false,false,false,false
WIF,2026-04-25,0.17845532216991547,-0.07684863351951944,25566522,0.0657694643398467,0.49608021402336755,-0.000041603205796399996,false,false,false,false,false,false,false
WIF,2026-04-26,0.17828657029252684,-0.005485816273588588,25682860,-0.04377603260688261,0.5319602657861926,0.00003299849560306667,false,false,false,false,false,false,false
WIF,2026-04-27,0.17656045893109304,-0.011798892254199299,25967468,0.04544834359592401,0.6197368286643072,0.000020321619454816666,false,false,false,false,false,false,false
WIF,2026-04-28,0.1784210585866602,-0.0001920009044205478,25553297,-0.0005172780247544034,0.49200146344691476,-0.000014582997376016668,false,false,false,false,false,false,false
WIF,2026-04-29,0.17847795428745716,0.001073462766243724,23622595,-0.08021945375242477,-0.1034504757181886,0.00003190626064243333,false,false,false,false,false,false,false
WIF,2026-04-30,0.1826234594466791,0.0343395149304199,26555138,0.022631008922394745,0.8009813920869153,0.000010315768676383335,false,false,false,false,false,false,false
WIF,2026-05-01,0.18916300166540148,0.06020557866785589,25021086,-0.020827488523300925,0.327861129001206,0.00005,false,false,false,false,false,false,false
WIF,2026-05-02,0.1906393252895792,0.06813934556048802,24923053,0.05505144544873245,0.2976265614956186,-0.000003447271125233332,false,false,false,false,false,false,false
WIF,2026-05-03,0.18974800587832608,0.039012219203563736,24831861,-0.06489429653877152,0.26950184145267875,-0.000006704834904999997,false,false,false,false,false,false,false
WIF,2026-05-04,0.19152051120417546,0.012462846952196432,0,,,0.00005,false,false,false,false,false,false,false
BONK,2026-02-03,0.0000070875263646569814,0,3987411,,0.2475694163682642,,false,false,false,false,false,false,false
BONK,2026-02-04,0.000006901716048625638,0,3999408,,0.2828194686463803,,false,false,false,false,false,false,false
BONK,2026-02-05,0.000005975364986944864,0,4212934,-0.0032040877553782396,0.9102098714751725,,false,false,false,false,false,false,false
BONK,2026-02-06,0.0000065677519233515985,-0.07333650903893868,3790645,-0.04934680673750461,-0.33057610222436673,,false,false,false,false,false,false,false
BONK,2026-02-07,0.000006430568768088667,-0.06826523682190498,3523553,-0.11898135924116769,-1.115356210840403,,false,false,false,false,false,false,false
BONK,2026-02-08,0.000006261998277861126,0.047969168668776895,4327353,0.02715898231493776,1.2464002300322923,,false,false,false,false,false,false,false
BONK,2026-02-09,0.0000062236054984968656,-0.05239942508046363,3951232,0.0423640303958825,0.14126687061766302,,false,false,false,false,false,false,false
BONK,2026-02-10,0.000005950206115212369,-0.07469987029142283,3632627,0.03095568592270359,-0.7948707392905792,,false,false,false,false,false,false,false
BONK,2026-02-11,0.000005900798622839644,-0.057681212768530915,4788561,0.10657970357398622,2.6015395241129267,,false,false,false,false,false,false,false
BONK,2026-02-12,0.000006034167354737255,-0.03043864907654643,4499766,0.1388260674139104,1.7529908162977614,,true,false,false,false,false,false,false
BONK,2026-02-13,0.0000063026018231511996,0.05922411780625412,4304783,0.18503303532127024,1.180084177692784,,false,false,false,false,false,false,false
BONK,2026-02-14,0.000007364419267020974,0.24803772128678256,3872187,-0.19136730220206027,-0.09098622451642781,,false,false,false,false,false,false,false
BONK,2026-02-15,0.000006544688666874675,0.08460509663137282,4074025,-0.09461403104072523,0.502062041859366,,false,false,false,false,false,false,false
BONK,2026-02-16,0.000006574024636150893,0.04306520078782106,3879627,-0.09876363105875488,-0.06912572697961161,,false,false,false,false,false,false,false
BONK,2026-02-17,0.0000065060024284890175,-0.11656273324579468,3539393,-0.08594471289738848,-1.0688145064071815,,false,false,false,false,false,false,false
BONK,2026-02-18,0.000006173959965915079,-0.05664573516476107,3637696,-0.10710022643454568,-0.779976806224165,,false,false,false,false,false,false,false
BONK,2026-02-19,0.000006119418286777766,-0.06915190838702125,3883567,0.0010155615475405239,-0.057549065649631,,false,false,false,false,false,false,false
BONK,2026-02-20,0.000006390126684931947,-0.0178105902711724,4061112,0.14740352371155166,0.46412056273397523,,true,false,false,false,false,false,false
BONK,2026-02-21,0.000006288891495345995,0.018615528779814712,3798458,0.04419335755379229,-0.3076196415717935,,false,false,false,false,false,false,false
BONK,2026-02-22,0.0000061014397090131,-0.002937955361461774,4046074,0.04184477826699012,0.4199353259115771,,false,false,false,false,false,false,false
BONK,2026-02-23,0.0000058893239731294446,-0.07837132759564935,4127115,0.01625244514310366,0.6580531459224804,,false,false,false,false,false,false,false
BONK,2026-02-24,0.0000057569243605872346,-0.08458837859620182,4105086,0.08072433603320084,0.5933266808366574,,false,false,false,false,false,false,false
BONK,2026-02-25,0.000006563376696349973,0.07570950617679553,4432950,0.095617628347875,1.556669444870354,,false,false,false,false,false,false,false
BONK,2026-02-26,0.000006115659726618193,0.038431533826535115,4284654,0.03817170105509539,1.1209403665478146,,false,false,false,false,false,false,false
BONK,2026-02-27,0.000005880342187180369,0.021438153233012985,4222186,0.028525589963279696,0.9373944579282133,,false,false,false,false,false,false,false
BONK,2026-02-28,0.0000060340699432275566,-0.08064549356381974,4081608,-0.07925692823063649,0.5243427075612044,,false,false,false,false,false,false,false
BONK,2026-03-01,0.000005798766634527317,-0.051816665127984454,3739730,-0.12718039776374007,-0.4801765366446619,,false,false,false,false,false,false,false
BONK,2026-03-02,0.00000607889521030421,0.03376555594956751,3814371,-0.09658859178634006,-0.2608634456976865,,false,false,false,false,false,false,false
BONK,2026-03-03,0.000005972854641092839,-0.010144944077657475,3696855,-0.09426505436092834,-0.6061535301783977,,false,false,false,false,false,false,false
BONK,2026-03-04,0.000006266610270797576,0.08067985241630522,3995371,0.0683581435023384,0.27095779814152454,,false,false,false,false,false,false,false
BONK,2026-03-05,0.000006142906462207269,0.010530079839927974,4224054,0.10740512655952973,0.9428830882237472,,true,false,false,false,false,false,false
BONK,2026-03-06,0.000005870972923578975,-0.017057458055805424,4092901,0.10713052040180099,0.5575242396422884,,true,false,false,false,false,false,false
BONK,2026-03-07,0.000005649744712178592,-0.09843687926367144,3859767,-0.033940277386004955,-0.1274791518561129,,false,false,false,false,false,false,false
BONK,2026-03-08,0.000005615923825802383,-0.08578718228041046,3809755,-0.09808089574612446,-0.2744263565350445,,false,false,false,false,false,false,false
BONK,2026-03-09,0.000005842370420001172,-0.004871850705175245,3712304,-0.09298954457974919,-0.5607606771614255,,false,false,false,false,false,false,false
BONK,2026-03-10,0.000005915534243329691,0.04704452053880649,3710975,-0.03854947720937559,-0.5646655966811067,,false,false,false,false,false,false,false
BONK,2026-03-11,0.0000059866420820655845,0.06601198088904543,4100361,0.07627944579113355,0.5794435019574293,,false,false,false,false,false,false,false
BONK,2026-03-12,0.000006046408466289532,0.034923846250802935,4052600,0.09166706174925329,0.4391102730789511,,false,false,false,false,false,false,false
BONK,2026-03-13,0.000006115932315154268,0.033876580471247315,4319890,0.1640849102998538,1.2244721530004026,,true,false,false,false,false,false,false
BONK,2026-03-14,0.00000599374505105646,0.0011864696257947258,3993827,-0.02598161478952707,0.26642115725485194,,false,false,false,false,false,false,false
BONK,2026-03-15,0.000006074358241629237,0.004622541711419789,3977443,-0.018545378275674877,0.2182810508511965,,false,false,false,false,false,false,false
BONK,2026-03-16,0.000006677191068567864,0.09176994193066682,4879113,0.12945306477711238,2.8676029344561766,,false,false,false,false,false,false,false
BONK,2026-03-17,0.000006653612371757401,0.11009265744204999,4338346,0.08626287518212482,1.2787002904385047,,false,false,false,false,false,false,false
BONK,2026-03-18,0.000006152821277094916,0.012917090554183944,4031085,0.013486554049926045,0.37589406279607473,,false,false,false,false,false,false,false
BONK,2026-03-19,0.000005955710962246817,-0.10805143943196929,3714608,-0.23867145524196715,-0.5539909746984114,,false,false,false,false,false,false,true
BONK,2026-03-20,0.000005947222788197176,-0.10616632651439656,3592777,-0.17185558735979103,-0.9119595601026927,,false,false,false,false,false,false,true
BONK,2026-03-21,0.000005941967601629678,-0.03426942957861979,3647744,-0.09509623339621963,-0.7504533815937983,,false,false,false,false,false,false,false
BONK,2026-03-22,0.0000056993503318845145,-0.04304450501163835,3567031,-0.039728821991445666,-0.9876074592401752,,false,false,false,false,false,false,false
BONK,2026-03-23,0.0000059662952293745846,0.0032069491688220242,3578288,-0.004032813614649615,-0.9545317037600758,,false,false,false,false,false,false,false
BONK,2026-03-24,0.000006113183028408873,0.02881460119914427,3376934,-0.0742404072215594,-1.54615786250041,,false,false,false,false,false,false,false
BONK,2026-03-25,0.0000062163039202722854,0.09070395014949678,3698680,0.03690716452982887,-0.6007912441562621,,false,false,false,false,false,false,false
BONK,2026-03-26,0.0000059230330519628795,-0.007251095654587639,3385550,-0.05386318820620364,-1.5208419959980972,,false,false,false,false,false,false,false
BONK,2026-03-27,0.000005718621265768826,-0.0645427694224858,3140809,-0.06992289455464631,-2.2399495265972815,,false,false,false,false,false,false,false
BONK,2026-03-28,0.000005781596975784811,-0.06993013051852737,3301144,-0.10748050655909676,-1.7688469899621437,,false,false,false,false,false,false,false
BONK,2026-03-29,0.000005589448890883659,-0.05631982096886519,3084936,-0.08879325368108579,-2.4041177495642883,,false,false,false,false,false,false,false
BONK,2026-03-30,0.0000058198346961306254,0.017698921760679383,3205439,0.020577500892286032,-2.050051145440772,,false,false,false,false,false,false,false
BONK,2026-03-31,0.00000583815750705277,0.009782856104438317,3444632,0.04346614385800801,-1.3472449643488802,,false,false,false,false,false,false,false
BONK,2026-04-01,0.000005892407601740647,0.054201893025824226,3288825,0.06609180871175285,-1.8050431551712889,0.00008008501794235,false,false,false,false,false,false,false
BONK,2026-04-02,0.000005663562138664173,-0.026851717553138046,3638019,0.13495187398668326,-0.77902775505422,-0.00018345679288143336,true,false,false,false,false,false,false
BONK,2026-04-03,0.000005708137279338038,-0.02227076394524491,3672508,0.06615394619802638,-0.6776908330720622,-0.00011908565310089998,false,false,false,false,false,false,false
BONK,2026-04-04,0.000005708023542272418,-0.03129180327134209,3771252,0.14668673462406787,-0.38755736952698455,-0.0001712473005452,true,false,false,false,false,false,false
BONK,2026-04-05,0.000005539213662797652,-0.021955877382825062,4009283,0.10205114376807818,0.31183457794423786,-0.00037264149097663337,true,false,false,false,false,false,false
BONK,2026-04-06,0.000005709719665619315,0.0002772158768859649,3848635,0.04795823453618073,-0.1601876274716825,-0.000030284161291733343,false,false,false,false,false,false,false
BONK,2026-04-07,0.000006107215582262431,0.06993524764459727,3978651,0.05499473384435726,0.2218304434620129,-0.00012888318437953333,false,false,false,false,false,false,false
BONK,2026-04-08,0.000005847018261451425,0.05556828412686867,4059448,0.01251221228334343,0.459231333177354,0.0001,false,false,false,false,false,false,false
BONK,2026-04-09,0.000005969798017168507,0.04555010872341697,3690800,-0.041010644033533966,-0.6239445668162232,-0.000028485934077000002,false,false,false,false,false,false,false
BONK,2026-04-10,0.0000059880123944693096,-0.019518418203433096,3611951,-0.0921669178824682,-0.8556217671227313,0.0000934308671677,false,false,false,false,false,false,false
BONK,2026-04-11,0.0000059673644352232555,0.020582486387165297,3607807,-0.11125675214955334,-0.8677978291916246,-0.00003084803012993333,false,false,false,false,false,false,false
BONK,2026-04-12,0.0000056623951111171895,-0.05149301620712447,3668035,-0.006168039449441855,-0.6908335757443981,-0.00022916576602523332,false,false,false,false,false,false,false
BONK,2026-04-13,0.000005973228276079259,-0.0024689525365220815,3862073,0.06924844772257431,-0.12070357291526637,-0.00008354742878396667,false,false,false,false,false,false,false
BONK,2026-04-14,0.000005833661224959785,-0.0224057390351873,3707871,0.027735408241072762,-0.5737858902771118,0.0001,false,false,false,false,false,false,false
BONK,2026-04-15,0.000006098628807584089,0.0770404904473066,3990819,0.08799916031335579,0.2575829345948058,0.000026733274901633337,false,false,false,false,false,false,false
BONK,2026-04-16,0.000006507090535224609,0.08937583404995364,4277354,0.10752800374306752,1.0994912224592719,0.00009959206472856667,false,false,false,false,false,false,false
BONK,2026-04-17,0.0000065054659420215935,0.11516004977927721,4238941,0.1432277444387898,0.9866246509697932,0.00003806005020796667,false,true,false,false,false,false,false
BONK,2026-04-18,0.0000060770142393765986,-0.0035441685154884335,4501517,0.1279682190547855,1.7581356726400954,-0.00006985139648173333,true,false,false,false,false,false,false
BONK,2026-04-19,0.000005933131353786984,-0.0882051937545101,4295336,0.004204000884659068,1.1523266346510768,-0.00009468335893226668,false,false,false,false,false,false,false
BONK,2026-04-20,0.000006138746350393497,-0.056370995543808436,3895356,-0.08105444260724554,-0.022910167066092547,-0.000021592304417899996,false,false,false,false,false,false,false
BONK,2026-04-21,0.000006098148894760912,0.0034778025115310366,3714597,-0.17481217998288132,-0.5540232953264901,0.00007842597966493333,false,false,false,false,false,false,false
BONK,2026-04-22,0.000006414486470664113,0.08113002867699722,4421639,0.02940468452293371,1.5234350244887778,0.000049177063374333335,false,false,false,false,false,false,false
BONK,2026-04-23,0.000006338895516147754,0.03260424105019868,4227667,0.08530953268456079,0.9534989454281178,0.000008023895666166669,false,false,false,false,false,false,false
BONK,2026-04-24,0.000006316603824670693,0.03582315448175773,4123872,0.1101801891295341,0.6485244371171183,0.00008372700138556666,true,false,false,false,false,false,false
BONK,2026-04-25,0.00000620894337309163,-0.03204357800308879,0,,,-0.00010653136474853334,false,false,false,false,false,false,false
BONK,2026-04-26,0.000006284089304452805,-0.008646019098332649,4281747,0.012791925191837484,1.1123989060183086,-0.0000360134437995,false,false,false,false,false,false,false
BONK,2026-04-27,0.000006202005630079349,-0.018142374885655954,3850475,-0.06629618960045316,-0.1547812678658032,-0.00007344764681356666,false,false,false,false,false,false,false
BONK,2026-04-28,0.000006232961034363462,0.003868236482220145,3699934,,-0.5971066925552987,0.000005049700363500002,false,false,false,false,false,false,false
BONK,2026-04-29,0.0000061591396811245624,-0.019883489440499405,4116512,-0.03859055661158868,0.6268989986936011,0.00004362051361113333,false,false,false,false,false,false,false
BONK,2026-04-30,0.000006127595162287009,-0.01199780719828009,3576654,-0.07111356391094605,-0.9593327861492099,-0.0000686298728392,false,false,false,false,false,false,false
BONK,2026-05-01,0.000006239521616720995,0.0010525627099805938,3673360,-0.007182290278691458,-0.6751874535154267,-0.0000013781322358333304,false,false,false,false,false,false,false
BONK,2026-05-02,0.0000063164818863688135,0.025546133614479563,3741556,-0.09108585132267318,-0.47481131238361,0.0000501418989197,false,false,false,false,false,false,false
BONK,2026-05-03,0.000006315191325896318,0.030614973515856826,3863491,0.0801970221329768,-0.11653715013203984,-0.000016270815015333334,false,false,false,false,false,false,false
BONK,2026-05-04,0.000006365429506588691,0.020179093462915652,0,,,0.0000855743323757,false,false,false,false,false,false,false
FLOKI,2026-02-03,0.00003480501201234184,0,448911,,1.2425027477536343,,false,false,false,false,false,false,false
FLOKI,2026-02-04,0.000033624021466920196,0,423170,,0.5306449814528678,,false,false,false,false,false,false,false
FLOKI,2026-02-05,0.00002886573710929696,0,394222,,-0.26990117521838003,,false,false,false,false,false,false,false
FLOKI,2026-02-06,0.00003266356802159892,-0.061526885552677414,367978,-0.1802874066351682,-0.9956692191481932,,false,false,false,false,false,false,false
FLOKI,2026-02-07,0.00003185693526665627,-0.052554278850981906,353938,-0.16360328000567148,-1.3839401891517968,,false,false,false,false,false,false,false
FLOKI,2026-02-08,0.000031257088539432244,0.08284394128168959,365173,-0.07368690737706166,-1.0732404492664345,,false,false,false,false,false,false,false
FLOKI,2026-02-09,0.00003101514705896098,-0.05046665329237519,366523,-0.003954040730695857,-1.0359067021507034,,false,false,false,false,false,false,false
FLOKI,2026-02-10,0.000029759439387340854,-0.06584110686600808,375591,0.06117738134927586,-0.7851345400429627,,false,false,false,false,false,false,false
FLOKI,2026-02-11,0.000029122579821697654,-0.06828878879879713,372686,0.02057381022145668,-0.8654712329105174,,false,false,false,false,false,false,false
FLOKI,2026-02-12,0.000029807728816408592,-0.03892995381440676,374752,0.022451524188113706,-0.8083367725097023,,false,false,false,false,false,false,false
FLOKI,2026-02-13,0.000030512991952952448,0.025321463748142474,379276,0.009811204208833545,-0.6832272377307633,,false,false,false,false,false,false,false
FLOKI,2026-02-14,0.000035755798773384654,0.22776893366929496,381003,0.02231637356917083,-0.6354676960501207,,false,false,false,false,false,false,false
FLOKI,2026-02-15,0.00003197742139054477,0.07278959720479614,370940,-0.010172060455981556,-0.9137562125135297,,false,false,false,false,false,false,false
FLOKI,2026-02-16,0.00003219321475055418,0.0550658159053181,349506,-0.07849165251690061,-1.5065054982013675,,false,false,false,false,false,false,false
FLOKI,2026-02-17,0.00003180230199642316,-0.11056938769619479,348493,-0.08532741212011453,-1.5345196358519124,,false,false,false,false,false,false,false
FLOKI,2026-02-18,0.000030443599779204712,-0.04796576911587948,363517,-0.020011322585862943,-1.1190365123950647,,false,false,false,false,false,false,false
FLOKI,2026-02-19,0.00002982877074565784,-0.0734454146073013,374008,0.07010466200866365,-0.8289118153645941,,false,false,false,false,false,false,false
FLOKI,2026-02-20,0.00003071509639981048,-0.034186380493304,403815,0.15874637367178107,-0.004610333676743992,,true,false,true,false,false,false,false
FLOKI,2026-02-21,0.000030178550130936724,-0.008706251894989015,394654,0.08565486620983338,-0.2579543761413461,,false,false,false,false,false,false,false
FLOKI,2026-02-22,0.00002918155494046717,-0.021697702889244507,396794,0.06092383050629933,-0.19877347330603898,,false,false,false,false,false,false,false
FLOKI,2026-02-23,0.00002820022576083169,-0.08187734807155947,394054,-0.024171959932147147,-0.2745471526372266,,false,false,false,false,false,false,false
FLOKI,2026-02-24,0.000027967472848604115,-0.07326651786581301,397042,0.006050869875891287,-0.19191512568774172,,false,false,false,false,false,false,false
FLOKI,2026-02-25,0.00003109902969916174,0.06570845051287975,395300,-0.003765177900875517,-0.24008948678078143,,false,false,false,false,false,false,false
FLOKI,2026-02-26,0.000029144111655010146,0.03347086304143888,355983,-0.0966136620869221,-1.3273864759283374,,false,false,false,false,false,false,false
FLOKI,2026-02-27,0.00002835660256459708,0.013913653124808037,408228,0.028173341863077458,0.11742953745045709,,false,false,false,false,false,false,false
FLOKI,2026-02-28,0.000027987751190125804,-0.1000442309336679,406140,0.027422210979003287,0.059686675244792944,,false,false,false,false,false,false,false
FLOKI,2026-03-01,0.000026980312671806726,-0.07424480831041019,420671,0.1817165426438903,0.4615360673475255,,false,false,false,false,false,false,false
FLOKI,2026-03-02,0.000028401935640231272,0.0015986779633040422,463247,0.13477517465729935,1.6389594874952058,,true,false,false,false,true,false,false
FLOKI,2026-03-03,0.000028198061153201853,0.007514357321793241,435719,0.07282956615945241,0.8776829018642085,,false,false,false,false,false,false,false
FLOKI,2026-03-04,0.00002951511594925398,0.09395010755735295,470722,0.11897896455900217,1.8456778280063837,,false,false,false,false,true,false,false
FLOKI,2026-03-05,0.000029268418503329195,0.030507880662561337,470512,0.015682778301856246,1.8398703562328256,,false,false,false,false,true,false,false
FLOKI,2026-03-06,0.00002821269024334599,0.0005187977309736435,489190,0.12271900008950723,2.3564034885495855,,true,false,false,false,true,false,false
FLOKI,2026-03-07,0.000027637278893264955,-0.06362289273122404,466898,-0.00812369084087848,1.7399265324726387,,false,false,false,false,false,false,false
FLOKI,2026-03-08,0.000027616780472058832,-0.05643072348041264,455376,-0.03216921141224879,1.4212899144967468,,false,false,false,false,false,false,false
FLOKI,2026-03-09,0.000028265286599553065,0.001864280072315299,451677,-0.07668390604877451,1.3189954473996435,,false,false,false,false,false,false,false
FLOKI,2026-03-10,0.00002902956859554169,0.050377235315160765,455174,-0.025110409554121027,1.4157036797431337,,false,false,false,false,false,false,false
FLOKI,2026-03-11,0.00002947208771940645,0.06718043217328386,477042,0.04757826499420259,2.020455073762992,,false,false,false,false,false,false,false
FLOKI,2026-03-12,0.00003004351255154332,0.06291200854189719,462023,0.022905749019764124,1.6051102234436097,,false,false,false,false,false,false,false
FLOKI,2026-03-13,0.00002987358342372302,0.029074315224613862,453582,-0.003497563569096653,1.3716775127740641,,false,false,false,false,false,false,false
FLOKI,2026-03-14,0.00002938106377705722,-0.003088479622340957,441767,-0.07394527106627928,1.0449380889426838,,false,false,false,false,false,false,false
FLOKI,2026-03-15,0.000030210051370901907,0.005543253941191818,436503,-0.05523534542652638,0.8993641298188256,,false,false,false,false,false,false,false
FLOKI,2026-03-16,0.000032596228957434755,0.09113890004737919,465191,0.025594049146571072,1.6927200833418585,,false,false,false,false,false,false,false
FLOKI,2026-03-17,0.00003137474216314824,0.06785589525345316,445054,0.0074405738771796,1.135838849512616,,false,false,false,false,false,false,false
FLOKI,2026-03-18,0.00002990681086962344,-0.010037735373417737,429231,-0.0166596793149188,0.6982596786887539,,false,false,false,false,false,false,false
FLOKI,2026-03-19,0.00002969479628877247,-0.08901129859073802,425866,-0.08453516942503186,0.6052018571743575,,false,false,false,false,false,false,false
FLOKI,2026-03-20,0.000029818563585824722,-0.049599724811487236,418235,-0.060260103268367435,0.39416939477425067,,false,false,false,false,false,false,false
FLOKI,2026-03-21,0.000029891098542267796,-0.0005253762236347709,423426,-0.013524186277319206,0.5377245660911102,,false,false,false,false,false,false,false
FLOKI,2026-03-22,0.000028361599603496897,-0.04489664358396863,417224,-0.02029276814772722,0.36621056637869204,,false,false,false,false,false,false,false
FLOKI,2026-03-23,0.00002947182823776945,-0.011628170721815167,404303,-0.03331141583081282,0.008885124539905481,,false,false,false,false,false,false,false
FLOKI,2026-03-24,0.00002984518927072698,-0.0015358843863131299,411602,-0.027924596033309244,0.21073625061229176,,false,false,false,false,false,false,false
FLOKI,2026-03-25,0.000030393171652075988,0.07163108135581338,395467,-0.05214704810845014,-0.23547116398942802,,false,false,false,false,false,false,false
FLOKI,2026-03-26,0.000028932991803501814,-0.018283101744502362,376532,-0.06868858257297127,-0.7591115355719235,,false,false,false,false,false,false,false
FLOKI,2026-03-27,0.000027700747321986,-0.07185218124397386,366019,-0.11074533165533695,-1.049844634407243,,false,false,false,false,false,false,false
FLOKI,2026-03-28,0.00002784691672374504,-0.08377720356003142,353678,-0.10567000533546415,-1.3911303923000118,,false,false,false,false,false,false,false
FLOKI,2026-03-29,0.000026899043875177015,-0.07029856926440033,352106,-0.06487098042131877,-1.4346034667192187,,false,false,false,false,false,false,false
FLOKI,2026-03-30,0.000027612276430372193,-0.0031938088379149577,362899,-0.00852414765353711,-1.1361270721858217,,false,false,false,false,false,false,false
FLOKI,2026-03-31,0.000027660598920272032,-0.006690787541090182,341580,-0.03420625540746102,-1.7256960757119488,,false,false,false,false,false,false,false
FLOKI,2026-04-01,0.000027826636919133046,0.034484238482990585,351228,-0.0024935672780355914,-1.4588842296581903,0.00007629380369205,false,false,false,false,false,false,false
FLOKI,2026-04-02,0.00002657026783985295,-0.0377371490230731,356702,-0.017076376622696673,-1.307502798760774,-0.0001538477184582,false,false,false,false,false,false,false
FLOKI,2026-04-03,0.000026730452553530952,-0.03362712316613616,378356,0.10766438316060659,-0.7086694950244468,-0.00003168054932883333,true,false,false,false,false,false,false
FLOKI,2026-04-04,0.000027115783132101638,-0.02554580307700207,365370,0.04026444360927944,-1.0677924876502871,-0.00020475089117933333,false,false,false,false,false,false,false
FLOKI,2026-04-05,0.00002669283898379536,0.004613094029807528,366258,0.026789869414805635,-1.0432351784363838,-0.00007621735299893333,false,false,false,false,false,false,false
FLOKI,2026-04-06,0.000026972028543312223,0.009037482223598212,368542,-0.02593853407901553,-0.9800720092420655,0.000010518553896366668,false,false,false,false,false,false,false
FLOKI,2026-04-07,0.000028664838523236332,0.05712744432229986,381096,0.043041300599392394,-0.6328958156932591,-0.00006564787260276667,false,false,false,false,false,false,false
FLOKI,2026-04-08,0.00002779572842650966,0.04131780225339981,380906,0.03999366566737109,-0.6381501949169546,0.00008367540766276666,false,false,false,false,false,false,false
FLOKI,2026-04-09,0.000028887609038190695,0.07102100206524677,390480,0.059526458314113455,-0.3733847912976881,-0.00007846618610173334,false,false,false,false,false,false,false
FLOKI,2026-04-10,0.00002938900368109071,0.02526318636915935,417955,0.09671841215861621,0.38642609907617315,0.0001,false,false,false,false,false,false,false
FLOKI,2026-04-11,0.000029339946088907444,0.0555559343041003,409771,0.07577985119688323,0.1601006276723631,0.0001,false,false,false,false,false,false,false
FLOKI,2026-04-12,0.000027662228381178024,-0.04241890200717768,394104,0.009280885064535956,-0.2731644212625699,-4.285925729333322e-7,false,false,false,false,false,false,false
FLOKI,2026-04-13,0.000029346673377210623,-0.0014403449786670561,373190,-0.10710483185988923,-0.8515333006539778,-0.000014783756219766666,false,false,false,false,false,false,false
FLOKI,2026-04-14,0.00002795322505412569,-0.0472639257952158,403429,-0.015476937118536939,-0.01528501988909378,0.0001,false,false,false,false,false,false,false
FLOKI,2026-04-15,0.000029091975212437012,0.05168588775847931,381638,-0.03163124454458722,-0.6179070075919804,-0.00005699392731943334,false,false,false,false,false,false,false
FLOKI,2026-04-16,0.00003209902996750242,0.09378768608332837,410634,0.1003349500254562,0.1839665711989379,0.00009032043178289999,false,false,false,false,false,false,false
FLOKI,2026-04-17,0.000032653381886877014,0.16814363364693818,424188,0.051456390095902874,0.5587973922408784,0.00007849621624556666,false,false,false,false,false,false,false
FLOKI,2026-04-18,0.00003090529121122463,0.062330453176394005,404909,0.060976632306007264,0.025643828800744787,0.000048313241309233334,false,false,false,false,false,false,false
FLOKI,2026-04-19,0.00003052738092869026,-0.04896250884850191,417797,0.017443757701505476,0.38205666793225795,0.0000406129718981,false,false,false,false,false,false,false
FLOKI,2026-04-20,0.000031524749291661044,-0.03456403379980538,396813,-0.06453506464114968,-0.19824803538366942,0.000029499414732933333,false,false,false,false,false,false,false
FLOKI,2026-04-21,0.00003087611419040456,-0.0009440784951889723,386329,-0.04588685358932501,-0.48817915002168805,-0.0000346917719007,false,false,false,false,false,false,false
FLOKI,2026-04-22,0.00003270925960296366,0.071472842015832,412767,-0.012039339679317947,0.24295389164179307,0.00006327721316003334,false,false,false,false,false,false,false
FLOKI,2026-04-23,0.0000336384720707792,0.06704963010371287,508695,0.28195144816324064,2.8958069978031675,0.0001,false,false,false,false,false,false,false
FLOKI,2026-04-24,0.000032983899654937284,0.06826589160587322,421353,0.09065848020728447,0.48039652329784305,-0.000046102180371833334,false,false,false,false,false,false,false
FLOKI,2026-04-25,0.00003224454878890248,-0.014207316817989696,411230,-0.0037236503887180905,0.20044872918484585,0.00005763115505473333,false,false,false,false,false,false,false
FLOKI,2026-04-26,0.000032985967081508614,-0.01939758107614526,420626,-0.17312731597519143,0.4602916091103345,0.000009828156922966666,false,false,false,false,false,false,false
FLOKI,2026-04-27,0.000032025192638514026,-0.029065908714640154,396249,-0.059579497475988064,-0.2138452452897971,-0.00011130349038686667,false,false,false,false,false,false,false
FLOKI,2026-04-28,0.00003195569383542312,-0.008958256955941013,404360,-0.016705979622109284,0.01046143830701413,0.0000132325368461,false,false,false,false,false,false,false
FLOKI,2026-04-29,0.00003226808809195755,-0.02176316334085871,415441,-0.01232686519616001,0.3169023655584338,0.000053851404448500004,false,false,false,false,false,false,false
FLOKI,2026-04-30,0.00003195904135749697,-0.0020656013459072462,408502,0.03092247551413379,0.12500690538357584,-0.000021951837148,false,false,false,false,false,false,false
FLOKI,2026-05-01,0.00003223408878517126,0.008711904400571692,398339,-0.014890196854288258,-0.15604707382914668,0.0000639542475191,false,false,false,false,false,false,false
FLOKI,2026-05-02,0.000032459109259348024,0.005919816719419479,397213,-0.04387626642531671,-0.18718618438641577,-0.000014003868793366665,false,false,false,false,false,false,false
FLOKI,2026-05-03,0.000032226688740084245,0.008374699966539724,403671,-0.011826135490156719,-0.008592600035755312,-0.0000903798538887,false,false,false,false,false,false,false
FLOKI,2026-05-04,0.00003235757721367767,0.0038309886570522416,0,,,0.0000585476655135,false,false,false,false,false,false,false