token,date,symbol,oi_usd,oi_chg_1d,oi_chg_7d,oi_z_7d,funding_oi_w,funding_z_7d,funding_overheated,liq_vol,liq_imbalance,liq_z_7d,readiness
BSB,+058140-11,BSB,0,,,,,,false,,,,COINGLASS_FEATURE_READY
BSB,+058143-08,BSB,0,0,,,,,false,,,,COINGLASS_FEATURE_READY
BSB,+058146-05,BSB,0,0,,,,,false,,,,COINGLASS_FEATURE_READY
BSB,+058149-02,BSB,0,0,,,,,false,,,,COINGLASS_FEATURE_READY
BSB,+058151-11,BSB,0,0,,,,,false,,,,COINGLASS_FEATURE_READY
BSB,+058154-08,BSB,0,0,,,,,false,,,,COINGLASS_FEATURE_READY
BSB,+058157-04,BSB,0,0,,,,,false,,,,COINGLASS_FEATURE_READY
BSB,+058160-01,BSB,0,0,0,,,,false,,,,COINGLASS_FEATURE_READY
BSB,+058162-10,BSB,0,0,0,,,,false,,,,COINGLASS_FEATURE_READY
BSB,+058165-07,BSB,0,0,0,,,,false,,,,COINGLASS_FEATURE_READY
BSB,+058168-04,BSB,0,0,0,,,,false,,,,COINGLASS_FEATURE_READY
BSB,+058171-01,BSB,0,0,0,,,,false,,,,COINGLASS_FEATURE_READY
BSB,+058173-10,BSB,0,0,0,,,,false,,,,COINGLASS_FEATURE_READY
BSB,+058176-06,BSB,0,0,0,,,,false,,,,COINGLASS_FEATURE_READY
BSB,+058179-03,BSB,0,0,0,,,,false,,,,COINGLASS_FEATURE_READY
BSB,+058181-12,BSB,0,0,0,,,,false,,,,COINGLASS_FEATURE_READY
BSB,+058184-09,BSB,0,0,0,,,,false,,,,COINGLASS_FEATURE_READY
BSB,+058187-06,BSB,0,0,0,,,,false,,,,COINGLASS_FEATURE_READY
BSB,+058190-03,BSB,0,0,0,,,,false,,,,COINGLASS_FEATURE_READY
BSB,+058192-12,BSB,0,0,0,,,,false,,,,COINGLASS_FEATURE_READY
BSB,+058195-08,BSB,0,0,0,,,,false,,,,COINGLASS_FEATURE_READY
BSB,+058198-05,BSB,0,0,0,,,,false,,,,COINGLASS_FEATURE_READY
BSB,+058201-02,BSB,0,0,0,,,,false,,,,COINGLASS_FEATURE_READY
BSB,+058203-11,BSB,0,0,0,,,,false,,,,COINGLASS_FEATURE_READY
BSB,+058206-08,BSB,0,0,0,,,,false,,,,COINGLASS_FEATURE_READY
BSB,+058209-05,BSB,0,0,0,,,,false,,,,COINGLASS_FEATURE_READY
BSB,+058212-02,BSB,0,0,0,,,,false,,,,COINGLASS_FEATURE_READY
BSB,+058214-10,BSB,0,0,0,,,,false,,,,COINGLASS_FEATURE_READY
BSB,+058217-07,BSB,0,0,0,,,,false,,,,COINGLASS_FEATURE_READY
BSB,+058220-04,BSB,0,0,0,,,,false,,,,COINGLASS_FEATURE_READY
BSB,+058223-01,BSB,0,0,0,,,,false,,,,COINGLASS_FEATURE_READY
BSB,+058225-10,BSB,0,0,0,,,,false,,,,COINGLASS_FEATURE_READY
BSB,+058228-07,BSB,0,0,0,,,,false,,,,COINGLASS_FEATURE_READY
BSB,+058231-04,BSB,0,0,0,,,,false,,,,COINGLASS_FEATURE_READY
BSB,+058233-12,BSB,0,0,0,,,,false,,,,COINGLASS_FEATURE_READY
BSB,+058236-09,BSB,0,0,0,,,,false,,,,COINGLASS_FEATURE_READY
BSB,+058239-06,BSB,0,0,0,,,,false,,,,COINGLASS_FEATURE_READY
BSB,+058242-03,BSB,0,0,0,,,,false,,,,COINGLASS_FEATURE_READY
BSB,+058244-12,BSB,0,0,0,,,,false,,,,COINGLASS_FEATURE_READY
BSB,+058247-09,BSB,0,0,0,,,,false,,,,COINGLASS_FEATURE_READY
BSB,+058250-06,BSB,0,0,0,,,,false,,,,COINGLASS_FEATURE_READY
BSB,+058253-02,BSB,0,0,0,,,,false,,,,COINGLASS_FEATURE_READY
BSB,+058255-11,BSB,0,0,0,,,,false,,,,COINGLASS_FEATURE_READY
BSB,+058258-08,BSB,0,0,0,,,,false,,,,COINGLASS_FEATURE_READY
BSB,+058261-05,BSB,0,0,0,,,,false,,,,COINGLASS_FEATURE_READY
BSB,+058264-02,BSB,0,0,0,,,,false,,,,COINGLASS_FEATURE_READY
BSB,+058266-11,BSB,0,0,0,,,,false,,,,COINGLASS_FEATURE_READY
BSB,+058269-08,BSB,0,0,0,,,,false,,,,COINGLASS_FEATURE_READY
BSB,+058272-04,BSB,0,0,0,,,,false,,,,COINGLASS_FEATURE_READY
BSB,+058275-01,BSB,0,0,0,,,,false,,,,COINGLASS_FEATURE_READY
BSB,+058277-10,BSB,0,0,0,,,,false,,,,COINGLASS_FEATURE_READY
BSB,+058280-07,BSB,0,0,0,,,,false,,,,COINGLASS_FEATURE_READY
BSB,+058283-04,BSB,0,0,0,,0,,false,,,,COINGLASS_FEATURE_READY
BSB,+058286-01,BSB,0,0,0,,0,,false,,,,COINGLASS_FEATURE_READY
BSB,+058288-09,BSB,0,0,0,,0,,false,,,,COINGLASS_FEATURE_READY
BSB,+058291-06,BSB,0,0,0,,0,,false,,,,COINGLASS_FEATURE_READY
BSB,+058294-03,BSB,0,0,0,,0,,false,,,,COINGLASS_FEATURE_READY
BSB,+058296-12,BSB,0,0,0,,0,,false,,,,COINGLASS_FEATURE_READY
BSB,+058299-09,BSB,0,0,0,,0,,false,,,,COINGLASS_FEATURE_READY
BSB,+058302-06,BSB,0,0,0,,0,,false,,,,COINGLASS_FEATURE_READY
BSB,+058305-03,BSB,0,0,0,,0,,false,,,,COINGLASS_FEATURE_READY
BSB,+058307-12,BSB,0,0,0,,0,,false,,,,COINGLASS_FEATURE_READY
LAB,+058064-03,LAB,0,,,,0,,false,,,,COINGLASS_FEATURE_READY
LAB,+058066-12,LAB,0,0,,,0,,false,,,,COINGLASS_FEATURE_READY
LAB,+058069-09,LAB,0,0,,,0,,false,,,,COINGLASS_FEATURE_READY
LAB,+058072-06,LAB,0,0,,,0,,false,,,,COINGLASS_FEATURE_READY
LAB,+058075-03,LAB,0,0,,,0,,false,,,,COINGLASS_FEATURE_READY
LAB,+058077-12,LAB,0,0,,,0,,false,,,,COINGLASS_FEATURE_READY
LAB,+058080-08,LAB,0,0,,,0,,false,,,,COINGLASS_FEATURE_READY
LAB,+058083-05,LAB,0,0,0,,0,,false,,,,COINGLASS_FEATURE_READY
LAB,+058086-02,LAB,0,0,0,,0,,false,,,,COINGLASS_FEATURE_READY
LAB,+058088-11,LAB,0,0,0,,0,,false,,,,COINGLASS_FEATURE_READY
LAB,+058091-08,LAB,0,0,0,,0,,false,,,,COINGLASS_FEATURE_READY
LAB,+058094-05,LAB,0,0,0,,0,,false,,,,COINGLASS_FEATURE_READY
LAB,+058097-02,LAB,0,0,0,,0,,false,,,,COINGLASS_FEATURE_READY
LAB,+058099-10,LAB,0,0,0,,0,,false,,,,COINGLASS_FEATURE_READY
LAB,+058102-07,LAB,0,0,0,,0,,false,,,,COINGLASS_FEATURE_READY
LAB,+058105-04,LAB,0,0,0,,0,,false,,,,COINGLASS_FEATURE_READY
LAB,+058108-01,LAB,0,0,0,,0,,false,,,,COINGLASS_FEATURE_READY
LAB,+058110-10,LAB,0,0,0,,0,,false,,,,COINGLASS_FEATURE_READY
LAB,+058113-07,LAB,0,0,0,,0,,false,,,,COINGLASS_FEATURE_READY
LAB,+058116-04,LAB,0,0,0,,0,,false,,,,COINGLASS_FEATURE_READY
LAB,+058118-12,LAB,0,0,0,,0,,false,,,,COINGLASS_FEATURE_READY
LAB,+058121-09,LAB,0,0,0,,0,,false,,,,COINGLASS_FEATURE_READY
LAB,+058124-06,LAB,0,0,0,,0,,false,,,,COINGLASS_FEATURE_READY
LAB,+058127-03,LAB,0,0,0,,0,,false,,,,COINGLASS_FEATURE_READY
LAB,+058129-12,LAB,0,0,0,,0,,false,,,,COINGLASS_FEATURE_READY
LAB,+058132-09,LAB,0,0,0,,0,,false,,,,COINGLASS_FEATURE_READY
LAB,+058135-06,LAB,0,0,0,,0,,false,,,,COINGLASS_FEATURE_READY
LAB,+058138-03,LAB,0,0,0,,0,,false,,,,COINGLASS_FEATURE_READY
LAB,+058140-11,LAB,0,0,0,,0,,false,,,,COINGLASS_FEATURE_READY
LAB,+058143-08,LAB,0,0,0,,0,,false,,,,COINGLASS_FEATURE_READY
LAB,+058146-05,LAB,0,0,0,,0,,false,,,,COINGLASS_FEATURE_READY
LAB,+058149-02,LAB,0,0,0,,0,,false,,,,COINGLASS_FEATURE_READY
LAB,+058151-11,LAB,0,0,0,,0,,false,,,,COINGLASS_FEATURE_READY
LAB,+058154-08,LAB,0,0,0,,0,,false,,,,COINGLASS_FEATURE_READY
LAB,+058157-04,LAB,0,0,0,,0,,false,,,,COINGLASS_FEATURE_READY
LAB,+058160-01,LAB,0,0,0,,0,,false,,,,COINGLASS_FEATURE_READY
LAB,+058162-10,LAB,0,0,0,,0,,false,,,,COINGLASS_FEATURE_READY
LAB,+058165-07,LAB,0,0,0,,0,,false,,,,COINGLASS_FEATURE_READY
LAB,+058168-04,LAB,0,0,0,,0,,false,,,,COINGLASS_FEATURE_READY
LAB,+058171-01,LAB,0,0,0,,0,,false,,,,COINGLASS_FEATURE_READY
LAB,+058173-10,LAB,0,0,0,,0,,false,,,,COINGLASS_FEATURE_READY
LAB,+058176-06,LAB,0,0,0,,0,,false,,,,COINGLASS_FEATURE_READY
LAB,+058179-03,LAB,0,0,0,,0,,false,,,,COINGLASS_FEATURE_READY
LAB,+058181-12,LAB,0,0,0,,0,,false,,,,COINGLASS_FEATURE_READY
LAB,+058184-09,LAB,0,0,0,,0,,false,,,,COINGLASS_FEATURE_READY
LAB,+058187-06,LAB,0,0,0,,0,,false,,,,COINGLASS_FEATURE_READY
LAB,+058190-03,LAB,0,0,0,,0,,false,,,,COINGLASS_FEATURE_READY
LAB,+058192-12,LAB,0,0,0,,0,,false,,,,COINGLASS_FEATURE_READY
LAB,+058195-08,LAB,0,0,0,,0,,false,,,,COINGLASS_FEATURE_READY
LAB,+058198-05,LAB,0,0,0,,0,,false,,,,COINGLASS_FEATURE_READY
LAB,+058201-02,LAB,0,0,0,,0,,false,,,,COINGLASS_FEATURE_READY
LAB,+058203-11,LAB,0,0,0,,0,,false,,,,COINGLASS_FEATURE_READY
LAB,+058206-08,LAB,0,0,0,,0,,false,,,,COINGLASS_FEATURE_READY
LAB,+058209-05,LAB,0,0,0,,0,,false,,,,COINGLASS_FEATURE_READY
LAB,+058212-02,LAB,0,0,0,,0,,false,,,,COINGLASS_FEATURE_READY
LAB,+058214-10,LAB,0,0,0,,0,,false,,,,COINGLASS_FEATURE_READY
LAB,+058217-07,LAB,0,0,0,,0,,false,,,,COINGLASS_FEATURE_READY
LAB,+058220-04,LAB,0,0,0,,0,,false,,,,COINGLASS_FEATURE_READY
LAB,+058223-01,LAB,0,0,0,,0,,false,,,,COINGLASS_FEATURE_READY
LAB,+058225-10,LAB,0,0,0,,0,,false,,,,COINGLASS_FEATURE_READY
LAB,+058228-07,LAB,0,0,0,,0,,false,,,,COINGLASS_FEATURE_READY
LAB,+058231-04,LAB,0,0,0,,0,,false,,,,COINGLASS_FEATURE_READY
LAB,+058233-12,LAB,0,0,0,,0,,false,,,,COINGLASS_FEATURE_READY
LAB,+058236-09,LAB,0,0,0,,0,,false,,,,COINGLASS_FEATURE_READY
LAB,+058239-06,LAB,0,0,0,,0,,false,,,,COINGLASS_FEATURE_READY
LAB,+058242-03,LAB,0,0,0,,0,,false,,,,COINGLASS_FEATURE_READY
LAB,+058244-12,LAB,0,0,0,,0,,false,,,,COINGLASS_FEATURE_READY
LAB,+058247-09,LAB,0,0,0,,0,,false,,,,COINGLASS_FEATURE_READY
LAB,+058250-06,LAB,0,0,0,,0,,false,,,,COINGLASS_FEATURE_READY
LAB,+058253-02,LAB,0,0,0,,0,,false,,,,COINGLASS_FEATURE_READY
LAB,+058255-11,LAB,0,0,0,,0,,false,,,,COINGLASS_FEATURE_READY
LAB,+058258-08,LAB,0,0,0,,0,,false,,,,COINGLASS_FEATURE_READY
LAB,+058261-05,LAB,0,0,0,,0,,false,,,,COINGLASS_FEATURE_READY
LAB,+058264-02,LAB,0,0,0,,0,,false,,,,COINGLASS_FEATURE_READY
LAB,+058266-11,LAB,0,0,0,,0,,false,,,,COINGLASS_FEATURE_READY
LAB,+058269-08,LAB,0,0,0,,0,,false,,,,COINGLASS_FEATURE_READY
LAB,+058272-04,LAB,0,0,0,,0,,false,,,,COINGLASS_FEATURE_READY
LAB,+058275-01,LAB,0,0,0,,0,,false,,,,COINGLASS_FEATURE_READY
LAB,+058277-10,LAB,0,0,0,,0,,false,,,,COINGLASS_FEATURE_READY
LAB,+058280-07,LAB,0,0,0,,0,,false,,,,COINGLASS_FEATURE_READY
LAB,+058283-04,LAB,0,0,0,,0,,false,,,,COINGLASS_FEATURE_READY
LAB,+058286-01,LAB,0,0,0,,0,,false,,,,COINGLASS_FEATURE_READY
LAB,+058288-09,LAB,0,0,0,,0,,false,,,,COINGLASS_FEATURE_READY
LAB,+058291-06,LAB,0,0,0,,0,,false,,,,COINGLASS_FEATURE_READY
LAB,+058294-03,LAB,0,0,0,,0,,false,,,,COINGLASS_FEATURE_READY
LAB,+058296-12,LAB,0,0,0,,0,,false,,,,COINGLASS_FEATURE_READY
LAB,+058299-09,LAB,0,0,0,,0,,false,,,,COINGLASS_FEATURE_READY
LAB,+058302-06,LAB,0,0,0,,0,,false,,,,COINGLASS_FEATURE_READY
LAB,+058305-03,LAB,0,0,0,,0,,false,,,,COINGLASS_FEATURE_READY
LAB,+058307-12,LAB,0,0,0,,0,,false,,,,COINGLASS_FEATURE_READY
UB,+058064-03,UB,0,,,,0,,false,,,,COINGLASS_FEATURE_READY
UB,+058066-12,UB,0,0,,,0,,false,,,,COINGLASS_FEATURE_READY
UB,+058069-09,UB,0,0,,,0,,false,,,,COINGLASS_FEATURE_READY
UB,+058072-06,UB,0,0,,,0,,false,,,,COINGLASS_FEATURE_READY
UB,+058075-03,UB,0,0,,,0,,false,,,,COINGLASS_FEATURE_READY
UB,+058077-12,UB,0,0,,,0,,false,,,,COINGLASS_FEATURE_READY
UB,+058080-08,UB,0,0,,,0,,false,,,,COINGLASS_FEATURE_READY
UB,+058083-05,UB,0,0,0,,0,,false,,,,COINGLASS_FEATURE_READY
UB,+058086-02,UB,0,0,0,,0,,false,,,,COINGLASS_FEATURE_READY
UB,+058088-11,UB,0,0,0,,0,,false,,,,COINGLASS_FEATURE_READY
UB,+058091-08,UB,0,0,0,,0,,false,,,,COINGLASS_FEATURE_READY
UB,+058094-05,UB,0,0,0,,0,,false,,,,COINGLASS_FEATURE_READY
UB,+058097-02,UB,0,0,0,,0,,false,,,,COINGLASS_FEATURE_READY
UB,+058099-10,UB,0,0,0,,0,,false,,,,COINGLASS_FEATURE_READY
UB,+058102-07,UB,0,0,0,,0,,false,,,,COINGLASS_FEATURE_READY
UB,+058105-04,UB,0,0,0,,0,,false,,,,COINGLASS_FEATURE_READY
UB,+058108-01,UB,0,0,0,,0,,false,,,,COINGLASS_FEATURE_READY
UB,+058110-10,UB,0,0,0,,0,,false,,,,COINGLASS_FEATURE_READY
UB,+058113-07,UB,0,0,0,,0,,false,,,,COINGLASS_FEATURE_READY
UB,+058116-04,UB,0,0,0,,0,,false,,,,COINGLASS_FEATURE_READY
UB,+058118-12,UB,0,0,0,,0,,false,,,,COINGLASS_FEATURE_READY
UB,+058121-09,UB,0,0,0,,0,,false,,,,COINGLASS_FEATURE_READY
UB,+058124-06,UB,0,0,0,,0,,false,,,,COINGLASS_FEATURE_READY
UB,+058127-03,UB,0,0,0,,0,,false,,,,COINGLASS_FEATURE_READY
UB,+058129-12,UB,0,0,0,,0,,false,,,,COINGLASS_FEATURE_READY
UB,+058132-09,UB,0,0,0,,0,,false,,,,COINGLASS_FEATURE_READY
UB,+058135-06,UB,0,0,0,,0,,false,,,,COINGLASS_FEATURE_READY
UB,+058138-03,UB,0,0,0,,0,,false,,,,COINGLASS_FEATURE_READY
UB,+058140-11,UB,0,0,0,,0,,false,,,,COINGLASS_FEATURE_READY
UB,+058143-08,UB,0,0,0,,0,,false,,,,COINGLASS_FEATURE_READY
UB,+058146-05,UB,0,0,0,,0,,false,,,,COINGLASS_FEATURE_READY
UB,+058149-02,UB,0,0,0,,0,,false,,,,COINGLASS_FEATURE_READY
UB,+058151-11,UB,0,0,0,,0,,false,,,,COINGLASS_FEATURE_READY
UB,+058154-08,UB,0,0,0,,0,,false,,,,COINGLASS_FEATURE_READY
UB,+058157-04,UB,0,0,0,,0,,false,,,,COINGLASS_FEATURE_READY
UB,+058160-01,UB,0,0,0,,0,,false,,,,COINGLASS_FEATURE_READY
UB,+058162-10,UB,0,0,0,,0,,false,,,,COINGLASS_FEATURE_READY
UB,+058165-07,UB,0,0,0,,0,,false,,,,COINGLASS_FEATURE_READY
UB,+058168-04,UB,0,0,0,,0,,false,,,,COINGLASS_FEATURE_READY
UB,+058171-01,UB,0,0,0,,0,,false,,,,COINGLASS_FEATURE_READY
UB,+058173-10,UB,0,0,0,,0,,false,,,,COINGLASS_FEATURE_READY
UB,+058176-06,UB,0,0,0,,0,,false,,,,COINGLASS_FEATURE_READY
UB,+058179-03,UB,0,0,0,,0,,false,,,,COINGLASS_FEATURE_READY
UB,+058181-12,UB,0,0,0,,0,,false,,,,COINGLASS_FEATURE_READY
UB,+058184-09,UB,0,0,0,,0,,false,,,,COINGLASS_FEATURE_READY
UB,+058187-06,UB,0,0,0,,0,,false,,,,COINGLASS_FEATURE_READY
UB,+058190-03,UB,0,0,0,,0,,false,,,,COINGLASS_FEATURE_READY
UB,+058192-12,UB,0,0,0,,0,,false,,,,COINGLASS_FEATURE_READY
UB,+058195-08,UB,0,0,0,,0,,false,,,,COINGLASS_FEATURE_READY
UB,+058198-05,UB,0,0,0,,0,,false,,,,COINGLASS_FEATURE_READY
UB,+058201-02,UB,0,0,0,,0,,false,,,,COINGLASS_FEATURE_READY
UB,+058203-11,UB,0,0,0,,0,,false,,,,COINGLASS_FEATURE_READY
UB,+058206-08,UB,0,0,0,,0,,false,,,,COINGLASS_FEATURE_READY
UB,+058209-05,UB,0,0,0,,0,,false,,,,COINGLASS_FEATURE_READY
UB,+058212-02,UB,0,0,0,,0,,false,,,,COINGLASS_FEATURE_READY
UB,+058214-10,UB,0,0,0,,0,,false,,,,COINGLASS_FEATURE_READY
UB,+058217-07,UB,0,0,0,,0,,false,,,,COINGLASS_FEATURE_READY
UB,+058220-04,UB,0,0,0,,0,,false,,,,COINGLASS_FEATURE_READY
UB,+058223-01,UB,0,0,0,,0,,false,,,,COINGLASS_FEATURE_READY
UB,+058225-10,UB,0,0,0,,0,,false,,,,COINGLASS_FEATURE_READY
UB,+058228-07,UB,0,0,0,,0,,false,,,,COINGLASS_FEATURE_READY
UB,+058231-04,UB,0,0,0,,0,,false,,,,COINGLASS_FEATURE_READY
UB,+058233-12,UB,0,0,0,,0,,false,,,,COINGLASS_FEATURE_READY
UB,+058236-09,UB,0,0,0,,0,,false,,,,COINGLASS_FEATURE_READY
UB,+058239-06,UB,0,0,0,,0,,false,,,,COINGLASS_FEATURE_READY
UB,+058242-03,UB,0,0,0,,0,,false,,,,COINGLASS_FEATURE_READY
UB,+058244-12,UB,0,0,0,,0,,false,,,,COINGLASS_FEATURE_READY
UB,+058247-09,UB,0,0,0,,0,,false,,,,COINGLASS_FEATURE_READY
UB,+058250-06,UB,0,0,0,,0,,false,,,,COINGLASS_FEATURE_READY
UB,+058253-02,UB,0,0,0,,0,,false,,,,COINGLASS_FEATURE_READY
UB,+058255-11,UB,0,0,0,,0,,false,,,,COINGLASS_FEATURE_READY
UB,+058258-08,UB,0,0,0,,0,,false,,,,COINGLASS_FEATURE_READY
UB,+058261-05,UB,0,0,0,,0,,false,,,,COINGLASS_FEATURE_READY
UB,+058264-02,UB,0,0,0,,0,,false,,,,COINGLASS_FEATURE_READY
UB,+058266-11,UB,0,0,0,,0,,false,,,,COINGLASS_FEATURE_READY
UB,+058269-08,UB,0,0,0,,0,,false,,,,COINGLASS_FEATURE_READY
UB,+058272-04,UB,0,0,0,,0,,false,,,,COINGLASS_FEATURE_READY
UB,+058275-01,UB,0,0,0,,0,,false,,,,COINGLASS_FEATURE_READY
UB,+058277-10,UB,0,0,0,,0,,false,,,,COINGLASS_FEATURE_READY
UB,+058280-07,UB,0,0,0,,0,,false,,,,COINGLASS_FEATURE_READY
UB,+058283-04,UB,0,0,0,,0,,false,,,,COINGLASS_FEATURE_READY
UB,+058286-01,UB,0,0,0,,0,,false,,,,COINGLASS_FEATURE_READY
UB,+058288-09,UB,0,0,0,,0,,false,,,,COINGLASS_FEATURE_READY
UB,+058291-06,UB,0,0,0,,0,,false,,,,COINGLASS_FEATURE_READY
UB,+058294-03,UB,0,0,0,,0,,false,,,,COINGLASS_FEATURE_READY
UB,+058296-12,UB,0,0,0,,0,,false,,,,COINGLASS_FEATURE_READY
UB,+058299-09,UB,0,0,0,,0,,false,,,,COINGLASS_FEATURE_READY
UB,+058302-06,UB,0,0,0,,0,,false,,,,COINGLASS_FEATURE_READY
UB,+058305-03,UB,0,0,0,,0,,false,,,,COINGLASS_FEATURE_READY
UB,+058307-12,UB,0,0,0,,0,,false,,,,COINGLASS_FEATURE_READY
AI,+058064-03,AI,0,,,,0,,false,,,,COINGLASS_FEATURE_READY
AI,+058066-12,AI,0,0,,,0,,false,,,,COINGLASS_FEATURE_READY
AI,+058069-09,AI,0,0,,,0,,false,,,,COINGLASS_FEATURE_READY
AI,+058072-06,AI,0,0,,,0,,false,,,,COINGLASS_FEATURE_READY
AI,+058075-03,AI,0,0,,,0,,false,,,,COINGLASS_FEATURE_READY
AI,+058077-12,AI,0,0,,,0,,false,,,,COINGLASS_FEATURE_READY
AI,+058080-08,AI,0,0,,,0,,false,,,,COINGLASS_FEATURE_READY
AI,+058083-05,AI,0,0,0,,0,,false,,,,COINGLASS_FEATURE_READY
AI,+058086-02,AI,0,0,0,,0,,false,,,,COINGLASS_FEATURE_READY
AI,+058088-11,AI,0,0,0,,0,,false,,,,COINGLASS_FEATURE_READY
AI,+058091-08,AI,0,0,0,,0,,false,,,,COINGLASS_FEATURE_READY
AI,+058094-05,AI,0,0,0,,0,,false,,,,COINGLASS_FEATURE_READY
AI,+058097-02,AI,0,0,0,,0,,false,,,,COINGLASS_FEATURE_READY
AI,+058099-10,AI,0,0,0,,0,,false,,,,COINGLASS_FEATURE_READY
AI,+058102-07,AI,0,0,0,,0,,false,,,,COINGLASS_FEATURE_READY
AI,+058105-04,AI,0,0,0,,0,,false,,,,COINGLASS_FEATURE_READY
AI,+058108-01,AI,0,0,0,,0,,false,,,,COINGLASS_FEATURE_READY
AI,+058110-10,AI,0,0,0,,0,,false,,,,COINGLASS_FEATURE_READY
AI,+058113-07,AI,0,0,0,,0,,false,,,,COINGLASS_FEATURE_READY
AI,+058116-04,AI,0,0,0,,0,,false,,,,COINGLASS_FEATURE_READY
AI,+058118-12,AI,0,0,0,,0,,false,,,,COINGLASS_FEATURE_READY
AI,+058121-09,AI,0,0,0,,0,,false,,,,COINGLASS_FEATURE_READY
AI,+058124-06,AI,0,0,0,,0,,false,,,,COINGLASS_FEATURE_READY
AI,+058127-03,AI,0,0,0,,0,,false,,,,COINGLASS_FEATURE_READY
AI,+058129-12,AI,0,0,0,,0,,false,,,,COINGLASS_FEATURE_READY
AI,+058132-09,AI,0,0,0,,0,,false,,,,COINGLASS_FEATURE_READY
AI,+058135-06,AI,0,0,0,,0,,false,,,,COINGLASS_FEATURE_READY
AI,+058138-03,AI,0,0,0,,0,,false,,,,COINGLASS_FEATURE_READY
AI,+058140-11,AI,0,0,0,,0,,false,,,,COINGLASS_FEATURE_READY
AI,+058143-08,AI,0,0,0,,0,,false,,,,COINGLASS_FEATURE_READY
AI,+058146-05,AI,0,0,0,,0,,false,,,,COINGLASS_FEATURE_READY
AI,+058149-02,AI,0,0,0,,0,,false,,,,COINGLASS_FEATURE_READY
AI,+058151-11,AI,0,0,0,,0,,false,,,,COINGLASS_FEATURE_READY
AI,+058154-08,AI,0,0,0,,0,,false,,,,COINGLASS_FEATURE_READY
AI,+058157-04,AI,0,0,0,,0,,false,,,,COINGLASS_FEATURE_READY
AI,+058160-01,AI,0,0,0,,0,,false,,,,COINGLASS_FEATURE_READY
AI,+058162-10,AI,0,0,0,,0,,false,,,,COINGLASS_FEATURE_READY
AI,+058165-07,AI,0,0,0,,0,,false,,,,COINGLASS_FEATURE_READY
AI,+058168-04,AI,0,0,0,,0,,false,,,,COINGLASS_FEATURE_READY
AI,+058171-01,AI,0,0,0,,0,,false,,,,COINGLASS_FEATURE_READY
AI,+058173-10,AI,0,0,0,,0,,false,,,,COINGLASS_FEATURE_READY
AI,+058176-06,AI,0,0,0,,0,,false,,,,COINGLASS_FEATURE_READY
AI,+058179-03,AI,0,0,0,,0,,false,,,,COINGLASS_FEATURE_READY
AI,+058181-12,AI,0,0,0,,0,,false,,,,COINGLASS_FEATURE_READY
AI,+058184-09,AI,0,0,0,,0,,false,,,,COINGLASS_FEATURE_READY
AI,+058187-06,AI,0,0,0,,0,,false,,,,COINGLASS_FEATURE_READY
AI,+058190-03,AI,0,0,0,,0,,false,,,,COINGLASS_FEATURE_READY
AI,+058192-12,AI,0,0,0,,0,,false,,,,COINGLASS_FEATURE_READY
AI,+058195-08,AI,0,0,0,,0,,false,,,,COINGLASS_FEATURE_READY
AI,+058198-05,AI,0,0,0,,0,,false,,,,COINGLASS_FEATURE_READY
AI,+058201-02,AI,0,0,0,,0,,false,,,,COINGLASS_FEATURE_READY
AI,+058203-11,AI,0,0,0,,0,,false,,,,COINGLASS_FEATURE_READY
AI,+058206-08,AI,0,0,0,,0,,false,,,,COINGLASS_FEATURE_READY
AI,+058209-05,AI,0,0,0,,0,,false,,,,COINGLASS_FEATURE_READY
AI,+058212-02,AI,0,0,0,,0,,false,,,,COINGLASS_FEATURE_READY
AI,+058214-10,AI,0,0,0,,0,,false,,,,COINGLASS_FEATURE_READY
AI,+058217-07,AI,0,0,0,,0,,false,,,,COINGLASS_FEATURE_READY
AI,+058220-04,AI,0,0,0,,0,,false,,,,COINGLASS_FEATURE_READY
AI,+058223-01,AI,0,0,0,,0,,false,,,,COINGLASS_FEATURE_READY
AI,+058225-10,AI,0,0,0,,0,,false,,,,COINGLASS_FEATURE_READY
AI,+058228-07,AI,0,0,0,,0,,false,,,,COINGLASS_FEATURE_READY
AI,+058231-04,AI,0,0,0,,0,,false,,,,COINGLASS_FEATURE_READY
AI,+058233-12,AI,0,0,0,,0,,false,,,,COINGLASS_FEATURE_READY
AI,+058236-09,AI,0,0,0,,0,,false,,,,COINGLASS_FEATURE_READY
AI,+058239-06,AI,0,0,0,,0,,false,,,,COINGLASS_FEATURE_READY
AI,+058242-03,AI,0,0,0,,0,,false,,,,COINGLASS_FEATURE_READY
AI,+058244-12,AI,0,0,0,,0,,false,,,,COINGLASS_FEATURE_READY
AI,+058247-09,AI,0,0,0,,0,,false,,,,COINGLASS_FEATURE_READY
AI,+058250-06,AI,0,0,0,,0,,false,,,,COINGLASS_FEATURE_READY
AI,+058253-02,AI,0,0,0,,0,,false,,,,COINGLASS_FEATURE_READY
AI,+058255-11,AI,0,0,0,,0,,false,,,,COINGLASS_FEATURE_READY
AI,+058258-08,AI,0,0,0,,0,,false,,,,COINGLASS_FEATURE_READY
AI,+058261-05,AI,0,0,0,,0,,false,,,,COINGLASS_FEATURE_READY
AI,+058264-02,AI,0,0,0,,0,,false,,,,COINGLASS_FEATURE_READY
AI,+058266-11,AI,0,0,0,,0,,false,,,,COINGLASS_FEATURE_READY
AI,+058269-08,AI,0,0,0,,0,,false,,,,COINGLASS_FEATURE_READY
AI,+058272-04,AI,0,0,0,,0,,false,,,,COINGLASS_FEATURE_READY
AI,+058275-01,AI,0,0,0,,0,,false,,,,COINGLASS_FEATURE_READY
AI,+058277-10,AI,0,0,0,,0,,false,,,,COINGLASS_FEATURE_READY
AI,+058280-07,AI,0,0,0,,0,,false,,,,COINGLASS_FEATURE_READY
AI,+058283-04,AI,0,0,0,,0,,false,,,,COINGLASS_FEATURE_READY
AI,+058286-01,AI,0,0,0,,0,,false,,,,COINGLASS_FEATURE_READY
AI,+058288-09,AI,0,0,0,,0,,false,,,,COINGLASS_FEATURE_READY
AI,+058291-06,AI,0,0,0,,0,,false,,,,COINGLASS_FEATURE_READY
AI,+058294-03,AI,0,0,0,,0,,false,,,,COINGLASS_FEATURE_READY
AI,+058296-12,AI,0,0,0,,0,,false,,,,COINGLASS_FEATURE_READY
AI,+058299-09,AI,0,0,0,,0,,false,,,,COINGLASS_FEATURE_READY
AI,+058302-06,AI,0,0,0,,0,,false,,,,COINGLASS_FEATURE_READY
AI,+058305-03,AI,0,0,0,,0,,false,,,,COINGLASS_FEATURE_READY
AI,+058307-12,AI,0,0,0,,0,,false,,,,COINGLASS_FEATURE_READY
PEPE,+058064-03,PEPE,0,,,,0,,false,,,,COINGLASS_FEATURE_READY
PEPE,+058066-12,PEPE,0,0,,,0,,false,,,,COINGLASS_FEATURE_READY
PEPE,+058069-09,PEPE,0,0,,,0,,false,,,,COINGLASS_FEATURE_READY
PEPE,+058072-06,PEPE,0,0,,,0,,false,,,,COINGLASS_FEATURE_READY
PEPE,+058075-03,PEPE,0,0,,,0,,false,,,,COINGLASS_FEATURE_READY
PEPE,+058077-12,PEPE,0,0,,,0,,false,,,,COINGLASS_FEATURE_READY
PEPE,+058080-08,PEPE,0,0,,,0,,false,,,,COINGLASS_FEATURE_READY
PEPE,+058083-05,PEPE,0,0,0,,0,,false,,,,COINGLASS_FEATURE_READY
PEPE,+058086-02,PEPE,0,0,0,,0,,false,,,,COINGLASS_FEATURE_READY
PEPE,+058088-11,PEPE,0,0,0,,0,,false,,,,COINGLASS_FEATURE_READY
PEPE,+058091-08,PEPE,0,0,0,,0,,false,,,,COINGLASS_FEATURE_READY
PEPE,+058094-05,PEPE,0,0,0,,0,,false,,,,COINGLASS_FEATURE_READY
PEPE,+058097-02,PEPE,0,0,0,,0,,false,,,,COINGLASS_FEATURE_READY
PEPE,+058099-10,PEPE,0,0,0,,0,,false,,,,COINGLASS_FEATURE_READY
PEPE,+058102-07,PEPE,0,0,0,,0,,false,,,,COINGLASS_FEATURE_READY
PEPE,+058105-04,PEPE,0,0,0,,0,,false,,,,COINGLASS_FEATURE_READY
PEPE,+058108-01,PEPE,0,0,0,,0,,false,,,,COINGLASS_FEATURE_READY
PEPE,+058110-10,PEPE,0,0,0,,0,,false,,,,COINGLASS_FEATURE_READY
PEPE,+058113-07,PEPE,0,0,0,,0,,false,,,,COINGLASS_FEATURE_READY
PEPE,+058116-04,PEPE,0,0,0,,0,,false,,,,COINGLASS_FEATURE_READY
PEPE,+058118-12,PEPE,0,0,0,,0,,false,,,,COINGLASS_FEATURE_READY
PEPE,+058121-09,PEPE,0,0,0,,0,,false,,,,COINGLASS_FEATURE_READY
PEPE,+058124-06,PEPE,0,0,0,,0,,false,,,,COINGLASS_FEATURE_READY
PEPE,+058127-03,PEPE,0,0,0,,0,,false,,,,COINGLASS_FEATURE_READY
PEPE,+058129-12,PEPE,0,0,0,,0,,false,,,,COINGLASS_FEATURE_READY
PEPE,+058132-09,PEPE,0,0,0,,0,,false,,,,COINGLASS_FEATURE_READY
PEPE,+058135-06,PEPE,0,0,0,,0,,false,,,,COINGLASS_FEATURE_READY
PEPE,+058138-03,PEPE,0,0,0,,0,,false,,,,COINGLASS_FEATURE_READY
PEPE,+058140-11,PEPE,0,0,0,,0,,false,,,,COINGLASS_FEATURE_READY
PEPE,+058143-08,PEPE,0,0,0,,0,,false,,,,COINGLASS_FEATURE_READY
PEPE,+058146-05,PEPE,0,0,0,,0,,false,,,,COINGLASS_FEATURE_READY
PEPE,+058149-02,PEPE,0,0,0,,0,,false,,,,COINGLASS_FEATURE_READY
PEPE,+058151-11,PEPE,0,0,0,,0,,false,,,,COINGLASS_FEATURE_READY
PEPE,+058154-08,PEPE,0,0,0,,0,,false,,,,COINGLASS_FEATURE_READY
PEPE,+058157-04,PEPE,0,0,0,,0,,false,,,,COINGLASS_FEATURE_READY
PEPE,+058160-01,PEPE,0,0,0,,0,,false,,,,COINGLASS_FEATURE_READY
PEPE,+058162-10,PEPE,0,0,0,,0,,false,,,,COINGLASS_FEATURE_READY
PEPE,+058165-07,PEPE,0,0,0,,0,,false,,,,COINGLASS_FEATURE_READY
PEPE,+058168-04,PEPE,0,0,0,,0,,false,,,,COINGLASS_FEATURE_READY
PEPE,+058171-01,PEPE,0,0,0,,0,,false,,,,COINGLASS_FEATURE_READY
PEPE,+058173-10,PEPE,0,0,0,,0,,false,,,,COINGLASS_FEATURE_READY
PEPE,+058176-06,PEPE,0,0,0,,0,,false,,,,COINGLASS_FEATURE_READY
PEPE,+058179-03,PEPE,0,0,0,,0,,false,,,,COINGLASS_FEATURE_READY
PEPE,+058181-12,PEPE,0,0,0,,0,,false,,,,COINGLASS_FEATURE_READY
PEPE,+058184-09,PEPE,0,0,0,,0,,false,,,,COINGLASS_FEATURE_READY
PEPE,+058187-06,PEPE,0,0,0,,0,,false,,,,COINGLASS_FEATURE_READY
PEPE,+058190-03,PEPE,0,0,0,,0,,false,,,,COINGLASS_FEATURE_READY
PEPE,+058192-12,PEPE,0,0,0,,0,,false,,,,COINGLASS_FEATURE_READY
PEPE,+058195-08,PEPE,0,0,0,,0,,false,,,,COINGLASS_FEATURE_READY
PEPE,+058198-05,PEPE,0,0,0,,0,,false,,,,COINGLASS_FEATURE_READY
PEPE,+058201-02,PEPE,0,0,0,,0,,false,,,,COINGLASS_FEATURE_READY
PEPE,+058203-11,PEPE,0,0,0,,0,,false,,,,COINGLASS_FEATURE_READY
PEPE,+058206-08,PEPE,0,0,0,,0,,false,,,,COINGLASS_FEATURE_READY
PEPE,+058209-05,PEPE,0,0,0,,0,,false,,,,COINGLASS_FEATURE_READY
PEPE,+058212-02,PEPE,0,0,0,,0,,false,,,,COINGLASS_FEATURE_READY
PEPE,+058214-10,PEPE,0,0,0,,0,,false,,,,COINGLASS_FEATURE_READY
PEPE,+058217-07,PEPE,0,0,0,,0,,false,,,,COINGLASS_FEATURE_READY
PEPE,+058220-04,PEPE,0,0,0,,0,,false,,,,COINGLASS_FEATURE_READY
PEPE,+058223-01,PEPE,0,0,0,,0,,false,,,,COINGLASS_FEATURE_READY
PEPE,+058225-10,PEPE,0,0,0,,0,,false,,,,COINGLASS_FEATURE_READY
PEPE,+058228-07,PEPE,0,0,0,,0,,false,,,,COINGLASS_FEATURE_READY
PEPE,+058231-04,PEPE,0,0,0,,0,,false,,,,COINGLASS_FEATURE_READY
PEPE,+058233-12,PEPE,0,0,0,,0,,false,,,,COINGLASS_FEATURE_READY
PEPE,+058236-09,PEPE,0,0,0,,0,,false,,,,COINGLASS_FEATURE_READY
PEPE,+058239-06,PEPE,0,0,0,,0,,false,,,,COINGLASS_FEATURE_READY
PEPE,+058242-03,PEPE,0,0,0,,0,,false,,,,COINGLASS_FEATURE_READY
PEPE,+058244-12,PEPE,0,0,0,,0,,false,,,,COINGLASS_FEATURE_READY
PEPE,+058247-09,PEPE,0,0,0,,0,,false,,,,COINGLASS_FEATURE_READY
PEPE,+058250-06,PEPE,0,0,0,,0,,false,,,,COINGLASS_FEATURE_READY
PEPE,+058253-02,PEPE,0,0,0,,0,,false,,,,COINGLASS_FEATURE_READY
PEPE,+058255-11,PEPE,0,0,0,,0,,false,,,,COINGLASS_FEATURE_READY
PEPE,+058258-08,PEPE,0,0,0,,0,,false,,,,COINGLASS_FEATURE_READY
PEPE,+058261-05,PEPE,0,0,0,,0,,false,,,,COINGLASS_FEATURE_READY
PEPE,+058264-02,PEPE,0,0,0,,0,,false,,,,COINGLASS_FEATURE_READY
PEPE,+058266-11,PEPE,0,0,0,,0,,false,,,,COINGLASS_FEATURE_READY
PEPE,+058269-08,PEPE,0,0,0,,0,,false,,,,COINGLASS_FEATURE_READY
PEPE,+058272-04,PEPE,0,0,0,,0,,false,,,,COINGLASS_FEATURE_READY
PEPE,+058275-01,PEPE,0,0,0,,0,,false,,,,COINGLASS_FEATURE_READY
PEPE,+058277-10,PEPE,0,0,0,,0,,false,,,,COINGLASS_FEATURE_READY
PEPE,+058280-07,PEPE,0,0,0,,0,,false,,,,COINGLASS_FEATURE_READY
PEPE,+058283-04,PEPE,0,0,0,,0,,false,,,,COINGLASS_FEATURE_READY
PEPE,+058286-01,PEPE,0,0,0,,0,,false,,,,COINGLASS_FEATURE_READY
PEPE,+058288-09,PEPE,0,0,0,,0,,false,,,,COINGLASS_FEATURE_READY
PEPE,+058291-06,PEPE,0,0,0,,0,,false,,,,COINGLASS_FEATURE_READY
PEPE,+058294-03,PEPE,0,0,0,,0,,false,,,,COINGLASS_FEATURE_READY
PEPE,+058296-12,PEPE,0,0,0,,0,,false,,,,COINGLASS_FEATURE_READY
PEPE,+058299-09,PEPE,0,0,0,,0,,false,,,,COINGLASS_FEATURE_READY
PEPE,+058302-06,PEPE,0,0,0,,0,,false,,,,COINGLASS_FEATURE_READY
PEPE,+058305-03,PEPE,0,0,0,,0,,false,,,,COINGLASS_FEATURE_READY
PEPE,+058307-12,PEPE,0,0,0,,0,,false,,,,COINGLASS_FEATURE_READY
WIF,+058064-03,WIF,0,,,,0,,false,,,,COINGLASS_FEATURE_READY
WIF,+058066-12,WIF,0,0,,,0,,false,,,,COINGLASS_FEATURE_READY
WIF,+058069-09,WIF,0,0,,,0,,false,,,,COINGLASS_FEATURE_READY
WIF,+058072-06,WIF,0,0,,,0,,false,,,,COINGLASS_FEATURE_READY
WIF,+058075-03,WIF,0,0,,,0,,false,,,,COINGLASS_FEATURE_READY
WIF,+058077-12,WIF,0,0,,,0,,false,,,,COINGLASS_FEATURE_READY
WIF,+058080-08,WIF,0,0,,,0,,false,,,,COINGLASS_FEATURE_READY
WIF,+058083-05,WIF,0,0,0,,0,,false,,,,COINGLASS_FEATURE_READY
WIF,+058086-02,WIF,0,0,0,,0,,false,,,,COINGLASS_FEATURE_READY
WIF,+058088-11,WIF,0,0,0,,0,,false,,,,COINGLASS_FEATURE_READY
WIF,+058091-08,WIF,0,0,0,,0,,false,,,,COINGLASS_FEATURE_READY
WIF,+058094-05,WIF,0,0,0,,0,,false,,,,COINGLASS_FEATURE_READY
WIF,+058097-02,WIF,0,0,0,,0,,false,,,,COINGLASS_FEATURE_READY
WIF,+058099-10,WIF,0,0,0,,0,,false,,,,COINGLASS_FEATURE_READY
WIF,+058102-07,WIF,0,0,0,,0,,false,,,,COINGLASS_FEATURE_READY
WIF,+058105-04,WIF,0,0,0,,0,,false,,,,COINGLASS_FEATURE_READY
WIF,+058108-01,WIF,0,0,0,,0,,false,,,,COINGLASS_FEATURE_READY
WIF,+058110-10,WIF,0,0,0,,0,,false,,,,COINGLASS_FEATURE_READY
WIF,+058113-07,WIF,0,0,0,,0,,false,,,,COINGLASS_FEATURE_READY
WIF,+058116-04,WIF,0,0,0,,0,,false,,,,COINGLASS_FEATURE_READY
WIF,+058118-12,WIF,0,0,0,,0,,false,,,,COINGLASS_FEATURE_READY
WIF,+058121-09,WIF,0,0,0,,0,,false,,,,COINGLASS_FEATURE_READY
WIF,+058124-06,WIF,0,0,0,,0,,false,,,,COINGLASS_FEATURE_READY
WIF,+058127-03,WIF,0,0,0,,0,,false,,,,COINGLASS_FEATURE_READY
WIF,+058129-12,WIF,0,0,0,,0,,false,,,,COINGLASS_FEATURE_READY
WIF,+058132-09,WIF,0,0,0,,0,,false,,,,COINGLASS_FEATURE_READY
WIF,+058135-06,WIF,0,0,0,,0,,false,,,,COINGLASS_FEATURE_READY
WIF,+058138-03,WIF,0,0,0,,0,,false,,,,COINGLASS_FEATURE_READY
WIF,+058140-11,WIF,0,0,0,,0,,false,,,,COINGLASS_FEATURE_READY
WIF,+058143-08,WIF,0,0,0,,0,,false,,,,COINGLASS_FEATURE_READY
WIF,+058146-05,WIF,0,0,0,,0,,false,,,,COINGLASS_FEATURE_READY
WIF,+058149-02,WIF,0,0,0,,0,,false,,,,COINGLASS_FEATURE_READY
WIF,+058151-11,WIF,0,0,0,,0,,false,,,,COINGLASS_FEATURE_READY
WIF,+058154-08,WIF,0,0,0,,0,,false,,,,COINGLASS_FEATURE_READY
WIF,+058157-04,WIF,0,0,0,,0,,false,,,,COINGLASS_FEATURE_READY
WIF,+058160-01,WIF,0,0,0,,0,,false,,,,COINGLASS_FEATURE_READY
WIF,+058162-10,WIF,0,0,0,,0,,false,,,,COINGLASS_FEATURE_READY
WIF,+058165-07,WIF,0,0,0,,0,,false,,,,COINGLASS_FEATURE_READY
WIF,+058168-04,WIF,0,0,0,,0,,false,,,,COINGLASS_FEATURE_READY
WIF,+058171-01,WIF,0,0,0,,0,,false,,,,COINGLASS_FEATURE_READY
WIF,+058173-10,WIF,0,0,0,,0,,false,,,,COINGLASS_FEATURE_READY
WIF,+058176-06,WIF,0,0,0,,0,,false,,,,COINGLASS_FEATURE_READY
WIF,+058179-03,WIF,0,0,0,,0,,false,,,,COINGLASS_FEATURE_READY
WIF,+058181-12,WIF,0,0,0,,0,,false,,,,COINGLASS_FEATURE_READY
WIF,+058184-09,WIF,0,0,0,,0,,false,,,,COINGLASS_FEATURE_READY
WIF,+058187-06,WIF,0,0,0,,0,,false,,,,COINGLASS_FEATURE_READY
WIF,+058190-03,WIF,0,0,0,,0,,false,,,,COINGLASS_FEATURE_READY
WIF,+058192-12,WIF,0,0,0,,0,,false,,,,COINGLASS_FEATURE_READY
WIF,+058195-08,WIF,0,0,0,,0,,false,,,,COINGLASS_FEATURE_READY
WIF,+058198-05,WIF,0,0,0,,0,,false,,,,COINGLASS_FEATURE_READY
WIF,+058201-02,WIF,0,0,0,,0,,false,,,,COINGLASS_FEATURE_READY
WIF,+058203-11,WIF,0,0,0,,0,,false,,,,COINGLASS_FEATURE_READY
WIF,+058206-08,WIF,0,0,0,,0,,false,,,,COINGLASS_FEATURE_READY
WIF,+058209-05,WIF,0,0,0,,0,,false,,,,COINGLASS_FEATURE_READY
WIF,+058212-02,WIF,0,0,0,,0,,false,,,,COINGLASS_FEATURE_READY
WIF,+058214-10,WIF,0,0,0,,0,,false,,,,COINGLASS_FEATURE_READY
WIF,+058217-07,WIF,0,0,0,,0,,false,,,,COINGLASS_FEATURE_READY
WIF,+058220-04,WIF,0,0,0,,0,,false,,,,COINGLASS_FEATURE_READY
WIF,+058223-01,WIF,0,0,0,,0,,false,,,,COINGLASS_FEATURE_READY
WIF,+058225-10,WIF,0,0,0,,0,,false,,,,COINGLASS_FEATURE_READY
WIF,+058228-07,WIF,0,0,0,,0,,false,,,,COINGLASS_FEATURE_READY
WIF,+058231-04,WIF,0,0,0,,0,,false,,,,COINGLASS_FEATURE_READY
WIF,+058233-12,WIF,0,0,0,,0,,false,,,,COINGLASS_FEATURE_READY
WIF,+058236-09,WIF,0,0,0,,0,,false,,,,COINGLASS_FEATURE_READY
WIF,+058239-06,WIF,0,0,0,,0,,false,,,,COINGLASS_FEATURE_READY
WIF,+058242-03,WIF,0,0,0,,0,,false,,,,COINGLASS_FEATURE_READY
WIF,+058244-12,WIF,0,0,0,,0,,false,,,,COINGLASS_FEATURE_READY
WIF,+058247-09,WIF,0,0,0,,0,,false,,,,COINGLASS_FEATURE_READY
WIF,+058250-06,WIF,0,0,0,,0,,false,,,,COINGLASS_FEATURE_READY
WIF,+058253-02,WIF,0,0,0,,0,,false,,,,COINGLASS_FEATURE_READY
WIF,+058255-11,WIF,0,0,0,,0,,false,,,,COINGLASS_FEATURE_READY
WIF,+058258-08,WIF,0,0,0,,0,,false,,,,COINGLASS_FEATURE_READY
WIF,+058261-05,WIF,0,0,0,,0,,false,,,,COINGLASS_FEATURE_READY
WIF,+058264-02,WIF,0,0,0,,0,,false,,,,COINGLASS_FEATURE_READY
WIF,+058266-11,WIF,0,0,0,,0,,false,,,,COINGLASS_FEATURE_READY
WIF,+058269-08,WIF,0,0,0,,0,,false,,,,COINGLASS_FEATURE_READY
WIF,+058272-04,WIF,0,0,0,,0,,false,,,,COINGLASS_FEATURE_READY
WIF,+058275-01,WIF,0,0,0,,0,,false,,,,COINGLASS_FEATURE_READY
WIF,+058277-10,WIF,0,0,0,,0,,false,,,,COINGLASS_FEATURE_READY
WIF,+058280-07,WIF,0,0,0,,0,,false,,,,COINGLASS_FEATURE_READY
WIF,+058283-04,WIF,0,0,0,,0,,false,,,,COINGLASS_FEATURE_READY
WIF,+058286-01,WIF,0,0,0,,0,,false,,,,COINGLASS_FEATURE_READY
WIF,+058288-09,WIF,0,0,0,,0,,false,,,,COINGLASS_FEATURE_READY
WIF,+058291-06,WIF,0,0,0,,0,,false,,,,COINGLASS_FEATURE_READY
WIF,+058294-03,WIF,0,0,0,,0,,false,,,,COINGLASS_FEATURE_READY
WIF,+058296-12,WIF,0,0,0,,0,,false,,,,COINGLASS_FEATURE_READY
WIF,+058299-09,WIF,0,0,0,,0,,false,,,,COINGLASS_FEATURE_READY
WIF,+058302-06,WIF,0,0,0,,0,,false,,,,COINGLASS_FEATURE_READY
WIF,+058305-03,WIF,0,0,0,,0,,false,,,,COINGLASS_FEATURE_READY
WIF,+058307-12,WIF,0,0,0,,0,,false,,,,COINGLASS_FEATURE_READY
BONK,+058064-03,BONK,0,,,,0,,false,,,,COINGLASS_FEATURE_READY
BONK,+058066-12,BONK,0,0,,,0,,false,,,,COINGLASS_FEATURE_READY
BONK,+058069-09,BONK,0,0,,,0,,false,,,,COINGLASS_FEATURE_READY
BONK,+058072-06,BONK,0,0,,,0,,false,,,,COINGLASS_FEATURE_READY
BONK,+058075-03,BONK,0,0,,,0,,false,,,,COINGLASS_FEATURE_READY
BONK,+058077-12,BONK,0,0,,,0,,false,,,,COINGLASS_FEATURE_READY
BONK,+058080-08,BONK,0,0,,,0,,false,,,,COINGLASS_FEATURE_READY
BONK,+058083-05,BONK,0,0,0,,0,,false,,,,COINGLASS_FEATURE_READY
BONK,+058086-02,BONK,0,0,0,,0,,false,,,,COINGLASS_FEATURE_READY
BONK,+058088-11,BONK,0,0,0,,0,,false,,,,COINGLASS_FEATURE_READY
BONK,+058091-08,BONK,0,0,0,,0,,false,,,,COINGLASS_FEATURE_READY
BONK,+058094-05,BONK,0,0,0,,0,,false,,,,COINGLASS_FEATURE_READY
BONK,+058097-02,BONK,0,0,0,,0,,false,,,,COINGLASS_FEATURE_READY
BONK,+058099-10,BONK,0,0,0,,0,,false,,,,COINGLASS_FEATURE_READY
BONK,+058102-07,BONK,0,0,0,,0,,false,,,,COINGLASS_FEATURE_READY
BONK,+058105-04,BONK,0,0,0,,0,,false,,,,COINGLASS_FEATURE_READY
BONK,+058108-01,BONK,0,0,0,,0,,false,,,,COINGLASS_FEATURE_READY
BONK,+058110-10,BONK,0,0,0,,0,,false,,,,COINGLASS_FEATURE_READY
BONK,+058113-07,BONK,0,0,0,,0,,false,,,,COINGLASS_FEATURE_READY
BONK,+058116-04,BONK,0,0,0,,0,,false,,,,COINGLASS_FEATURE_READY
BONK,+058118-12,BONK,0,0,0,,0,,false,,,,COINGLASS_FEATURE_READY
BONK,+058121-09,BONK,0,0,0,,0,,false,,,,COINGLASS_FEATURE_READY
BONK,+058124-06,BONK,0,0,0,,0,,false,,,,COINGLASS_FEATURE_READY
BONK,+058127-03,BONK,0,0,0,,0,,false,,,,COINGLASS_FEATURE_READY
BONK,+058129-12,BONK,0,0,0,,0,,false,,,,COINGLASS_FEATURE_READY
BONK,+058132-09,BONK,0,0,0,,0,,false,,,,COINGLASS_FEATURE_READY
BONK,+058135-06,BONK,0,0,0,,0,,false,,,,COINGLASS_FEATURE_READY
BONK,+058138-03,BONK,0,0,0,,0,,false,,,,COINGLASS_FEATURE_READY
BONK,+058140-11,BONK,0,0,0,,0,,false,,,,COINGLASS_FEATURE_READY
BONK,+058143-08,BONK,0,0,0,,0,,false,,,,COINGLASS_FEATURE_READY
BONK,+058146-05,BONK,0,0,0,,0,,false,,,,COINGLASS_FEATURE_READY
BONK,+058149-02,BONK,0,0,0,,0,,false,,,,COINGLASS_FEATURE_READY
BONK,+058151-11,BONK,0,0,0,,0,,false,,,,COINGLASS_FEATURE_READY
BONK,+058154-08,BONK,0,0,0,,0,,false,,,,COINGLASS_FEATURE_READY
BONK,+058157-04,BONK,0,0,0,,0,,false,,,,COINGLASS_FEATURE_READY
BONK,+058160-01,BONK,0,0,0,,0,,false,,,,COINGLASS_FEATURE_READY
BONK,+058162-10,BONK,0,0,0,,0,,false,,,,COINGLASS_FEATURE_READY
BONK,+058165-07,BONK,0,0,0,,0,,false,,,,COINGLASS_FEATURE_READY
BONK,+058168-04,BONK,0,0,0,,0,,false,,,,COINGLASS_FEATURE_READY
BONK,+058171-01,BONK,0,0,0,,0,,false,,,,COINGLASS_FEATURE_READY
BONK,+058173-10,BONK,0,0,0,,0,,false,,,,COINGLASS_FEATURE_READY
BONK,+058176-06,BONK,0,0,0,,0,,false,,,,COINGLASS_FEATURE_READY
BONK,+058179-03,BONK,0,0,0,,0,,false,,,,COINGLASS_FEATURE_READY
BONK,+058181-12,BONK,0,0,0,,0,,false,,,,COINGLASS_FEATURE_READY
BONK,+058184-09,BONK,0,0,0,,0,,false,,,,COINGLASS_FEATURE_READY
BONK,+058187-06,BONK,0,0,0,,0,,false,,,,COINGLASS_FEATURE_READY
BONK,+058190-03,BONK,0,0,0,,0,,false,,,,COINGLASS_FEATURE_READY
BONK,+058192-12,BONK,0,0,0,,0,,false,,,,COINGLASS_FEATURE_READY
BONK,+058195-08,BONK,0,0,0,,0,,false,,,,COINGLASS_FEATURE_READY
BONK,+058198-05,BONK,0,0,0,,0,,false,,,,COINGLASS_FEATURE_READY
BONK,+058201-02,BONK,0,0,0,,0,,false,,,,COINGLASS_FEATURE_READY
BONK,+058203-11,BONK,0,0,0,,0,,false,,,,COINGLASS_FEATURE_READY
BONK,+058206-08,BONK,0,0,0,,0,,false,,,,COINGLASS_FEATURE_READY
BONK,+058209-05,BONK,0,0,0,,0,,false,,,,COINGLASS_FEATURE_READY
BONK,+058212-02,BONK,0,0,0,,0,,false,,,,COINGLASS_FEATURE_READY
BONK,+058214-10,BONK,0,0,0,,0,,false,,,,COINGLASS_FEATURE_READY
BONK,+058217-07,BONK,0,0,0,,0,,false,,,,COINGLASS_FEATURE_READY
BONK,+058220-04,BONK,0,0,0,,0,,false,,,,COINGLASS_FEATURE_READY
BONK,+058223-01,BONK,0,0,0,,0,,false,,,,COINGLASS_FEATURE_READY
BONK,+058225-10,BONK,0,0,0,,0,,false,,,,COINGLASS_FEATURE_READY
BONK,+058228-07,BONK,0,0,0,,0,,false,,,,COINGLASS_FEATURE_READY
BONK,+058231-04,BONK,0,0,0,,0,,false,,,,COINGLASS_FEATURE_READY
BONK,+058233-12,BONK,0,0,0,,0,,false,,,,COINGLASS_FEATURE_READY
BONK,+058236-09,BONK,0,0,0,,0,,false,,,,COINGLASS_FEATURE_READY
BONK,+058239-06,BONK,0,0,0,,0,,false,,,,COINGLASS_FEATURE_READY
BONK,+058242-03,BONK,0,0,0,,0,,false,,,,COINGLASS_FEATURE_READY
BONK,+058244-12,BONK,0,0,0,,0,,false,,,,COINGLASS_FEATURE_READY
BONK,+058247-09,BONK,0,0,0,,0,,false,,,,COINGLASS_FEATURE_READY
BONK,+058250-06,BONK,0,0,0,,0,,false,,,,COINGLASS_FEATURE_READY
BONK,+058253-02,BONK,0,0,0,,0,,false,,,,COINGLASS_FEATURE_READY
BONK,+058255-11,BONK,0,0,0,,0,,false,,,,COINGLASS_FEATURE_READY
BONK,+058258-08,BONK,0,0,0,,0,,false,,,,COINGLASS_FEATURE_READY
BONK,+058261-05,BONK,0,0,0,,0,,false,,,,COINGLASS_FEATURE_READY
BONK,+058264-02,BONK,0,0,0,,0,,false,,,,COINGLASS_FEATURE_READY
BONK,+058266-11,BONK,0,0,0,,0,,false,,,,COINGLASS_FEATURE_READY
BONK,+058269-08,BONK,0,0,0,,0,,false,,,,COINGLASS_FEATURE_READY
BONK,+058272-04,BONK,0,0,0,,0,,false,,,,COINGLASS_FEATURE_READY
BONK,+058275-01,BONK,0,0,0,,0,,false,,,,COINGLASS_FEATURE_READY
BONK,+058277-10,BONK,0,0,0,,0,,false,,,,COINGLASS_FEATURE_READY
BONK,+058280-07,BONK,0,0,0,,0,,false,,,,COINGLASS_FEATURE_READY
BONK,+058283-04,BONK,0,0,0,,0,,false,,,,COINGLASS_FEATURE_READY
BONK,+058286-01,BONK,0,0,0,,0,,false,,,,COINGLASS_FEATURE_READY
BONK,+058288-09,BONK,0,0,0,,0,,false,,,,COINGLASS_FEATURE_READY
BONK,+058291-06,BONK,0,0,0,,0,,false,,,,COINGLASS_FEATURE_READY
BONK,+058294-03,BONK,0,0,0,,0,,false,,,,COINGLASS_FEATURE_READY
BONK,+058296-12,BONK,0,0,0,,0,,false,,,,COINGLASS_FEATURE_READY
BONK,+058299-09,BONK,0,0,0,,0,,false,,,,COINGLASS_FEATURE_READY
BONK,+058302-06,BONK,0,0,0,,0,,false,,,,COINGLASS_FEATURE_READY
BONK,+058305-03,BONK,0,0,0,,0,,false,,,,COINGLASS_FEATURE_READY
BONK,+058307-12,BONK,0,0,0,,0,,false,,,,COINGLASS_FEATURE_READY
FLOKI,+058064-03,FLOKI,0,,,,0,,false,,,,COINGLASS_FEATURE_READY
FLOKI,+058066-12,FLOKI,0,0,,,0,,false,,,,COINGLASS_FEATURE_READY
FLOKI,+058069-09,FLOKI,0,0,,,0,,false,,,,COINGLASS_FEATURE_READY
FLOKI,+058072-06,FLOKI,0,0,,,0,,false,,,,COINGLASS_FEATURE_READY
FLOKI,+058075-03,FLOKI,0,0,,,0,,false,,,,COINGLASS_FEATURE_READY
FLOKI,+058077-12,FLOKI,0,0,,,0,,false,,,,COINGLASS_FEATURE_READY
FLOKI,+058080-08,FLOKI,0,0,,,0,,false,,,,COINGLASS_FEATURE_READY
FLOKI,+058083-05,FLOKI,0,0,0,,0,,false,,,,COINGLASS_FEATURE_READY
FLOKI,+058086-02,FLOKI,0,0,0,,0,,false,,,,COINGLASS_FEATURE_READY
FLOKI,+058088-11,FLOKI,0,0,0,,0,,false,,,,COINGLASS_FEATURE_READY
FLOKI,+058091-08,FLOKI,0,0,0,,0,,false,,,,COINGLASS_FEATURE_READY
FLOKI,+058094-05,FLOKI,0,0,0,,0,,false,,,,COINGLASS_FEATURE_READY
FLOKI,+058097-02,FLOKI,0,0,0,,0,,false,,,,COINGLASS_FEATURE_READY
FLOKI,+058099-10,FLOKI,0,0,0,,0,,false,,,,COINGLASS_FEATURE_READY
FLOKI,+058102-07,FLOKI,0,0,0,,0,,false,,,,COINGLASS_FEATURE_READY
FLOKI,+058105-04,FLOKI,0,0,0,,0,,false,,,,COINGLASS_FEATURE_READY
FLOKI,+058108-01,FLOKI,0,0,0,,0,,false,,,,COINGLASS_FEATURE_READY
FLOKI,+058110-10,FLOKI,0,0,0,,0,,false,,,,COINGLASS_FEATURE_READY
FLOKI,+058113-07,FLOKI,0,0,0,,0,,false,,,,COINGLASS_FEATURE_READY
FLOKI,+058116-04,FLOKI,0,0,0,,0,,false,,,,COINGLASS_FEATURE_READY
FLOKI,+058118-12,FLOKI,0,0,0,,0,,false,,,,COINGLASS_FEATURE_READY
FLOKI,+058121-09,FLOKI,0,0,0,,0,,false,,,,COINGLASS_FEATURE_READY
FLOKI,+058124-06,FLOKI,0,0,0,,0,,false,,,,COINGLASS_FEATURE_READY
FLOKI,+058127-03,FLOKI,0,0,0,,0,,false,,,,COINGLASS_FEATURE_READY
FLOKI,+058129-12,FLOKI,0,0,0,,0,,false,,,,COINGLASS_FEATURE_READY
FLOKI,+058132-09,FLOKI,0,0,0,,0,,false,,,,COINGLASS_FEATURE_READY
FLOKI,+058135-06,FLOKI,0,0,0,,0,,false,,,,COINGLASS_FEATURE_READY
FLOKI,+058138-03,FLOKI,0,0,0,,0,,false,,,,COINGLASS_FEATURE_READY
FLOKI,+058140-11,FLOKI,0,0,0,,0,,false,,,,COINGLASS_FEATURE_READY
FLOKI,+058143-08,FLOKI,0,0,0,,0,,false,,,,COINGLASS_FEATURE_READY
FLOKI,+058146-05,FLOKI,0,0,0,,0,,false,,,,COINGLASS_FEATURE_READY
FLOKI,+058149-02,FLOKI,0,0,0,,0,,false,,,,COINGLASS_FEATURE_READY
FLOKI,+058151-11,FLOKI,0,0,0,,0,,false,,,,COINGLASS_FEATURE_READY
FLOKI,+058154-08,FLOKI,0,0,0,,0,,false,,,,COINGLASS_FEATURE_READY
FLOKI,+058157-04,FLOKI,0,0,0,,0,,false,,,,COINGLASS_FEATURE_READY
FLOKI,+058160-01,FLOKI,0,0,0,,0,,false,,,,COINGLASS_FEATURE_READY
FLOKI,+058162-10,FLOKI,0,0,0,,0,,false,,,,COINGLASS_FEATURE_READY
FLOKI,+058165-07,FLOKI,0,0,0,,0,,false,,,,COINGLASS_FEATURE_READY
FLOKI,+058168-04,FLOKI,0,0,0,,0,,false,,,,COINGLASS_FEATURE_READY
FLOKI,+058171-01,FLOKI,0,0,0,,0,,false,,,,COINGLASS_FEATURE_READY
FLOKI,+058173-10,FLOKI,0,0,0,,0,,false,,,,COINGLASS_FEATURE_READY
FLOKI,+058176-06,FLOKI,0,0,0,,0,,false,,,,COINGLASS_FEATURE_READY
FLOKI,+058179-03,FLOKI,0,0,0,,0,,false,,,,COINGLASS_FEATURE_READY
FLOKI,+058181-12,FLOKI,0,0,0,,0,,false,,,,COINGLASS_FEATURE_READY
FLOKI,+058184-09,FLOKI,0,0,0,,0,,false,,,,COINGLASS_FEATURE_READY
FLOKI,+058187-06,FLOKI,0,0,0,,0,,false,,,,COINGLASS_FEATURE_READY
FLOKI,+058190-03,FLOKI,0,0,0,,0,,false,,,,COINGLASS_FEATURE_READY
FLOKI,+058192-12,FLOKI,0,0,0,,0,,false,,,,COINGLASS_FEATURE_READY
FLOKI,+058195-08,FLOKI,0,0,0,,0,,false,,,,COINGLASS_FEATURE_READY
FLOKI,+058198-05,FLOKI,0,0,0,,0,,false,,,,COINGLASS_FEATURE_READY
FLOKI,+058201-02,FLOKI,0,0,0,,0,,false,,,,COINGLASS_FEATURE_READY
FLOKI,+058203-11,FLOKI,0,0,0,,0,,false,,,,COINGLASS_FEATURE_READY
FLOKI,+058206-08,FLOKI,0,0,0,,0,,false,,,,COINGLASS_FEATURE_READY
FLOKI,+058209-05,FLOKI,0,0,0,,0,,false,,,,COINGLASS_FEATURE_READY
FLOKI,+058212-02,FLOKI,0,0,0,,0,,false,,,,COINGLASS_FEATURE_READY
FLOKI,+058214-10,FLOKI,0,0,0,,0,,false,,,,COINGLASS_FEATURE_READY
FLOKI,+058217-07,FLOKI,0,0,0,,0,,false,,,,COINGLASS_FEATURE_READY
FLOKI,+058220-04,FLOKI,0,0,0,,0,,false,,,,COINGLASS_FEATURE_READY
FLOKI,+058223-01,FLOKI,0,0,0,,0,,false,,,,COINGLASS_FEATURE_READY
FLOKI,+058225-10,FLOKI,0,0,0,,0,,false,,,,COINGLASS_FEATURE_READY
FLOKI,+058228-07,FLOKI,0,0,0,,0,,false,,,,COINGLASS_FEATURE_READY
FLOKI,+058231-04,FLOKI,0,0,0,,0,,false,,,,COINGLASS_FEATURE_READY
FLOKI,+058233-12,FLOKI,0,0,0,,0,,false,,,,COINGLASS_FEATURE_READY
FLOKI,+058236-09,FLOKI,0,0,0,,0,,false,,,,COINGLASS_FEATURE_READY
FLOKI,+058239-06,FLOKI,0,0,0,,0,,false,,,,COINGLASS_FEATURE_READY
FLOKI,+058242-03,FLOKI,0,0,0,,0,,false,,,,COINGLASS_FEATURE_READY
FLOKI,+058244-12,FLOKI,0,0,0,,0,,false,,,,COINGLASS_FEATURE_READY
FLOKI,+058247-09,FLOKI,0,0,0,,0,,false,,,,COINGLASS_FEATURE_READY
FLOKI,+058250-06,FLOKI,0,0,0,,0,,false,,,,COINGLASS_FEATURE_READY
FLOKI,+058253-02,FLOKI,0,0,0,,0,,false,,,,COINGLASS_FEATURE_READY
FLOKI,+058255-11,FLOKI,0,0,0,,0,,false,,,,COINGLASS_FEATURE_READY
FLOKI,+058258-08,FLOKI,0,0,0,,0,,false,,,,COINGLASS_FEATURE_READY
FLOKI,+058261-05,FLOKI,0,0,0,,0,,false,,,,COINGLASS_FEATURE_READY
FLOKI,+058264-02,FLOKI,0,0,0,,0,,false,,,,COINGLASS_FEATURE_READY
FLOKI,+058266-11,FLOKI,0,0,0,,0,,false,,,,COINGLASS_FEATURE_READY
FLOKI,+058269-08,FLOKI,0,0,0,,0,,false,,,,COINGLASS_FEATURE_READY
FLOKI,+058272-04,FLOKI,0,0,0,,0,,false,,,,COINGLASS_FEATURE_READY
FLOKI,+058275-01,FLOKI,0,0,0,,0,,false,,,,COINGLASS_FEATURE_READY
FLOKI,+058277-10,FLOKI,0,0,0,,0,,false,,,,COINGLASS_FEATURE_READY
FLOKI,+058280-07,FLOKI,0,0,0,,0,,false,,,,COINGLASS_FEATURE_READY
FLOKI,+058283-04,FLOKI,0,0,0,,0,,false,,,,COINGLASS_FEATURE_READY
FLOKI,+058286-01,FLOKI,0,0,0,,0,,false,,,,COINGLASS_FEATURE_READY
FLOKI,+058288-09,FLOKI,0,0,0,,0,,false,,,,COINGLASS_FEATURE_READY
FLOKI,+058291-06,FLOKI,0,0,0,,0,,false,,,,COINGLASS_FEATURE_READY
FLOKI,+058294-03,FLOKI,0,0,0,,0,,false,,,,COINGLASS_FEATURE_READY
FLOKI,+058296-12,FLOKI,0,0,0,,0,,false,,,,COINGLASS_FEATURE_READY
FLOKI,+058299-09,FLOKI,0,0,0,,0,,false,,,,COINGLASS_FEATURE_READY
FLOKI,+058302-06,FLOKI,0,0,0,,0,,false,,,,COINGLASS_FEATURE_READY
FLOKI,+058305-03,FLOKI,0,0,0,,0,,false,,,,COINGLASS_FEATURE_READY
FLOKI,+058307-12,FLOKI,0,0,0,,0,,false,,,,COINGLASS_FEATURE_READY
PENDLE,+058064-03,PENDLE,0,,,,0,,false,,,,COINGLASS_FEATURE_READY
PENDLE,+058066-12,PENDLE,0,0,,,0,,false,,,,COINGLASS_FEATURE_READY
PENDLE,+058069-09,PENDLE,0,0,,,0,,false,,,,COINGLASS_FEATURE_READY
PENDLE,+058072-06,PENDLE,0,0,,,0,,false,,,,COINGLASS_FEATURE_READY
PENDLE,+058075-03,PENDLE,0,0,,,0,,false,,,,COINGLASS_FEATURE_READY
PENDLE,+058077-12,PENDLE,0,0,,,0,,false,,,,COINGLASS_FEATURE_READY
PENDLE,+058080-08,PENDLE,0,0,,,0,,false,,,,COINGLASS_FEATURE_READY
PENDLE,+058083-05,PENDLE,0,0,0,,0,,false,,,,COINGLASS_FEATURE_READY
PENDLE,+058086-02,PENDLE,0,0,0,,0,,false,,,,COINGLASS_FEATURE_READY
PENDLE,+058088-11,PENDLE,0,0,0,,0,,false,,,,COINGLASS_FEATURE_READY
PENDLE,+058091-08,PENDLE,0,0,0,,0,,false,,,,COINGLASS_FEATURE_READY
PENDLE,+058094-05,PENDLE,0,0,0,,0,,false,,,,COINGLASS_FEATURE_READY
PENDLE,+058097-02,PENDLE,0,0,0,,0,,false,,,,COINGLASS_FEATURE_READY
PENDLE,+058099-10,PENDLE,0,0,0,,0,,false,,,,COINGLASS_FEATURE_READY
PENDLE,+058102-07,PENDLE,0,0,0,,0,,false,,,,COINGLASS_FEATURE_READY
PENDLE,+058105-04,PENDLE,0,0,0,,0,,false,,,,COINGLASS_FEATURE_READY
PENDLE,+058108-01,PENDLE,0,0,0,,0,,false,,,,COINGLASS_FEATURE_READY
PENDLE,+058110-10,PENDLE,0,0,0,,0,,false,,,,COINGLASS_FEATURE_READY
PENDLE,+058113-07,PENDLE,0,0,0,,0,,false,,,,COINGLASS_FEATURE_READY
PENDLE,+058116-04,PENDLE,0,0,0,,0,,false,,,,COINGLASS_FEATURE_READY
PENDLE,+058118-12,PENDLE,0,0,0,,0,,false,,,,COINGLASS_FEATURE_READY
PENDLE,+058121-09,PENDLE,0,0,0,,0,,false,,,,COINGLASS_FEATURE_READY
PENDLE,+058124-06,PENDLE,0,0,0,,0,,false,,,,COINGLASS_FEATURE_READY
PENDLE,+058127-03,PENDLE,0,0,0,,0,,false,,,,COINGLASS_FEATURE_READY
PENDLE,+058129-12,PENDLE,0,0,0,,0,,false,,,,COINGLASS_FEATURE_READY
PENDLE,+058132-09,PENDLE,0,0,0,,0,,false,,,,COINGLASS_FEATURE_READY
PENDLE,+058135-06,PENDLE,0,0,0,,0,,false,,,,COINGLASS_FEATURE_READY
PENDLE,+058138-03,PENDLE,0,0,0,,0,,false,,,,COINGLASS_FEATURE_READY
PENDLE,+058140-11,PENDLE,0,0,0,,0,,false,,,,COINGLASS_FEATURE_READY
PENDLE,+058143-08,PENDLE,0,0,0,,0,,false,,,,COINGLASS_FEATURE_READY
PENDLE,+058146-05,PENDLE,0,0,0,,0,,false,,,,COINGLASS_FEATURE_READY
PENDLE,+058149-02,PENDLE,0,0,0,,0,,false,,,,COINGLASS_FEATURE_READY
PENDLE,+058151-11,PENDLE,0,0,0,,0,,false,,,,COINGLASS_FEATURE_READY
PENDLE,+058154-08,PENDLE,0,0,0,,0,,false,,,,COINGLASS_FEATURE_READY
PENDLE,+058157-04,PENDLE,0,0,0,,0,,false,,,,COINGLASS_FEATURE_READY
PENDLE,+058160-01,PENDLE,0,0,0,,0,,false,,,,COINGLASS_FEATURE_READY
PENDLE,+058162-10,PENDLE,0,0,0,,0,,false,,,,COINGLASS_FEATURE_READY
PENDLE,+058165-07,PENDLE,0,0,0,,0,,false,,,,COINGLASS_FEATURE_READY
PENDLE,+058168-04,PENDLE,0,0,0,,0,,false,,,,COINGLASS_FEATURE_READY
PENDLE,+058171-01,PENDLE,0,0,0,,0,,false,,,,COINGLASS_FEATURE_READY
PENDLE,+058173-10,PENDLE,0,0,0,,0,,false,,,,COINGLASS_FEATURE_READY
PENDLE,+058176-06,PENDLE,0,0,0,,0,,false,,,,COINGLASS_FEATURE_READY
PENDLE,+058179-03,PENDLE,0,0,0,,0,,false,,,,COINGLASS_FEATURE_READY
PENDLE,+058181-12,PENDLE,0,0,0,,0,,false,,,,COINGLASS_FEATURE_READY
PENDLE,+058184-09,PENDLE,0,0,0,,0,,false,,,,COINGLASS_FEATURE_READY
PENDLE,+058187-06,PENDLE,0,0,0,,0,,false,,,,COINGLASS_FEATURE_READY
PENDLE,+058190-03,PENDLE,0,0,0,,0,,false,,,,COINGLASS_FEATURE_READY
PENDLE,+058192-12,PENDLE,0,0,0,,0,,false,,,,COINGLASS_FEATURE_READY
PENDLE,+058195-08,PENDLE,0,0,0,,0,,false,,,,COINGLASS_FEATURE_READY
PENDLE,+058198-05,PENDLE,0,0,0,,0,,false,,,,COINGLASS_FEATURE_READY
PENDLE,+058201-02,PENDLE,0,0,0,,0,,false,,,,COINGLASS_FEATURE_READY
PENDLE,+058203-11,PENDLE,0,0,0,,0,,false,,,,COINGLASS_FEATURE_READY
PENDLE,+058206-08,PENDLE,0,0,0,,0,,false,,,,COINGLASS_FEATURE_READY
PENDLE,+058209-05,PENDLE,0,0,0,,0,,false,,,,COINGLASS_FEATURE_READY
PENDLE,+058212-02,PENDLE,0,0,0,,0,,false,,,,COINGLASS_FEATURE_READY
PENDLE,+058214-10,PENDLE,0,0,0,,0,,false,,,,COINGLASS_FEATURE_READY
PENDLE,+058217-07,PENDLE,0,0,0,,0,,false,,,,COINGLASS_FEATURE_READY
PENDLE,+058220-04,PENDLE,0,0,0,,0,,false,,,,COINGLASS_FEATURE_READY
PENDLE,+058223-01,PENDLE,0,0,0,,0,,false,,,,COINGLASS_FEATURE_READY
PENDLE,+058225-10,PENDLE,0,0,0,,0,,false,,,,COINGLASS_FEATURE_READY
PENDLE,+058228-07,PENDLE,0,0,0,,0,,false,,,,COINGLASS_FEATURE_READY
PENDLE,+058231-04,PENDLE,0,0,0,,0,,false,,,,COINGLASS_FEATURE_READY
PENDLE,+058233-12,PENDLE,0,0,0,,0,,false,,,,COINGLASS_FEATURE_READY
PENDLE,+058236-09,PENDLE,0,0,0,,0,,false,,,,COINGLASS_FEATURE_READY
PENDLE,+058239-06,PENDLE,0,0,0,,0,,false,,,,COINGLASS_FEATURE_READY
PENDLE,+058242-03,PENDLE,0,0,0,,0,,false,,,,COINGLASS_FEATURE_READY
PENDLE,+058244-12,PENDLE,0,0,0,,0,,false,,,,COINGLASS_FEATURE_READY
PENDLE,+058247-09,PENDLE,0,0,0,,0,,false,,,,COINGLASS_FEATURE_READY
PENDLE,+058250-06,PENDLE,0,0,0,,0,,false,,,,COINGLASS_FEATURE_READY
PENDLE,+058253-02,PENDLE,0,0,0,,0,,false,,,,COINGLASS_FEATURE_READY
PENDLE,+058255-11,PENDLE,0,0,0,,0,,false,,,,COINGLASS_FEATURE_READY
PENDLE,+058258-08,PENDLE,0,0,0,,0,,false,,,,COINGLASS_FEATURE_READY
PENDLE,+058261-05,PENDLE,0,0,0,,0,,false,,,,COINGLASS_FEATURE_READY
PENDLE,+058264-02,PENDLE,0,0,0,,0,,false,,,,COINGLASS_FEATURE_READY
PENDLE,+058266-11,PENDLE,0,0,0,,0,,false,,,,COINGLASS_FEATURE_READY
PENDLE,+058269-08,PENDLE,0,0,0,,0,,false,,,,COINGLASS_FEATURE_READY
PENDLE,+058272-04,PENDLE,0,0,0,,0,,false,,,,COINGLASS_FEATURE_READY
PENDLE,+058275-01,PENDLE,0,0,0,,0,,false,,,,COINGLASS_FEATURE_READY
PENDLE,+058277-10,PENDLE,0,0,0,,0,,false,,,,COINGLASS_FEATURE_READY
PENDLE,+058280-07,PENDLE,0,0,0,,0,,false,,,,COINGLASS_FEATURE_READY
PENDLE,+058283-04,PENDLE,0,0,0,,0,,false,,,,COINGLASS_FEATURE_READY
PENDLE,+058286-01,PENDLE,0,0,0,,0,,false,,,,COINGLASS_FEATURE_READY
PENDLE,+058288-09,PENDLE,0,0,0,,0,,false,,,,COINGLASS_FEATURE_READY
PENDLE,+058291-06,PENDLE,0,0,0,,0,,false,,,,COINGLASS_FEATURE_READY
PENDLE,+058294-03,PENDLE,0,0,0,,0,,false,,,,COINGLASS_FEATURE_READY
PENDLE,+058296-12,PENDLE,0,0,0,,0,,false,,,,COINGLASS_FEATURE_READY
PENDLE,+058299-09,PENDLE,0,0,0,,0,,false,,,,COINGLASS_FEATURE_READY
PENDLE,+058302-06,PENDLE,0,0,0,,0,,false,,,,COINGLASS_FEATURE_READY
PENDLE,+058305-03,PENDLE,0,0,0,,0,,false,,,,COINGLASS_FEATURE_READY
PENDLE,+058307-12,PENDLE,0,0,0,,0,,false,,,,COINGLASS_FEATURE_READY
ONDO,+058064-03,ONDO,0,,,,0,,false,,,,COINGLASS_FEATURE_READY
ONDO,+058066-12,ONDO,0,0,,,0,,false,,,,COINGLASS_FEATURE_READY
ONDO,+058069-09,ONDO,0,0,,,0,,false,,,,COINGLASS_FEATURE_READY
ONDO,+058072-06,ONDO,0,0,,,0,,false,,,,COINGLASS_FEATURE_READY
ONDO,+058075-03,ONDO,0,0,,,0,,false,,,,COINGLASS_FEATURE_READY
ONDO,+058077-12,ONDO,0,0,,,0,,false,,,,COINGLASS_FEATURE_READY
ONDO,+058080-08,ONDO,0,0,,,0,,false,,,,COINGLASS_FEATURE_READY
ONDO,+058083-05,ONDO,0,0,0,,0,,false,,,,COINGLASS_FEATURE_READY
ONDO,+058086-02,ONDO,0,0,0,,0,,false,,,,COINGLASS_FEATURE_READY
ONDO,+058088-11,ONDO,0,0,0,,0,,false,,,,COINGLASS_FEATURE_READY
ONDO,+058091-08,ONDO,0,0,0,,0,,false,,,,COINGLASS_FEATURE_READY
ONDO,+058094-05,ONDO,0,0,0,,0,,false,,,,COINGLASS_FEATURE_READY
ONDO,+058097-02,ONDO,0,0,0,,0,,false,,,,COINGLASS_FEATURE_READY
ONDO,+058099-10,ONDO,0,0,0,,0,,false,,,,COINGLASS_FEATURE_READY
ONDO,+058102-07,ONDO,0,0,0,,0,,false,,,,COINGLASS_FEATURE_READY
ONDO,+058105-04,ONDO,0,0,0,,0,,false,,,,COINGLASS_FEATURE_READY
ONDO,+058108-01,ONDO,0,0,0,,0,,false,,,,COINGLASS_FEATURE_READY
ONDO,+058110-10,ONDO,0,0,0,,0,,false,,,,COINGLASS_FEATURE_READY
ONDO,+058113-07,ONDO,0,0,0,,0,,false,,,,COINGLASS_FEATURE_READY
ONDO,+058116-04,ONDO,0,0,0,,0,,false,,,,COINGLASS_FEATURE_READY
ONDO,+058118-12,ONDO,0,0,0,,0,,false,,,,COINGLASS_FEATURE_READY
ONDO,+058121-09,ONDO,0,0,0,,0,,false,,,,COINGLASS_FEATURE_READY
ONDO,+058124-06,ONDO,0,0,0,,0,,false,,,,COINGLASS_FEATURE_READY
ONDO,+058127-03,ONDO,0,0,0,,0,,false,,,,COINGLASS_FEATURE_READY
ONDO,+058129-12,ONDO,0,0,0,,0,,false,,,,COINGLASS_FEATURE_READY
ONDO,+058132-09,ONDO,0,0,0,,0,,false,,,,COINGLASS_FEATURE_READY
ONDO,+058135-06,ONDO,0,0,0,,0,,false,,,,COINGLASS_FEATURE_READY
ONDO,+058138-03,ONDO,0,0,0,,0,,false,,,,COINGLASS_FEATURE_READY
ONDO,+058140-11,ONDO,0,0,0,,0,,false,,,,COINGLASS_FEATURE_READY
ONDO,+058143-08,ONDO,0,0,0,,0,,false,,,,COINGLASS_FEATURE_READY
ONDO,+058146-05,ONDO,0,0,0,,0,,false,,,,COINGLASS_FEATURE_READY
ONDO,+058149-02,ONDO,0,0,0,,0,,false,,,,COINGLASS_FEATURE_READY
ONDO,+058151-11,ONDO,0,0,0,,0,,false,,,,COINGLASS_FEATURE_READY
ONDO,+058154-08,ONDO,0,0,0,,0,,false,,,,COINGLASS_FEATURE_READY
ONDO,+058157-04,ONDO,0,0,0,,0,,false,,,,COINGLASS_FEATURE_READY
ONDO,+058160-01,ONDO,0,0,0,,0,,false,,,,COINGLASS_FEATURE_READY
ONDO,+058162-10,ONDO,0,0,0,,0,,false,,,,COINGLASS_FEATURE_READY
ONDO,+058165-07,ONDO,0,0,0,,0,,false,,,,COINGLASS_FEATURE_READY
ONDO,+058168-04,ONDO,0,0,0,,0,,false,,,,COINGLASS_FEATURE_READY
ONDO,+058171-01,ONDO,0,0,0,,0,,false,,,,COINGLASS_FEATURE_READY
ONDO,+058173-10,ONDO,0,0,0,,0,,false,,,,COINGLASS_FEATURE_READY
ONDO,+058176-06,ONDO,0,0,0,,0,,false,,,,COINGLASS_FEATURE_READY
ONDO,+058179-03,ONDO,0,0,0,,0,,false,,,,COINGLASS_FEATURE_READY
ONDO,+058181-12,ONDO,0,0,0,,0,,false,,,,COINGLASS_FEATURE_READY
ONDO,+058184-09,ONDO,0,0,0,,0,,false,,,,COINGLASS_FEATURE_READY
ONDO,+058187-06,ONDO,0,0,0,,0,,false,,,,COINGLASS_FEATURE_READY
ONDO,+058190-03,ONDO,0,0,0,,0,,false,,,,COINGLASS_FEATURE_READY
ONDO,+058192-12,ONDO,0,0,0,,0,,false,,,,COINGLASS_FEATURE_READY
ONDO,+058195-08,ONDO,0,0,0,,0,,false,,,,COINGLASS_FEATURE_READY
ONDO,+058198-05,ONDO,0,0,0,,0,,false,,,,COINGLASS_FEATURE_READY
ONDO,+058201-02,ONDO,0,0,0,,0,,false,,,,COINGLASS_FEATURE_READY
ONDO,+058203-11,ONDO,0,0,0,,0,,false,,,,COINGLASS_FEATURE_READY
ONDO,+058206-08,ONDO,0,0,0,,0,,false,,,,COINGLASS_FEATURE_READY
ONDO,+058209-05,ONDO,0,0,0,,0,,false,,,,COINGLASS_FEATURE_READY
ONDO,+058212-02,ONDO,0,0,0,,0,,false,,,,COINGLASS_FEATURE_READY
ONDO,+058214-10,ONDO,0,0,0,,0,,false,,,,COINGLASS_FEATURE_READY
ONDO,+058217-07,ONDO,0,0,0,,0,,false,,,,COINGLASS_FEATURE_READY
ONDO,+058220-04,ONDO,0,0,0,,0,,false,,,,COINGLASS_FEATURE_READY
ONDO,+058223-01,ONDO,0,0,0,,0,,false,,,,COINGLASS_FEATURE_READY
ONDO,+058225-10,ONDO,0,0,0,,0,,false,,,,COINGLASS_FEATURE_READY
ONDO,+058228-07,ONDO,0,0,0,,0,,false,,,,COINGLASS_FEATURE_READY
ONDO,+058231-04,ONDO,0,0,0,,0,,false,,,,COINGLASS_FEATURE_READY
ONDO,+058233-12,ONDO,0,0,0,,0,,false,,,,COINGLASS_FEATURE_READY
ONDO,+058236-09,ONDO,0,0,0,,0,,false,,,,COINGLASS_FEATURE_READY
ONDO,+058239-06,ONDO,0,0,0,,0,,false,,,,COINGLASS_FEATURE_READY
ONDO,+058242-03,ONDO,0,0,0,,0,,false,,,,COINGLASS_FEATURE_READY
ONDO,+058244-12,ONDO,0,0,0,,0,,false,,,,COINGLASS_FEATURE_READY
ONDO,+058247-09,ONDO,0,0,0,,0,,false,,,,COINGLASS_FEATURE_READY
ONDO,+058250-06,ONDO,0,0,0,,0,,false,,,,COINGLASS_FEATURE_READY
ONDO,+058253-02,ONDO,0,0,0,,0,,false,,,,COINGLASS_FEATURE_READY
ONDO,+058255-11,ONDO,0,0,0,,0,,false,,,,COINGLASS_FEATURE_READY
ONDO,+058258-08,ONDO,0,0,0,,0,,false,,,,COINGLASS_FEATURE_READY
ONDO,+058261-05,ONDO,0,0,0,,0,,false,,,,COINGLASS_FEATURE_READY
ONDO,+058264-02,ONDO,0,0,0,,0,,false,,,,COINGLASS_FEATURE_READY
ONDO,+058266-11,ONDO,0,0,0,,0,,false,,,,COINGLASS_FEATURE_READY
ONDO,+058269-08,ONDO,0,0,0,,0,,false,,,,COINGLASS_FEATURE_READY
ONDO,+058272-04,ONDO,0,0,0,,0,,false,,,,COINGLASS_FEATURE_READY
ONDO,+058275-01,ONDO,0,0,0,,0,,false,,,,COINGLASS_FEATURE_READY
ONDO,+058277-10,ONDO,0,0,0,,0,,false,,,,COINGLASS_FEATURE_READY
ONDO,+058280-07,ONDO,0,0,0,,0,,false,,,,COINGLASS_FEATURE_READY
ONDO,+058283-04,ONDO,0,0,0,,0,,false,,,,COINGLASS_FEATURE_READY
ONDO,+058286-01,ONDO,0,0,0,,0,,false,,,,COINGLASS_FEATURE_READY
ONDO,+058288-09,ONDO,0,0,0,,0,,false,,,,COINGLASS_FEATURE_READY
ONDO,+058291-06,ONDO,0,0,0,,0,,false,,,,COINGLASS_FEATURE_READY
ONDO,+058294-03,ONDO,0,0,0,,0,,false,,,,COINGLASS_FEATURE_READY
ONDO,+058296-12,ONDO,0,0,0,,0,,false,,,,COINGLASS_FEATURE_READY
ONDO,+058299-09,ONDO,0,0,0,,0,,false,,,,COINGLASS_FEATURE_READY
ONDO,+058302-06,ONDO,0,0,0,,0,,false,,,,COINGLASS_FEATURE_READY
ONDO,+058305-03,ONDO,0,0,0,,0,,false,,,,COINGLASS_FEATURE_READY
ONDO,+058307-12,ONDO,0,0,0,,0,,false,,,,COINGLASS_FEATURE_READY