token,chain,contract,eventId,eventDate,window,date,label,return_1d,return_3d,return_7d,return_14d,return_30d,relative_return_vs_btc_7d,relative_return_vs_eth_7d,distance_to_30d_high,distance_to_60d_high,volatility_7d,volatility_30d,volatility_compression_score,atr_14,volume_1d,volume_7d_avg,volume_30d_avg,volume_zscore_7d,volume_zscore_30d,rsi_14,data_quality_score
PEPE,Ethereum,0x6982508145454ce325ddbe47a25d4ec3d2311933,event_2026-01-01,2026-01-01,T-30,2025-12-02,pre_breakout,0.05636649449809113,0.023276049597563627,0.0525844707988365,0.004698846646732157,-0.18091589761448715,-0.009680808336447744,-0.0016201534509782123,-0.2322506936510527,-0.542501458860144,0.1903359719420764,0.3029112100330644,0.37164434448860384,4.167416573487894e-7,4117575274873,3015239237114,3947857900553.9033,-0.5825851223556451,0.10601848446703438,44.98611360233418,0.4
PEPE,Ethereum,0x6982508145454ce325ddbe47a25d4ec3d2311933,event_2026-01-01,2026-01-01,T-14,2025-12-18,pre_breakout,0.005529027393817531,-0.021760391198043884,-0.07255447380621219,-0.11541012602255128,-0.1454506621102093,-0.050501225802512,-0.03782234781067959,-0.1864579097193981,-0.4540120087336244,0.055398172635576066,0.2967693791295921,0.8133292161136847,3.651758181325863e-7,5106342029564,3171221869311,3576235861833.645,-0.2845110175884574,1.0748568465199337,36.95787866338376,0.4
PEPE,Ethereum,0x6982508145454ce325ddbe47a25d4ec3d2311933,event_2026-01-01,2026-01-01,T-7,2025-12-25,pre_breakout,-0.006237524950099951,0.0147770700636943,-0.004498875281179831,-0.07672693555864625,-0.1087491608861043,0.004811260590640599,0.009385188067389194,-0.19011793411956088,-0.4475728155339806,0.04865806471861123,0.253426753358525,0.8079994946319884,2.940121793226937e-7,2276226723854,2532238769972.875,2987871298515.6772,-0.4824986850332184,-0.7536063603348004,39.216490033224304,0.4
PEPE,Ethereum,0x6982508145454ce325ddbe47a25d4ec3d2311933,event_2026-01-01,2026-01-01,T-3,2025-12-29,pre_breakout,0.018794239687576344,0.02178702570379445,0.06343949044586,0.02053789731051354,-0.09201653252120949,0.04559854145969836,0.04261277324051238,-0.15128100854005694,-0.37589712918660284,0.04773978763993775,0.24942691476718398,0.8086021002003804,2.6896321464065645e-7,2185453203844,1913353718385.375,2860236233606.4194,-0.9186402251803134,-0.6546565433876398,46.941303001319625,0.4
PEPE,Ethereum,0x6982508145454ce325ddbe47a25d4ec3d2311933,event_2026-01-01,2026-01-01,T+0,2026-01-01,breakout,0.3033575956797369,0.3298993770963104,0.39367311072056244,0.3874031492126967,0.18005952380952372,0.3675998255095777,0.33793302814519605,0,-0.09401011914476907,0.2424965106221276,0.3188975595018971,0.23957865654131782,3.640594688649862e-7,15402733610142,3572803548881.25,3191157203198.161,0.15562084283851696,4.9794157191107535,73.61059594357955,0.4
PEPE,Ethereum,0x6982508145454ce325ddbe47a25d4ec3d2311933,event_2026-01-01,2026-01-01,T+3,2026-01-04,post_breakout,-0.027785734746491,0.2228427310394524,0.6568220649255553,0.6756356455196249,0.5395781356316627,0.5853129307010947,0.5682293027716419,-0.027785734746491,-0.027785734746491,0.2519178355969889,0.3380498572171452,0.25479088300525354,4.6533004850450967e-7,10154766783377,7347262610302.75,4008275605208.4517,0.9390116451987677,1.7285562311581266,78.96918281338077,0.4
PEPE,Ethereum,0x6982508145454ce325ddbe47a25d4ec3d2311933,event_2026-01-01,2026-01-01,T+7,2026-01-08,post_breakout,-0.013650232856913446,-0.08053892215568871,0.10646730318861465,0.5420537283454683,0.3098741735977819,0.0866386467593163,0.09799124416724958,-0.12030936694356924,-0.12030936694356924,0.17264048915067112,0.3372612502019776,0.4881105106285383,5.019854361551775e-7,4891521395519,9660788840477.875,4445486734487.613,1.4280225682654364,0.12213052077076234,65.06942828229177,0.4
PEPE,Ethereum,0x6982508145454ce325ddbe47a25d4ec3d2311933,event_2026-01-01,2026-01-01,T+14,2026-01-15,post_breakout,-0.032046979865771735,-0.04185351270553055,-0.060729404102898024,0.03927220320662949,0.43080357142857156,-0.09807590935218007,-0.10956795831976557,-0.1737324548839874,-0.1737324548839874,0.10931721401698807,0.3414991146239772,0.6798901978491023,4.926190579466515e-7,2745081058876,4712024393220.625,4786550921757.839,-0.019966431419387715,-0.5469309897028635,53.9923706160016,0.4
PEPE,Ethereum,0x6982508145454ce325ddbe47a25d4ec3d2311933,event_2026-01-01,2026-01-01,T+30,2026-01-31,post_breakout,-0.013908533710514055,-0.10638752403332626,-0.14510525240138988,-0.2652380115931847,-0.24644208250765634,-0.022386751359630058,0.06367863526324394,-0.40088799770839306,-0.40088799770839306,0.08765802904734205,0.25981082429662666,0.6626082485798872,4.266653903547833e-7,5333559591916,3026593915778.125,5183726363991.6455,-0.6077168365036019,0.042211675668187246,30.53132393779113,0.4
WIF,Solana,EKpQGSJtjMFqKZ9KQanSqYXRcF8fBopzLHYxdM65zcjm,event_2026-01-04,2026-01-04,T-30,2025-12-05,pre_breakout,-0.009798728813559272,-0.044467160746230444,-0.0047910566941707965,0.15401234567901234,-0.1087008343265792,0.009611367867695127,-0.016159189347876527,-0.2360032693093584,-0.5007344104686874,0.21044322175247804,0.3564578433075486,0.40962662007998085,0.04214521089603963,8577959.196,10316381.33825,13730855.800903223,-0.4281484863496507,-0.6461330743095479,44.38827306370758,0.4
WIF,Solana,EKpQGSJtjMFqKZ9KQanSqYXRcF8fBopzLHYxdM65zcjm,event_2026-01-04,2026-01-04,T-14,2025-12-21,pre_breakout,0.011890606420927478,-0.034052213393870635,-0.09202453987730069,-0.12985685071574646,0.05061728395061719,-0.12294032967750267,-0.10576698037266608,-0.1665034280117532,-0.3919256877456234,0.054920895809890166,0.2682471580070861,0.7952601018481644,0.033935903514541066,6695172.4,10601203.521499999,11316835.986903224,-0.13471224542693686,-0.869992222961603,38.25486091151965,0.4
WIF,Solana,EKpQGSJtjMFqKZ9KQanSqYXRcF8fBopzLHYxdM65zcjm,event_2026-01-04,2026-01-04,T-7,2025-12-28,pre_breakout,-0.07206068268015166,-0.061381074168797935,-0.13748531139835474,-0.21685782875433443,-0.21852541921746063,-0.1146711909823247,-0.09921819176815122,-0.2810969637610185,-0.45090705068262565,0.08737974496209168,0.26237191070711396,0.6669622722699391,0.027750749589848946,13181628.695,7065829.675,10000926.670548385,-0.5808286976311335,0.6294316737119519,29.746048809354946,0.4
WIF,Solana,EKpQGSJtjMFqKZ9KQanSqYXRcF8fBopzLHYxdM65zcjm,event_2026-01-04,2026-01-04,T-3,2026-01-01,pre_breakout,0.11313347608850823,0.10407079646017714,-0.002877237851662442,-0.11492622020431323,-0.20291336570406332,-0.028950523062647192,-0.05861732042702881,-0.23628795298726732,-0.36268900694728234,0.14295448114391568,0.21843279795103088,0.3455447969129445,0.0266976509536567,18295301.44,9536635.598625,10734962.055225803,-0.23671654579142093,1.4934640008292603,42.49704973134893,0.4
WIF,Solana,EKpQGSJtjMFqKZ9KQanSqYXRcF8fBopzLHYxdM65zcjm,event_2026-01-04,2026-01-04,T+0,2026-01-04,breakout,0.0017543859649122265,0.2815004809233728,0.361376021798365,0.1742068155111634,0.0690024070607114,0.2898668875739044,0.2727832596444516,-0.017694765298599126,-0.18328565590519003,0.21274898856365573,0.2920366048496827,0.2714988976359246,0.03228376062142266,23856562.254,18212905.516250003,11890233.893935483,0.8572666760717612,1.6224683410429155,63.79983093192296,0.4
WIF,Solana,EKpQGSJtjMFqKZ9KQanSqYXRcF8fBopzLHYxdM65zcjm,event_2026-01-04,2026-01-04,T+3,2026-01-07,post_breakout,-0.009579026972523242,-0.01701275956967719,0.40221270521056396,0.22934918648310398,-0.03440648808060938,0.37090093930193774,0.3639326807274027,-0.09470046082949302,-0.19718022067838165,0.23278647932446267,0.3106697417323282,0.25069471514535013,0.03718969463748745,14177075.495,24739727.417125005,13784835.495354837,1.1149067845177272,0.039919247025575276,58.10228444698558,0.4
WIF,Solana,EKpQGSJtjMFqKZ9KQanSqYXRcF8fBopzLHYxdM65zcjm,event_2026-01-04,2026-01-04,T+7,2026-01-11,post_breakout,-0.001581027667984162,-0.016865594187856787,-0.052039029271953925,0.2905313351498637,-0.04798994974874373,-0.02766407517056072,-0.0316432548708724,-0.12695852534562208,-0.18516129032258066,0.1226256031009782,0.3019305805239603,0.5938615992849158,0.03314704207989585,10353270.599,18189818.105750002,13018173.834967742,0.5287552262063601,-0.27246296140531867,54.52020520246465,0.4
WIF,Solana,EKpQGSJtjMFqKZ9KQanSqYXRcF8fBopzLHYxdM65zcjm,event_2026-01-04,2026-01-04,T+14,2026-01-18,post_breakout,-0.082529474812433,-0.08105206655931295,-0.09633148588017955,-0.143357518138604,-0.016657093624353896,-0.11156162893072458,-0.12360438738724856,-0.21105990783410142,-0.21105990783410142,0.14083640864688693,0.3281503940223264,0.5708174934042443,0.03473975562893782,22061980.006,11698066.397625,13110203.619096776,-0.13891342208379642,0.8805956480189716,43.68315241004629,0.4
WIF,Solana,EKpQGSJtjMFqKZ9KQanSqYXRcF8fBopzLHYxdM65zcjm,event_2026-01-04,2026-01-04,T+30,2026-02-03,post_breakout,-0.05117352828010775,-0.006846556584776397,-0.22550251256281406,-0.2833478639930253,-0.3830372779584688,-0.05406404272860443,0.05904481890206259,-0.43179723502304146,-0.43179723502304146,0.13279842373781217,0.24607967627657315,0.46034379698810335,0.02750207786602758,11600915.775,11865409.13975,12241260.07787097,-0.042819423502996334,-0.07295225609770316,28.301155023717186,0.4
BONK,Solana,DezXAZ8z7PnrnRJjz3wXBoRgixCa6xjnB7YaB1pPB263,event_2025-07-14,2025-07-14,T+30,2025-08-13,post_breakout,-0.06999041227229148,-0.07766621025406963,-0.05535429083401499,-0.13048155186632723,-0.15669773264709974,-0.06853252562407493,-0.2591960339532809,-0.33547078811794373,-0.33547078811794373,0.0955619609501204,0.3420830224789224,0.7206468761366007,0.000003144124803412947,678115456170,458480397528.875,592017382833.7742,-0.419331859747607,0.2703645370631328,43.2741797062146,0.4
BONK,Solana,DezXAZ8z7PnrnRJjz3wXBoRgixCa6xjnB7YaB1pPB263,event_2025-09-12,2025-09-12,T-30,2025-08-13,pre_breakout,-0.06999041227229148,-0.07766621025406963,-0.05535429083401499,-0.13048155186632723,-0.15669773264709974,-0.06853252562407493,-0.2591960339532809,-0.33547078811794373,-0.33547078811794373,0.0955619609501204,0.3420830224789224,0.7206468761366007,0.000003144124803412947,678115456170,458480397528.875,592017382833.7742,-0.419331859747607,0.2703645370631328,43.2741797062146,0.4
BONK,Solana,DezXAZ8z7PnrnRJjz3wXBoRgixCa6xjnB7YaB1pPB263,event_2025-09-12,2025-09-12,T-14,2025-08-29,pre_breakout,0.10887438337734816,0.03670921457188111,-0.025486074619022546,-0.07510078550351183,-0.20205098784466993,0.026313579271917444,0.05314548283480871,-0.20205098784466993,-0.39016770799079253,0.14259269302752398,0.2502207598275044,0.4301324433439351,0.000002203525574617368,746463596993,266634618863.375,334766875035.0968,-0.4349369574787173,2.6281548522482563,46.240198413328685,0.4
BONK,Solana,DezXAZ8z7PnrnRJjz3wXBoRgixCa6xjnB7YaB1pPB263,event_2025-09-12,2025-09-12,T-7,2025-09-05,pre_breakout,-0.004102461476886143,-0.03570217507145279,-0.10550912195560357,-0.12830618321947806,-0.22457247477698572,-0.11940070259593534,-0.0810812643280667,-0.2662194043055146,-0.45451057766085723,0.12704242647521052,0.2540254605847196,0.4998830976124111,0.0000018265001363374902,93621447748,308000315485.625,303709629651.9677,0.027211574621939214,-1.3323814561819025,41.06441645210011,0.4
BONK,Solana,DezXAZ8z7PnrnRJjz3wXBoRgixCa6xjnB7YaB1pPB263,event_2025-09-12,2025-09-12,T-3,2025-09-09,pre_breakout,0.0328559393428813,0.13634811454217274,0.12842125660030046,0.08515792415913538,-0.11402708048075451,0.11385464147137436,0.14512531374634655,-0.11402708048075451,-0.36166831086265483,0.13980117761935823,0.28127778744749704,0.5029782518982117,0.0000017945221364518704,194463720747,216105906076,285460597938.5484,-0.4464320670515277,-0.5857415394529916,54.65379426694313,0.4
BONK,Solana,DezXAZ8z7PnrnRJjz3wXBoRgixCa6xjnB7YaB1pPB263,event_2025-09-12,2025-09-12,T+0,2025-09-12,breakout,0.05252268024828907,0.1355713917747059,0.3288455741987341,0.18864024445043584,0.09080412371134022,0.2799399800053676,0.2387997901915211,0,-0.27512879535240603,0.10775274928527147,0.2828360796844006,0.6190275674676791,0.0000018385561712043583,547165686486,304613927624.25,282856798980.5161,0.13832656815838854,1.6804120590115101,64.62210751316428,0.4
BONK,Solana,DezXAZ8z7PnrnRJjz3wXBoRgixCa6xjnB7YaB1pPB263,event_2025-09-12,2025-09-12,T+3,2025-09-15,post_breakout,0.042410125692186065,-0.10331921971873578,0.051700438965991316,0.1909519983932517,-0.033573727743144585,0.006151556897909714,0.00914114018977246,-0.10331921971873578,-0.3500219226131755,0.14606292812044513,0.2973703709103054,0.5088181526850855,0.0000018718392522361423,163874246334,319868187955.875,263164224603.1613,0.4112502894319697,-0.7201089639342183,52.88106228138972,0.4
BONK,Solana,DezXAZ8z7PnrnRJjz3wXBoRgixCa6xjnB7YaB1pPB263,event_2025-09-12,2025-09-12,T+7,2025-09-19,post_breakout,-0.021060549078600863,-0.005349636988918544,-0.11435808256464536,0.17688134230885172,0.1036935833411854,-0.11614937226732058,-0.08073077165381608,-0.11435808256464536,-0.35802367642222954,0.1490570634012097,0.30146258956413835,0.5055536953466768,0.0000018439636319011987,124857918418,262394495145.875,263800624218.7097,-0.010094852388818102,-0.9974945633785673,50.77833308516067,0.4
BONK,Solana,DezXAZ8z7PnrnRJjz3wXBoRgixCa6xjnB7YaB1pPB263,event_2025-09-12,2025-09-12,T+14,2025-09-26,post_breakout,0.009980247426967329,-0.053948777875158255,-0.17061510223246693,-0.2654619688492364,-0.09175898658439682,-0.11373256332175152,-0.06404844972014492,-0.2654619688492364,-0.3632222331465278,0.10111227262668575,0.30834243642798753,0.6720779864165722,0.0000016478588570847063,141810107185,202565556171.125,265997518254.96774,-0.4475958572054373,-0.8763053969308782,39.13226469390758,0.4
BONK,Solana,DezXAZ8z7PnrnRJjz3wXBoRgixCa6xjnB7YaB1pPB263,event_2025-09-12,2025-09-12,T+30,2025-10-12,post_breakout,0.08027934818756251,-0.09801743766313087,-0.24300894854586122,-0.1557334442249714,-0.3859821563586874,-0.15770721206308286,-0.12802335036738116,-0.3859821563586874,-0.3859821563586874,0.23350682025789246,0.3415016247841261,0.31623511189588205,0.0000024346573085797202,386769001664,564004115893.875,326168203397.2258,0.6901652919785208,0.17585471929311305,37.56592837583,0.4
BONK,Solana,DezXAZ8z7PnrnRJjz3wXBoRgixCa6xjnB7YaB1pPB263,event_2026-01-03,2026-01-03,T-30,2025-12-04,pre_breakout,-0.062317527433806544,-0.04157233998765194,-0.08326771653543308,0.04381934327020043,-0.23749488334015564,-0.06269408902192822,-0.09390961392294651,-0.2959939531368104,-0.5659023117076809,0.15415316626669442,0.26567514399702685,0.41976820282284466,8.58411942954968e-7,304894343453,295125355257.25,340127468885.80646,-0.2580370283516031,-0.20202275522569263,39.470617133885284,0.4
BONK,Solana,DezXAZ8z7PnrnRJjz3wXBoRgixCa6xjnB7YaB1pPB263,event_2026-01-03,2026-01-03,T-14,2025-12-20,pre_breakout,-0.03843829324308002,-0.043180178012990275,-0.12235216240070618,-0.14737406216505908,-0.10848369382494694,-0.11160719201508472,-0.08672309374909944,-0.21702755905511814,-0.4787708033023196,0.055854045865130854,0.22644674624517172,0.753345778681853,7.482645303744978e-7,145679975570,334207883406.625,354961681064.6129,-0.11928400384198905,-1.2028622507393998,32.91209841224321,0.4
BONK,Solana,DezXAZ8z7PnrnRJjz3wXBoRgixCa6xjnB7YaB1pPB263,event_2026-01-03,2026-01-03,T-7,2025-12-27,pre_breakout,0.017446270543615593,0.014240705734089533,0.01169076052796991,-0.1120917917034422,-0.20787401574803147,0.014323860375706668,0.020232913244582852,-0.20787401574803147,-0.4459589701225389,0.057830223414778156,0.20281927141284886,0.7148682025532879,5.891792467851289e-7,116195134865,168110231566.25,289231505842.3871,-0.9618367807975992,-1.3741000250901352,38.154876136226896,0.4
BONK,Solana,DezXAZ8z7PnrnRJjz3wXBoRgixCa6xjnB7YaB1pPB263,event_2026-01-03,2026-01-03,T-3,2025-12-31,pre_breakout,0.020114942528735708,-0.005095541401273837,-0.015752993068683007,-0.06062063988453218,-0.1963366947931674,-0.011983490618110274,-0.025486224183951942,-0.21483864481753293,-0.4326189611333091,0.04262182816871401,0.14954307598728148,0.7149862814622125,5.266257149997417e-7,203343706393,171720910172.75,281965836755.35486,-0.8933225764778953,-0.6370807822240585,37.01348864285055,0.4
BONK,Solana,DezXAZ8z7PnrnRJjz3wXBoRgixCa6xjnB7YaB1pPB263,event_2026-01-03,2026-01-03,T+0,2026-01-03,breakout,0.3222660530352837,0.5450704225352113,0.49937872763419483,0.5169076052796985,0.295576551427958,0.45960491366503303,0.43619656267700224,0,-0.08790627362055937,0.26782623256658866,0.33322138211010827,0.1962513603701178,8.16099378955697e-7,1605688015693,437132464365,331965572985.9355,0.39333761766420217,4.763884760784697,77.35236818357777,0.4
BONK,Solana,DezXAZ8z7PnrnRJjz3wXBoRgixCa6xjnB7YaB1pPB263,event_2026-01-03,2026-01-03,T+3,2026-01-06,post_breakout,-0.03202341137123756,-0.040606613076986854,0.5121473354231976,0.464145693689136,0.21390374331550793,0.47346406747163694,0.45225383954269655,-0.040606613076986854,-0.12494331065759644,0.26738188426872295,0.3350523344307466,0.20196979160582673,9.037862010078959e-7,678800104424,812578615246.125,419944333245,1.024404146961758,0.6753687531034076,69.83470256607667,0.4
BONK,Solana,DezXAZ8z7PnrnRJjz3wXBoRgixCa6xjnB7YaB1pPB263,event_2026-01-03,2026-01-03,T+7,2026-01-10,post_breakout,-0.017338331771321377,-0.06675567423230971,-0.13110135079141455,0.30280815109343945,0.1595885865958858,-0.12608782335497057,-0.12552345317087096,-0.13110135079141455,-0.15972110915210766,0.039019957568776756,0.3310337751816301,0.8821269595606447,8.777651417895282e-7,232927768233,844094077403.625,425760901959.4194,1.0934850719321976,-0.5040483649900432,57.20128007648467,0.4
BONK,Solana,DezXAZ8z7PnrnRJjz3wXBoRgixCa6xjnB7YaB1pPB263,event_2026-01-03,2026-01-03,T+14,2026-01-17,post_breakout,-0.03527866391443042,-0.03246447727486584,-0.019360991893180694,-0.14792409049473762,0.2679738562091505,-0.06600638391518888,-0.08860508284600463,-0.14792409049473762,-0.14792409049473762,0.10008588047798597,0.3361642714468391,0.7022709163968559,8.856729104137136e-7,150028480999,383749325994.875,435623928949.0645,-0.13449748750802767,-0.7404754543747526,51.718119678260436,0.4
BONK,Solana,DezXAZ8z7PnrnRJjz3wXBoRgixCa6xjnB7YaB1pPB263,event_2026-01-03,2026-01-03,T+30,2026-02-02,post_breakout,0.0024660912453761483,-0.004218835057158324,-0.15760994704121564,-0.19434045364457167,-0.3936355349299743,-0.045105133827965715,0.05830780895006968,-0.3936355349299743,-0.3936355349299743,0.11166425597818273,0.19954438521811035,0.44040391887685026,7.231093028037192e-7,305110908362,279284994907,446650390620.871,-0.444450596260963,-0.37586806410071744,30.827508877592948,0.4